Time,Vehicle_Count,Queue_Length,Average_Speed,Average_Waiting_Time
1,1,0,13.89,0.0
2,3,0,13.48,0.0
3,5,0,12.18,0.0
4,8,0,10.67,0.0
5,9,0,9.77,0.0
6,12,0,7.76,0.0
7,13,1,7.64,0.08
8,16,1,6.0,0.12
9,16,3,5.49,0.31
10,19,3,5.46,0.42
11,19,5,5.2,0.68
12,19,7,4.51,1.05
13,19,7,4.66,1.42
14,19,8,4.5,1.84
15,19,9,4.69,2.32
16,18,10,3.99,3.0
17,18,10,4.35,3.56
18,20,10,5.06,3.7
19,20,10,5.26,4.2
20,21,10,5.39,4.48
21,20,10,5.26,5.2
22,19,10,4.95,6.0
23,20,10,5.01,6.2
24,20,10,5.04,6.7
25,21,10,5.26,6.86
26,22,10,5.74,7.0
27,19,10,5.03,8.63
28,20,10,5.48,8.7
29,19,10,5.51,9.68
30,20,10,5.48,9.7
31,20,10,5.57,10.2
32,21,10,5.66,10.19
33,19,10,5.24,11.79
34,20,10,5.23,11.7
35,20,10,5.08,12.2
36,20,10,5.11,12.7
37,20,10,5.23,13.2
38,19,10,5.03,14.42
39,20,10,4.91,14.2
40,21,10,5.19,14.0
41,21,10,4.86,14.48
42,22,10,5.27,14.27
43,21,10,4.76,15.43
44,21,10,4.05,15.9
45,21,11,3.19,16.43
46,20,9,2.0,13.9
47,21,8,1.98,10.1
48,20,8,1.65,7.35
49,20,7,2.05,4.1
50,22,6,2.47,0.86
51,22,7,3.15,1.18
52,21,9,3.25,1.67
53,23,10,3.79,1.96
54,21,12,3.42,2.71
55,21,12,4.08,3.29
56,21,12,3.82,3.86
57,21,12,4.21,4.43
58,22,12,4.62,4.77
59,22,12,4.96,5.32
60,22,12,5.19,5.86
61,21,12,4.51,6.71
62,21,12,4.08,7.29
63,20,12,3.74,8.25
64,21,12,3.95,8.43
65,20,12,3.43,9.45
66,21,12,4.2,9.57
67,21,12,3.94,10.14
68,21,12,3.88,10.71
69,20,12,3.61,11.85
70,22,12,4.32,11.32
71,21,12,4.16,12.43
72,21,12,4.39,13.0
73,21,12,4.18,13.57
74,21,12,4.37,14.14
75,22,12,4.58,14.05
76,21,12,4.25,15.29
77,22,12,4.44,15.14
78,21,12,4.08,16.43
79,20,12,3.92,17.85
80,22,12,4.5,16.77
81,20,12,3.85,19.05
82,21,12,4.42,18.71
83,20,12,3.7,20.25
84,21,12,4.39,19.86
85,21,12,4.08,20.43
86,21,12,4.12,21.0
87,20,12,3.83,22.65
88,22,12,4.09,21.14
89,20,12,3.24,23.85
90,22,13,2.94,22.27
91,20,11,1.91,20.55
92,21,10,1.86,15.86
93,22,8,1.99,11.55
94,21,7,1.91,8.38
95,22,6,2.31,4.41
96,22,6,3.0,0.86
97,21,7,3.32,1.24
98,21,9,4.05,1.67
99,20,10,4.14,2.25
100,20,10,4.56,2.75
101,20,10,4.61,3.25
102,19,10,4.66,3.95
103,20,10,4.98,4.25
104,20,10,5.22,4.75
105,19,10,4.86,5.53
106,20,10,5.02,5.75
107,19,10,5.03,6.58
108,20,10,5.48,6.75
109,20,10,5.45,7.25
110,20,10,5.36,7.75
111,20,10,5.33,8.25
112,20,10,5.48,8.75
113,21,10,5.42,8.81
114,20,10,5.33,9.75
115,20,10,5.16,10.25
116,19,10,4.81,11.32
117,20,10,4.98,11.25
118,20,10,4.43,11.75
119,20,10,4.87,12.25
120,20,10,4.76,12.75
121,20,10,4.72,13.25
122,19,10,4.57,14.47
123,20,10,4.94,14.25
124,20,10,5.06,14.75
125,20,10,4.71,15.25
126,20,10,4.92,15.75
127,19,10,4.43,17.11
128,20,10,4.56,16.75
129,21,10,5.15,16.43
130,19,10,4.63,18.68
131,21,10,5.21,17.38
132,20,10,4.87,18.75
133,21,10,4.91,18.33
134,20,10,4.59,19.75
135,21,10,3.89,19.29
136,20,8,3.55,16.25
137,21,7,2.95,11.71
138,19,6,2.09,8.84
139,20,5,2.32,4.45
140,20,5,2.85,0.55
141,21,5,3.3,0.76
142,20,6,2.77,1.1
143,21,7,3.38,1.38
144,21,9,3.49,1.81
145,21,10,3.92,2.29
146,21,12,3.72,2.86
147,21,12,4.08,3.43
148,21,12,3.98,4.0
149,21,12,4.02,4.57
150,20,12,3.82,5.4
151,22,12,4.43,5.45
152,21,12,4.05,6.29
153,22,12,4.32,6.55
154,21,12,4.06,7.43
155,21,12,4.23,8.0
156,22,12,4.62,8.18
157,21,12,4.21,9.14
158,21,12,4.05,9.71
159,20,12,3.86,10.8
160,19,12,3.5,12.0
161,21,12,4.12,11.43
162,21,12,4.56,12.0
163,21,12,4.21,12.57
164,20,12,3.91,13.8
165,20,12,4.06,14.4
166,21,12,4.6,14.29
167,21,12,4.84,14.86
168,20,12,4.24,16.2
169,20,12,4.36,16.8
170,20,12,4.04,17.4
171,21,12,4.64,17.14
172,21,12,4.45,17.71
173,21,12,4.48,18.29
174,20,12,4.14,19.8
175,21,12,4.42,19.43
176,20,12,4.41,21.0
177,21,12,4.46,20.57
178,21,12,4.03,21.14
179,22,12,3.69,20.73
180,22,12,2.7,21.27
181,22,11,2.1,17.82
182,21,10,1.47,15.1
183,22,9,1.91,11.0
184,23,8,2.21,7.35
185,23,6,2.8,4.13
186,23,6,3.36,0.87
187,21,7,3.32,1.29
188,21,8,4.09,1.67
189,20,9,3.59,2.2
190,20,9,4.11,2.65
191,21,10,4.77,3.0
192,20,10,4.46,3.65
193,20,10,4.63,4.15
194,20,10,5.19,4.65
195,20,10,5.14,5.15
196,20,10,5.32,5.65
197,19,10,4.66,6.47
198,20,10,4.88,6.65
199,20,10,5.03,7.15
200,20,10,4.85,7.65
201,20,10,4.8,8.15
202,21,10,4.94,8.24
203,20,10,4.68,9.15
204,20,10,4.75,9.65
205,20,10,4.54,10.15
206,20,10,4.8,10.65
207,20,10,5.0,11.15
208,20,10,4.82,11.65
209,21,10,5.25,11.57
210,21,10,5.0,12.05
211,21,10,5.17,12.52
212,20,10,5.0,13.65
213,21,10,5.11,13.48
214,20,10,4.86,14.65
215,20,10,4.52,15.15
216,20,10,4.8,15.65
217,20,10,5.01,16.15
218,20,10,4.8,16.65
219,20,10,5.01,17.15
220,20,10,5.32,17.65
221,20,10,5.08,18.15
222,20,10,5.18,18.65
223,20,10,4.65,19.15
224,19,10,3.94,20.68
225,20,11,3.2,20.2
226,19,9,2.15,17.05
227,20,8,2.24,12.25
228,19,7,1.71,8.84
229,21,6,1.96,4.33
230,21,5,2.4,0.76
231,21,7,2.91,1.1
232,22,8,3.33,1.41
233,23,9,3.52,1.74
234,21,10,3.03,2.38
235,21,11,3.49,2.9
236,23,11,4.39,3.13
237,21,12,3.96,4.0
238,23,12,4.58,4.17
239,22,12,4.32,4.91
240,21,12,4.01,5.71
241,22,12,4.36,6.0
242,21,12,4.2,6.86
243,22,12,4.45,7.09
244,21,12,4.01,8.0
245,20,12,3.67,9.0
246,22,12,4.3,8.73
247,21,12,4.09,9.71
248,22,12,4.26,9.82
249,21,12,4.09,10.86
250,21,12,4.2,11.43
251,22,12,4.35,11.45
252,21,12,4.07,12.57
253,22,12,4.55,12.55
254,21,12,4.13,13.71
255,21,12,3.95,14.29
256,21,12,3.91,14.86
257,21,12,3.98,15.43
258,22,12,3.88,15.27
259,21,12,3.82,16.57
260,21,12,3.95,17.14
261,21,12,3.65,17.71
262,21,12,4.09,18.29
263,20,12,4.1,19.8
264,22,12,4.76,18.55
265,21,12,4.32,20.0
266,22,12,4.56,19.64
267,20,12,3.93,22.2
268,20,12,3.87,22.8
269,22,12,3.94,21.27
270,21,12,3.08,22.86
271,22,10,2.26,18.27
272,21,9,1.87,15.43
273,21,8,1.99,11.67
274,23,6,2.19,7.26
275,22,6,2.24,4.09
276,22,5,2.92,0.64
277,21,6,3.21,0.9
278,21,8,3.78,1.24
279,20,9,3.85,1.75
280,21,10,4.16,2.14
281,20,10,4.37,2.75
282,20,10,4.83,3.25
283,21,10,5.18,3.57
284,19,10,4.7,4.47
285,19,10,4.75,5.0
286,20,10,4.98,5.25
287,20,10,5.27,5.75
288,20,10,5.02,6.25
289,20,10,5.18,6.75
290,19,10,4.93,7.63
291,20,10,4.9,7.75
292,20,10,5.07,8.25
293,21,10,5.16,8.33
294,21,10,5.17,8.81
295,19,10,4.79,10.26
296,20,10,5.42,10.25
297,20,10,5.29,10.75
298,20,10,5.19,11.25
299,21,10,5.4,11.19
300,21,10,5.07,11.67
301,21,10,5.09,12.14
302,19,10,4.42,13.95
303,21,10,4.94,13.1
304,20,10,4.91,14.25
305,20,10,5.15,14.75
306,20,10,5.1,15.25
307,19,10,5.08,16.58
308,20,10,5.33,16.25
309,19,10,5.1,17.63
310,20,10,5.14,17.25
311,20,10,4.8,17.75
312,20,10,4.83,18.25
313,20,10,4.87,18.75
314,21,10,5.15,18.33
315,20,10,3.66,19.75
316,20,8,2.85,15.8
317,20,7,2.4,11.95
318,21,7,2.58,7.86
319,20,7,2.37,4.55
320,21,6,2.67,0.71
321,20,7,2.65,1.1
322,21,7,3.26,1.38
323,22,9,3.87,1.73
324,21,9,3.44,2.24
325,22,11,4.09,2.64
326,22,11,4.1,3.14
327,21,12,4.0,3.86
328,22,12,4.12,4.23
329,21,12,3.85,5.0
330,21,12,4.05,5.57
331,22,12,4.21,5.86
332,21,12,4.03,6.71
333,21,12,3.78,7.29
334,22,12,4.15,7.5
335,20,12,3.3,8.85
336,22,12,3.75,8.59
337,21,12,3.47,9.57
338,22,12,3.41,9.68
339,22,12,3.65,10.23
340,22,12,3.75,10.77
341,22,12,3.54,11.32
342,23,12,3.86,11.35
343,22,12,3.95,12.41
344,22,12,3.96,12.95
345,22,12,4.28,13.5
346,21,12,4.0,14.71
347,22,12,4.41,14.59
348,21,12,4.21,15.86
349,21,12,3.93,16.43
350,21,12,3.66,17.0
351,22,12,3.85,16.77
352,22,12,3.89,17.32
353,21,12,3.73,18.71
354,22,12,3.94,18.41
355,22,12,4.14,18.95
356,22,12,4.17,19.5
357,21,12,3.73,21.0
358,22,12,4.35,20.59
359,22,12,3.4,21.14
360,22,12,3.12,21.68
361,22,11,2.17,18.23
362,22,10,1.75,14.73
363,22,9,1.36,11.18
364,22,8,1.84,7.73
365,22,7,2.45,4.32
366,22,6,3.25,0.95
367,21,8,3.71,1.38
368,21,8,4.45,1.76
369,19,10,4.15,2.47
370,21,10,4.92,2.71
371,19,10,4.26,3.53
372,19,10,3.99,4.05
373,20,10,4.61,4.35
374,21,10,4.9,4.62
375,20,10,4.71,5.35
376,20,10,4.86,5.85
377,21,10,5.18,6.05
378,20,10,4.82,6.85
379,19,10,4.78,7.74
380,21,10,5.42,7.48
381,20,10,5.05,8.35
382,21,10,5.22,8.43
383,20,10,4.64,9.35
384,22,10,4.94,8.95
385,20,10,4.33,10.35
386,21,10,4.87,10.33
387,20,10,4.82,11.35
388,20,10,4.71,11.85
389,20,10,5.05,12.35
390,20,10,4.89,12.85
391,20,10,4.61,13.35
392,21,10,5.08,13.19
393,21,10,4.86,13.67
394,22,10,5.25,13.5
395,21,10,4.98,14.62
396,22,10,5.29,14.41
397,20,10,5.1,16.35
398,20,10,4.91,16.85
399,20,10,5.09,17.35
400,20,10,5.06,17.85
401,20,10,4.86,18.35
402,20,10,4.9,18.85
403,20,10,4.44,19.35
404,20,10,4.36,19.85
405,21,10,3.98,19.38
406,20,9,3.06,16.35
407,21,7,2.94,11.81
408,20,6,2.55,8.45
409,21,4,2.22,4.29
410,21,4,2.66,0.48
411,21,5,3.17,0.71
412,20,6,3.25,1.05
413,21,6,4.11,1.29
414,21,9,3.59,1.71
415,21,9,4.02,2.14
416,22,10,4.09,2.5
417,21,11,4.08,3.14
418,21,12,4.23,3.71
419,21,12,3.93,4.29
420,21,12,4.18,4.86
421,22,12,4.3,5.18
422,21,12,4.02,6.0
423,20,12,3.58,6.9
424,22,12,4.18,6.82
425,20,12,3.73,8.1
426,21,12,4.28,8.29
427,21,12,3.8,8.86
428,21,12,4.07,9.43
429,21,12,4.15,10.0
430,21,12,4.03,10.57
431,20,12,3.94,11.7
432,22,12,4.38,11.18
433,21,12,4.21,12.29
434,22,12,4.28,12.27
435,21,12,4.05,13.43
436,21,12,4.17,14.0
437,22,12,4.5,13.91
438,21,12,4.32,15.14
439,20,12,3.98,16.5
440,21,12,4.11,16.29
441,20,12,3.57,17.7
442,22,12,4.24,16.64
443,21,12,3.96,18.0
444,21,12,4.32,18.57
445,21,12,3.98,19.14
446,21,12,4.05,19.71
447,20,12,3.85,21.3
448,21,12,3.8,20.86
449,20,12,3.34,22.5
450,22,12,2.88,21.0
451,21,11,2.28,18.43
452,21,10,1.91,14.86
453,22,9,2.07,10.86
454,22,9,2.05,7.64
455,22,7,2.46,4.36
456,22,6,3.12,1.0
457,21,8,3.29,1.43
458,21,9,3.84,1.86
459,22,10,4.54,2.23
460,21,10,4.45,2.81
461,20,10,4.63,3.45
462,21,10,4.88,3.76
463,20,10,4.77,4.45
464,19,10,4.64,5.21
465,20,10,4.89,5.45
466,20,10,5.45,5.95
467,19,10,5.35,6.79
468,19,10,5.12,7.32
469,19,10,5.43,7.84
470,19,10,5.0,8.37
471,19,10,5.16,8.89
472,19,10,4.64,9.42
473,20,10,5.35,9.45
474,18,10,4.72,11.06
475,19,10,4.73,11.0
476,18,10,4.72,12.17
477,20,10,5.37,11.45
478,19,10,4.75,12.58
479,20,10,4.86,12.45
480,20,10,4.8,12.95
481,20,10,4.86,13.45
482,20,10,4.86,13.95
483,20,10,5.06,14.45
484,18,10,4.39,16.61
485,20,10,4.78,15.45
486,19,10,4.74,16.79
487,20,10,4.8,16.45
488,20,10,4.78,16.95
489,20,10,4.34,17.45
490,20,10,4.41,17.95
491,20,10,4.52,18.45
492,20,10,4.68,18.95
493,20,10,4.6,19.45
494,19,10,4.07,21.0
495,20,10,3.3,20.45
496,21,9,3.24,15.67
497,22,8,3.29,11.36
498,21,6,2.57,8.14
499,21,5,2.8,4.38
500,20,5,2.77,0.65
501,21,5,3.21,0.86
502,21,8,3.23,1.24
503,23,9,3.93,1.52
504,21,10,3.5,2.14
505,21,10,3.87,2.57
506,22,12,4.22,3.0
507,21,12,4.35,3.71
508,22,12,4.72,4.09
509,21,12,4.34,4.86
510,22,12,4.35,5.18
511,20,12,3.45,6.3
512,21,12,3.97,6.57
513,22,12,4.14,6.82
514,21,12,3.91,7.71
515,21,12,4.05,8.29
516,22,12,4.08,8.45
517,20,12,3.56,9.9
518,21,12,4.21,10.0
519,21,12,3.9,10.57
520,21,12,4.18,11.14
521,21,12,3.81,11.71
522,22,12,4.19,11.73
523,21,12,3.94,12.86
524,22,12,3.93,12.82
525,21,12,3.86,14.0
526,21,12,3.86,14.57
527,21,12,3.69,15.14
528,21,12,3.7,15.71
529,22,12,4.0,15.55
530,22,12,4.12,16.09
531,21,12,3.89,17.43
532,22,12,4.09,17.18
533,21,12,3.95,18.57
534,22,12,4.02,18.27
535,21,12,3.77,19.71
536,21,12,3.82,20.29
537,22,12,4.24,19.91
538,21,12,4.29,21.43
539,22,12,4.37,21.0
540,21,12,3.26,22.57
541,22,10,3.14,17.95
542,21,9,1.99,15.19
543,21,7,2.34,11.52
544,21,7,1.91,7.86
545,22,6,2.34,4.09
546,22,5,3.08,0.64
547,22,7,3.74,0.95
548,22,8,4.5,1.32
549,20,9,4.19,1.9
550,22,10,5.02,2.18
551,20,10,4.66,2.9
552,20,10,4.94,3.4
553,20,10,4.66,3.9
554,20,10,5.0,4.4
555,20,10,4.59,4.9
556,21,10,4.98,5.14
557,19,10,4.49,6.21
558,21,10,4.98,6.1
559,19,10,4.24,7.26
560,21,10,4.64,7.05
561,21,10,4.79,7.52
562,21,10,4.82,8.0
563,20,10,4.47,8.9
564,21,10,5.32,8.95
565,19,10,4.77,10.42
566,21,10,5.6,9.9
567,19,10,5.06,11.47
568,20,10,5.21,11.4
569,20,10,5.4,11.9
570,20,10,5.02,12.4
571,20,10,5.02,12.9
572,19,10,4.94,14.11
573,20,10,5.17,13.9
574,20,10,5.2,14.4
575,19,10,4.69,15.68
576,20,10,5.24,15.4
577,19,10,4.52,16.74
578,20,10,4.92,16.4
579,19,10,4.5,17.79
580,20,10,4.62,17.4
581,19,10,4.26,18.84
582,19,10,3.73,19.37
583,19,10,3.74,19.89
584,19,10,3.7,20.42
585,20,10,2.87,19.9
586,19,8,2.92,16.84
587,19,7,2.9,12.74
588,18,6,2.28,9.17
589,18,4,2.84,4.78
590,19,3,3.68,0.42
591,20,3,4.13,0.55
592,20,4,4.0,0.75
593,22,6,4.41,0.95
594,20,7,3.84,1.4
595,20,9,3.94,1.85
596,22,9,4.11,2.09
597,22,10,4.3,2.55
598,22,11,4.26,3.05
599,22,11,4.41,3.55
600,21,12,4.2,4.29
601,22,12,4.48,4.64
602,21,12,4.37,5.43
603,22,12,4.58,5.73
604,20,12,3.9,6.9
605,21,12,4.34,7.14
606,22,12,4.4,7.36
607,21,12,4.28,8.29
608,21,12,4.11,8.86
609,21,12,4.07,9.43
610,20,12,3.74,10.5
611,22,12,4.31,10.09
612,21,12,3.93,11.14
613,22,12,3.91,11.18
614,21,12,3.66,12.29
615,21,12,3.86,12.86
616,21,12,3.77,13.43
617,22,12,4.28,13.36
618,21,12,4.16,14.57
619,22,12,4.37,14.45
620,21,12,4.18,15.71
621,21,12,4.33,16.29
622,20,12,3.44,17.7
623,21,12,4.14,17.43
624,21,12,4.08,18.0
625,22,12,4.51,17.73
626,21,12,3.94,19.14
627,22,12,4.48,18.82
628,22,12,4.38,19.36
629,22,12,3.82,19.91
630,22,13,2.89,20.5
631,22,12,2.06,17.09
632,22,10,1.76,13.86
633,23,10,1.87,10.26
634,22,10,1.57,7.64
635,22,8,2.19,4.45
636,22,7,2.92,1.27
637,21,8,3.22,1.71
638,21,10,3.94,2.19
639,19,10,3.7,2.95
640,20,10,4.33,3.3
641,20,10,4.26,3.8
642,20,10,4.13,4.3
643,20,10,4.41,4.8
644,20,10,3.96,5.3
645,20,10,4.38,5.8
646,20,10,4.74,6.3
647,21,10,5.01,6.48
648,20,10,4.93,7.3
649,19,10,4.47,8.21
650,20,10,4.63,8.3
651,20,10,4.73,8.8
652,20,10,4.78,9.3
653,20,10,4.61,9.8
654,20,10,4.69,10.3
655,21,10,5.0,10.29
656,20,10,4.72,11.3
657,19,10,4.42,12.42
658,20,10,4.39,12.3
659,20,10,4.69,12.8
660,21,10,5.1,12.67
661,20,10,4.59,13.8
662,21,10,5.14,13.62
663,21,10,5.05,14.1
664,20,10,4.83,15.3
665,20,10,4.98,15.8
666,20,10,4.84,16.3
667,20,10,5.09,16.8
668,19,10,4.92,18.21
669,20,10,5.29,17.8
670,19,10,4.93,19.26
671,19,10,4.64,19.79
672,20,10,5.15,19.3
673,19,10,4.93,20.84
674,20,10,4.79,20.3
675,19,10,4.32,21.89
676,20,8,3.61,16.65
677,21,7,3.65,12.0
678,21,5,3.13,8.05
679,21,4,2.95,4.19
680,20,4,2.86,0.4
681,20,4,3.41,0.6
682,21,6,3.31,0.86
683,23,7,3.8,1.09
684,22,8,3.8,1.5
685,21,10,3.91,2.05
686,22,10,4.24,2.41
687,21,11,4.28,3.05
688,22,12,4.5,3.45
689,21,12,4.24,4.19
690,22,12,4.35,4.55
691,22,12,4.37,5.09
692,21,12,4.01,5.9
693,21,12,4.04,6.48
694,21,12,4.26,7.05
695,20,12,4.01,8.0
696,22,12,4.7,7.82
697,21,12,4.25,8.76
698,21,12,3.69,9.33
699,20,12,3.4,10.4
700,21,12,3.79,10.48
701,21,12,3.49,11.05
702,21,12,3.52,11.62
703,20,12,3.45,12.8
704,22,12,4.08,12.18
705,21,12,3.6,13.33
706,22,12,4.07,13.27
707,22,12,3.98,13.82
708,22,12,4.27,14.36
709,21,12,4.12,15.62
710,22,12,4.35,15.45
711,21,12,4.27,16.76
712,20,12,3.99,18.2
713,21,12,4.25,17.9
714,20,12,3.82,19.4
715,21,12,4.09,19.05
716,21,12,4.22,19.62
717,20,12,3.92,21.2
718,22,12,4.44,19.82
719,21,12,3.63,21.33
720,22,12,3.01,20.91
721,21,11,1.82,18.33
722,22,9,1.73,14.09
723,22,8,1.76,10.73
724,22,8,1.72,7.41
725,22,8,2.23,4.14
726,22,7,2.96,0.95
727,21,7,3.2,1.33
728,21,8,3.9,1.71
729,20,10,4.21,2.3
730,20,10,4.55,2.8
731,19,10,4.45,3.47
732,20,10,5.05,3.8
733,20,10,4.97,4.3
734,20,10,4.77,4.8
735,20,10,4.83,5.3
736,20,10,4.97,5.8
737,20,10,5.11,6.3
738,19,10,4.84,7.16
739,19,10,4.89,7.68
740,20,10,5.35,7.8
741,19,10,5.1,8.74
742,20,10,5.42,8.8
743,19,10,5.06,9.79
744,19,10,4.64,10.32
745,20,10,4.86,10.3
746,20,10,4.69,10.8
747,20,10,4.85,11.3
748,20,10,4.83,11.8
749,20,10,4.58,12.3
750,20,10,4.96,12.8
751,20,10,5.22,13.3
752,20,10,5.19,13.8
753,19,10,4.97,15.05
754,19,10,4.39,15.58
755,20,10,4.89,15.3
756,20,10,4.69,15.8
757,20,10,4.82,16.3
758,19,10,4.3,17.68
759,20,10,4.52,17.3
760,20,10,4.59,17.8
761,19,10,3.84,19.26
762,19,10,4.0,19.79
763,21,10,4.79,18.38
764,20,10,4.34,19.8
765,21,10,3.95,19.33
766,21,9,3.58,15.57
767,20,8,2.55,12.45
768,21,7,2.74,8.1
769,21,5,2.91,4.33
770,20,5,2.8,0.7
771,20,6,2.9,1.0
772,21,8,3.39,1.33
773,21,9,3.67,1.76
774,21,9,3.68,2.19
775,20,11,3.7,2.85
776,22,11,4.35,3.09
777,21,12,4.16,3.81
778,22,12,4.61,4.18
779,21,12,4.44,4.95
780,21,12,4.54,5.52
781,20,12,3.8,6.4
782,21,12,4.58,6.67
783,21,12,4.31,7.24
784,21,12,4.42,7.81
785,20,12,4.12,8.8
786,21,12,4.16,8.95
787,20,12,3.97,10.0
788,22,12,4.46,9.64
789,20,12,3.79,11.2
790,21,12,4.31,11.24
791,20,12,3.79,12.4
792,21,12,4.44,12.38
793,21,12,4.28,12.95
794,21,12,4.26,13.52
795,21,12,4.01,14.1
796,22,12,4.48,14.0
797,20,12,3.85,16.0
798,21,12,4.04,15.81
799,20,12,3.9,17.2
800,21,12,4.61,16.95
801,21,12,4.24,17.52
802,22,12,4.73,17.27
803,21,12,4.23,18.67
804,20,12,3.74,20.2
805,20,12,3.89,20.8
806,21,12,3.86,20.38
807,20,12,3.72,22.0
808,21,12,4.15,21.52
809,21,12,3.73,22.1
810,20,12,2.43,23.8
811,21,10,2.33,18.9
812,22,10,2.42,14.59
813,21,8,2.26,11.67
814,22,8,2.48,7.68
815,22,6,2.46,4.18
816,21,6,2.67,0.86
817,21,6,3.29,1.14
818,21,8,3.84,1.52
819,20,8,3.99,2.0
820,21,10,4.2,2.38
821,21,10,4.51,2.86
822,20,10,4.65,3.5
823,20,10,4.63,4.0
824,19,10,4.73,4.74
825,20,10,4.74,5.0
826,20,10,4.89,5.5
827,20,10,4.91,6.0
828,20,10,4.83,6.5
829,19,10,4.44,7.37
830,20,10,4.66,7.5
831,20,10,4.68,8.0
832,20,10,4.91,8.5
833,21,10,5.12,8.57
834,20,10,4.79,9.5
835,20,10,5.13,10.0
836,20,10,5.07,10.5
837,20,10,5.33,11.0
838,20,10,5.38,11.5
839,20,10,5.46,12.0
840,18,10,4.71,13.89
841,20,10,5.27,13.0
842,18,10,4.69,15.0
843,20,10,5.29,14.0
844,19,10,4.88,15.26
845,19,10,5.43,15.79
846,19,10,5.03,16.32
847,19,10,5.52,16.84
848,18,10,5.07,18.33
849,19,10,5.44,17.89
850,18,10,5.03,19.44
851,20,10,5.62,18.0
852,18,10,4.91,20.56
853,20,10,5.32,19.0
854,18,10,4.28,21.67
855,20,10,3.8,20.0
856,19,8,2.55,16.84
857,20,7,2.31,12.05
858,21,6,2.54,7.76
859,21,5,2.86,4.1
860,20,5,2.68,0.55
861,21,5,3.14,0.76
862,21,6,3.18,1.05
863,23,7,3.74,1.26
864,22,9,3.97,1.73
865,21,10,3.91,2.29
866,21,12,3.7,2.86
867,21,12,3.98,3.43
868,22,12,4.2,3.82
869,22,12,4.47,4.36
870,21,12,4.19,5.14
871,22,12,4.27,5.45
872,21,12,4.12,6.29
873,21,12,3.94,6.86
874,22,12,4.55,7.09
875,20,12,3.76,8.4
876,22,12,4.41,8.18
877,21,12,4.09,9.14
878,21,12,4.21,9.71
879,20,12,3.7,10.8
880,21,12,4.4,10.86
881,21,12,4.15,11.43
882,21,12,4.21,12.0
883,22,12,4.15,12.0
884,22,12,4.31,12.55
885,20,12,3.64,14.4
886,22,12,4.13,13.64
887,21,12,3.81,14.86
888,21,12,3.88,15.43
889,21,12,3.8,16.0
890,22,12,4.26,15.82
891,20,12,3.49,18.0
892,21,12,3.48,17.71
893,21,12,3.75,18.29
894,23,12,4.25,17.22
895,21,12,3.62,19.43
896,21,12,3.83,20.0
897,22,12,4.01,19.64
898,22,12,3.94,20.18
899,22,12,3.83,20.73
900,22,12,3.27,21.27
901,22,10,2.85,17.82
902,22,8,2.55,14.27
903,21,6,2.22,11.29
904,22,6,2.35,7.32
905,23,5,2.86,3.7
906,22,4,3.28,0.41
907,21,6,3.46,0.71
908,21,7,4.09,1.05
909,21,9,4.47,1.48
910,21,10,4.43,1.95
911,22,10,4.96,2.32
912,20,10,4.45,3.05
913,21,10,4.74,3.38
914,20,10,4.55,4.05
915,20,10,4.76,4.55
916,20,10,4.51,5.05
917,21,10,5.15,5.29
918,20,10,4.49,6.05
919,21,10,5.04,6.24
920,20,10,4.82,7.05
921,21,10,5.12,7.19
922,20,10,4.77,8.05
923,19,10,4.63,9.0
924,20,10,5.03,9.05
925,20,10,5.12,9.55
926,20,10,4.7,10.05
927,20,10,4.69,10.55
928,20,10,4.84,11.05
929,20,10,4.74,11.55
930,20,10,4.96,12.05
931,19,10,4.74,13.21
932,19,10,4.31,13.74
933,20,10,4.87,13.55
934,20,10,4.59,14.05
935,21,10,5.03,13.86
936,20,10,4.75,15.05
937,20,10,4.85,15.55
938,20,10,5.03,16.05
939,20,10,4.99,16.55
940,20,10,4.94,17.05
941,20,10,4.96,17.55
942,20,10,4.64,18.05
943,20,10,4.6,18.55
944,20,10,4.5,19.05
945,20,10,3.78,19.55
946,20,8,2.84,15.75
947,20,6,2.4,11.9
948,21,6,2.44,7.71
949,20,4,2.3,4.25
950,20,4,2.87,0.4
951,21,6,3.45,0.67
952,21,6,3.54,0.95
953,23,7,4.14,1.17
954,21,8,3.73,1.67
955,21,10,4.17,2.14
956,21,11,3.96,2.67
957,20,12,3.87,3.4
958,22,12,4.61,3.64
959,20,12,4.02,4.6
960,22,12,4.65,4.73
961,20,12,3.69,5.8
962,21,12,4.3,6.1
963,20,12,3.73,7.0
964,21,12,4.39,7.24
965,20,12,4.09,8.2
966,21,12,4.46,8.38
967,21,12,4.52,8.95
968,22,12,4.87,9.09
969,20,12,4.13,10.6
970,21,12,4.22,10.67
971,21,12,4.26,11.24
972,20,12,3.67,12.4
973,21,12,3.92,12.38
974,20,12,3.46,13.6
975,21,12,3.63,13.52
976,22,12,3.8,13.45
977,21,12,3.57,14.67
978,22,12,3.91,14.55
979,21,12,3.58,15.81
980,22,12,4.12,15.64
981,22,12,4.01,16.18
982,22,12,4.14,16.73
983,22,12,4.16,17.27
984,22,12,4.36,17.82
985,21,12,4.38,19.24
986,22,12,4.52,18.91
987,21,12,4.35,20.38
988,22,12,4.39,20.0
989,21,12,3.81,21.52
990,21,12,2.29,22.1
991,21,10,2.38,18.48
992,22,10,1.83,14.27
993,22,9,2.0,10.86
994,23,8,2.38,7.22
995,22,7,2.44,4.23
996,22,6,3.15,0.91
997,21,8,3.41,1.33
998,21,8,4.08,1.71
999,22,9,4.73,2.05
1000,21,10,4.62,2.62
1001,20,10,4.53,3.25
1002,21,10,5.02,3.57
1003,20,10,4.8,4.25
1004,21,10,5.22,4.52
1005,20,10,4.91,5.25
1006,20,10,5.24,5.75
1007,20,10,4.86,6.25
1008,21,10,5.32,6.43
1009,20,10,5.22,7.25
1010,20,10,5.09,7.75
1011,20,10,5.1,8.25
1012,19,10,5.02,9.21
1013,20,10,5.13,9.25
1014,19,10,4.92,10.26
1015,20,10,5.23,10.25
1016,20,10,5.27,10.75
1017,19,10,5.09,11.84
1018,20,10,5.09,11.75
1019,19,10,4.8,12.89
1020,20,10,4.98,12.75
1021,20,10,5.08,13.25
1022,19,10,4.93,14.47
1023,19,10,4.69,15.0
1024,20,10,5.32,14.75
1025,19,10,4.64,16.05
1026,20,10,5.21,15.75
1027,18,10,4.4,18.06
1028,20,10,4.83,16.75
1029,20,10,5.06,17.25
1030,20,10,4.9,17.75
1031,20,10,4.9,18.25
1032,19,10,4.91,19.74
1033,21,10,5.23,18.33
1034,21,10,4.71,18.81
1035,21,10,3.57,19.29
1036,21,10,2.56,15.57
1037,21,8,1.89,11.86
1038,20,6,1.68,8.5
1039,21,6,1.79,4.43
1040,21,6,2.41,0.76
1041,22,7,2.99,1.05
1042,21,8,3.27,1.48
1043,22,10,3.86,1.86
1044,21,11,3.45,2.48
1045,22,12,3.83,2.91
1046,21,12,3.49,3.62
1047,21,12,3.62,4.19
1048,22,12,3.87,4.55
1049,22,12,3.98,5.09
1050,22,12,3.95,5.64
1051,22,12,4.05,6.18
1052,21,12,3.63,7.05
1053,21,12,3.6,7.62
1054,22,12,3.75,7.82
1055,21,12,3.78,8.76
1056,21,12,4.11,9.33
1057,22,12,4.45,9.45
1058,22,12,4.67,10.0
1059,22,12,4.55,10.55
1060,21,12,4.09,11.62
1061,22,12,4.39,11.64
1062,21,12,3.84,12.76
1063,20,12,3.59,14.0
1064,22,12,4.25,13.27
1065,21,12,3.97,14.48
1066,21,12,4.18,15.05
1067,21,12,4.03,15.62
1068,21,12,4.2,16.19
1069,21,12,3.98,16.76
1070,21,12,4.03,17.33
1071,21,12,4.26,17.9
1072,22,12,4.52,17.64
1073,20,12,3.69,20.0
1074,22,12,4.38,18.73
1075,21,12,4.03,20.19
1076,21,12,4.15,20.76
1077,21,12,3.83,21.33
1078,21,12,3.7,21.9
1079,20,12,3.13,23.6
1080,22,12,2.8,22.0
1081,21,11,2.08,19.29
1082,22,9,1.63,14.91
1083,22,9,1.91,11.41
1084,21,8,1.56,8.29
1085,22,7,1.97,4.41
1086,22,7,2.69,0.95
1087,22,8,3.35,1.32
1088,21,8,3.9,1.76
1089,21,9,4.38,2.19
1090,19,10,4.04,2.95
1091,21,10,4.7,3.14
1092,19,10,4.19,4.0
1093,20,10,4.24,4.3
1094,20,10,4.55,4.8
1095,21,10,4.48,5.05
1096,20,10,4.29,5.8
1097,21,10,4.76,6.0
1098,20,10,4.74,6.8
1099,21,10,5.02,6.95
1100,20,10,4.89,7.8
1101,21,10,5.03,7.9
1102,20,10,4.72,8.8
1103,20,10,5.07,9.3
1104,20,10,4.77,9.8
1105,21,10,5.3,9.81
1106,20,10,4.66,10.8
1107,20,10,4.91,11.3
1108,19,10,4.72,12.42
1109,20,10,5.05,12.3
1110,19,10,4.81,13.47
1111,19,10,4.8,14.0
1112,20,10,5.04,13.8
1113,19,10,4.76,15.05
1114,20,10,4.76,14.8
1115,20,10,5.03,15.3
1116,19,10,4.83,16.63
1117,20,10,4.94,16.3
1118,20,10,5.23,16.8
1119,20,10,5.01,17.3
1120,19,10,4.55,18.74
1121,19,10,4.56,19.26
1122,20,10,4.87,18.8
1123,20,10,5.06,19.3
1124,20,10,4.11,19.8
1125,21,10,3.92,19.33
1126,21,8,2.88,15.52
1127,22,8,2.55,11.23
1128,21,7,2.12,8.05
1129,21,5,1.8,4.33
1130,21,5,2.43,0.62
1131,22,7,2.98,0.91
1132,21,6,3.21,1.19
1133,22,8,3.72,1.5
1134,22,9,3.69,1.91
1135,21,11,3.49,2.52
1136,20,12,3.0,3.25
1137,21,12,3.69,3.67
1138,20,12,3.78,4.45
1139,22,12,4.39,4.59
1140,20,12,3.88,5.65
1141,22,12,4.51,5.68
1142,21,12,4.05,6.52
1143,21,12,4.26,7.1
1144,22,12,4.5,7.32
1145,21,12,4.21,8.24
1146,22,12,4.05,8.41
1147,21,12,3.77,9.38
1148,22,12,3.86,9.5
1149,21,12,3.56,10.52
1150,22,12,3.87,10.59
1151,22,12,3.81,11.14
1152,23,12,4.16,11.17
1153,21,12,3.73,12.81
1154,23,12,4.33,12.22
1155,21,12,3.81,13.95
1156,22,12,3.82,13.86
1157,21,12,3.64,15.1
1158,21,12,3.77,15.67
1159,22,12,3.97,15.5
1160,22,12,4.24,16.05
1161,22,12,4.07,16.59
1162,22,12,4.1,17.14
1163,21,12,4.09,18.52
1164,21,12,4.4,19.1
1165,21,12,4.31,19.67
1166,21,12,4.57,20.24
1167,20,12,3.6,21.85
1168,21,12,3.77,21.38
1169,22,12,3.34,20.95
1170,21,13,2.4,22.57
1171,21,11,1.52,18.95
1172,22,9,1.46,14.55
1173,22,9,1.62,11.09
1174,23,9,1.92,7.43
1175,22,7,2.22,4.41
1176,22,7,2.84,1.05
1177,21,8,3.37,1.48
1178,21,8,4.26,1.86
1179,20,9,4.36,2.4
1180,21,10,4.86,2.76
1181,20,10,4.85,3.4
1182,21,10,5.21,3.71
1183,20,10,4.94,4.4
1184,19,10,4.48,5.16
1185,20,10,4.56,5.4
1186,21,10,4.87,5.62
1187,19,10,4.41,6.74
1188,21,10,4.87,6.57
1189,19,10,4.37,7.79
1190,20,10,4.27,7.9
1191,20,10,4.3,8.4
1192,20,10,4.11,8.9
1193,20,10,3.81,9.4
1194,21,10,4.31,9.43
1195,22,10,4.4,9.45
1196,22,10,4.45,9.91
1197,21,10,4.22,10.86
1198,21,10,4.03,11.33
1199,21,10,4.2,11.81
1200,21,10,4.25,12.29
1201,22,10,4.51,12.18
1202,21,10,4.34,13.24
1203,21,10,4.78,13.71
1204,22,10,4.99,13.55
1205,20,10,4.65,15.4
1206,20,10,4.75,15.9
1207,20,10,4.73,16.4
1208,21,10,5.41,16.1
1209,19,10,4.88,18.32
1210,20,10,5.05,17.9
1211,20,10,5.37,18.4
1212,20,10,5.01,18.9
1213,19,10,4.51,20.42
1214,20,10,3.57,19.9
1215,21,11,3.2,19.48
1216,21,10,2.61,15.71
1217,20,8,2.15,12.55
1218,19,8,1.62,9.11
1219,19,6,1.87,5.05
1220,21,6,2.41,0.9
1221,21,6,3.18,1.19
1222,20,8,3.43,1.65
1223,23,8,3.97,1.78
1224,22,10,3.86,2.32
1225,21,10,3.85,2.9
1226,22,12,3.98,3.32
1227,21,12,4.16,4.05
1228,21,12,4.3,4.62
1229,21,12,4.15,5.19
1230,21,12,4.33,5.76
1231,21,12,4.11,6.33
1232,21,12,4.18,6.9
1233,21,12,4.28,7.48
1234,21,12,3.98,8.05
1235,20,12,3.81,9.05
1236,21,12,4.56,9.19
1237,20,12,4.01,10.25
1238,21,12,4.59,10.33
1239,21,12,4.22,10.9
1240,22,12,4.68,10.95
1241,20,12,3.81,12.65
1242,21,12,4.3,12.62
1243,20,12,3.92,13.85
1244,22,12,4.43,13.14
1245,20,12,3.8,15.05
1246,22,12,4.58,14.23
1247,21,12,4.18,15.48
1248,21,12,4.19,16.05
1249,21,12,3.83,16.62
1250,22,12,4.57,16.41
1251,20,12,3.89,18.65
1252,21,12,3.82,18.33
1253,20,12,3.61,19.85
1254,21,12,4.09,19.48
1255,20,12,3.47,21.05
1256,21,12,4.01,20.62
1257,22,12,4.13,20.23
1258,22,12,4.1,20.77
1259,21,12,3.26,22.33
1260,22,12,2.91,21.86
1261,20,10,1.83,20.0
1262,22,10,1.71,14.64
1263,21,10,1.5,11.71
1264,22,8,1.83,7.73
1265,22,7,2.44,4.32
1266,22,7,3.11,1.0
1267,21,8,3.5,1.43
1268,21,9,4.14,1.86
1269,20,9,4.18,2.4
1270,21,10,4.47,2.76
1271,20,10,4.42,3.4
1272,20,10,4.64,3.9
1273,20,10,4.58,4.4
1274,21,10,5.28,4.67
1275,20,10,4.79,5.4
1276,21,10,5.28,5.62
1277,19,10,4.64,6.74
1278,21,10,5.2,6.57
1279,20,10,5.07,7.4
1280,19,10,4.75,8.32
1281,20,10,5.08,8.4
1282,19,10,4.69,9.37
1283,19,10,4.8,9.89
1284,20,10,4.92,9.9
1285,20,10,5.15,10.4
1286,20,10,4.86,10.9
1287,19,10,4.62,12.0
1288,20,10,5.27,11.9
1289,19,10,4.47,13.05
1290,19,10,4.82,13.58
1291,20,10,4.94,13.4
1292,20,10,5.15,13.9
1293,20,10,5.42,14.4
1294,20,10,5.23,14.9
1295,19,10,4.99,16.21
1296,20,10,5.01,15.9
1297,19,10,4.49,17.26
1298,21,10,4.96,16.1
1299,20,10,4.94,17.4
1300,19,10,4.62,18.84
1301,18,10,4.4,20.44
1302,20,10,5.19,18.9
1303,18,10,4.46,21.56
1304,20,10,4.28,19.9
1305,20,10,3.89,20.4
1306,20,9,3.06,16.45
1307,21,8,3.18,11.86
1308,20,7,2.7,8.55
1309,22,6,2.69,4.18
1310,21,5,2.5,0.71
1311,21,6,2.98,1.0
1312,21,8,3.05,1.38
1313,21,9,3.72,1.81
1314,22,10,4.04,2.18
1315,21,11,4.27,2.81
1316,22,12,4.46,3.23
1317,21,12,4.39,3.95
1318,22,12,4.49,4.32
1319,21,12,4.14,5.1
1320,22,12,4.32,5.41
1321,22,12,4.43,5.95
1322,21,12,3.91,6.81
1323,22,12,4.3,7.05
1324,21,12,4.19,7.95
1325,22,12,4.31,8.14
1326,21,12,4.03,9.1
1327,21,12,4.4,9.67
1328,22,12,4.52,9.77
1329,20,12,4.0,11.35
1330,22,12,4.71,10.86
1331,20,12,4.02,12.55
1332,21,12,4.55,12.52
1333,20,12,4.01,13.75
1334,21,12,4.7,13.67
1335,22,12,4.81,13.59
1336,21,12,4.49,14.81
1337,21,12,4.41,15.38
1338,20,12,3.96,16.75
1339,21,12,4.7,16.52
1340,21,12,4.44,17.1
1341,21,12,4.48,17.67
1342,22,12,4.62,17.41
1343,21,12,4.34,18.81
1344,21,12,4.12,19.38
1345,21,12,4.17,19.95
1346,20,12,3.94,21.55
1347,21,12,3.98,21.1
1348,20,12,3.57,22.75
1349,21,12,3.19,22.24
1350,21,13,2.89,22.86
1351,21,11,2.38,19.19
1352,21,10,1.7,15.52
1353,22,10,1.91,11.41
1354,22,8,2.33,7.95
1355,21,6,2.47,4.67
1356,22,6,2.81,1.0
1357,22,6,3.52,1.27
1358,22,8,4.22,1.64
1359,21,9,4.37,2.14
1360,20,10,3.99,2.75
1361,21,10,4.47,3.1
1362,19,10,4.04,3.95
1363,21,10,4.71,4.05
1364,20,10,4.86,4.75
1365,20,10,5.21,5.25
1366,20,10,4.95,5.75
1367,21,10,5.43,5.95
1368,21,10,5.06,6.43
1369,21,10,4.99,6.9
1370,21,10,4.66,7.38
1371,21,10,4.82,7.86
1372,20,10,4.62,8.75
1373,21,10,5.21,8.81
1374,20,10,4.8,9.75
1375,21,10,5.37,9.76
1376,20,10,5.03,10.75
1377,20,10,5.13,11.25
1378,19,10,5.01,12.37
1379,20,10,5.14,12.25
1380,20,10,5.35,12.75
1381,20,10,5.19,13.25
1382,19,10,4.88,14.47
1383,20,10,5.71,14.25
1384,19,10,5.04,15.53
1385,19,10,5.42,16.05
1386,19,10,5.14,16.58
1387,20,10,5.48,16.25
1388,18,10,4.64,18.61
1389,20,10,5.35,17.25
1390,18,10,4.86,19.72
1391,20,10,5.41,18.25
1392,18,10,4.65,20.83
1393,20,10,5.0,19.25
1394,19,10,4.16,20.79
1395,19,10,3.66,21.32
1396,21,8,3.6,15.43
1397,20,8,3.12,12.3
1398,21,7,2.69,8.0
1399,20,5,2.56,4.5
1400,20,4,2.83,0.6
1401,21,6,3.23,0.86
1402,21,7,3.35,1.19
1403,22,8,4.07,1.5
1404,21,10,3.76,2.05
1405,21,12,4.2,2.62
1406,22,12,4.47,3.05
1407,21,12,4.15,3.76
1408,22,12,4.25,4.14
1409,21,12,4.07,4.9
1410,21,12,4.23,5.48
1411,21,12,4.1,6.05
1412,21,12,4.1,6.62
1413,21,12,3.87,7.19
1414,22,12,4.41,7.41
1415,20,12,3.61,8.75
1416,21,12,3.89,8.9
1417,20,12,3.55,9.95
1418,21,12,4.0,10.05
1419,21,12,3.72,10.62
1420,22,12,4.26,10.68
1421,22,12,4.15,11.23
1422,22,12,4.37,11.77
1423,21,12,4.14,12.9
1424,22,12,4.18,12.86
1425,21,12,4.06,14.05
1426,22,12,4.24,13.95
1427,20,12,3.41,15.95
1428,21,12,3.74,15.76
1429,22,12,3.81,15.59
1430,22,12,4.1,16.14
1431,20,12,3.6,18.35
1432,21,12,4.34,18.05
1433,21,12,4.11,18.62
1434,22,12,4.55,18.32
1435,21,12,4.14,19.76
1436,21,12,4.46,20.33
1437,21,12,4.18,20.9
1438,21,12,3.8,21.48
1439,21,12,3.07,22.05
1440,22,12,2.9,21.59
1441,20,11,1.69,19.9
1442,22,9,1.57,14.59
1443,22,8,1.97,11.14
1444,22,8,1.83,7.73
1445,22,7,2.39,4.32
1446,22,7,3.11,0.91
1447,21,7,3.49,1.29
1448,21,9,3.96,1.71
1449,21,9,4.27,2.14
1450,21,9,4.4,2.57
1451,21,10,4.85,3.05
1452,21,10,4.51,3.52
1453,21,10,4.76,4.0
1454,21,10,4.47,4.48
1455,20,10,4.03,5.2
1456,21,10,4.58,5.43
1457,22,10,4.76,5.64
1458,21,10,4.68,6.38
1459,21,10,4.95,6.86
1460,21,10,4.81,7.33
1461,21,10,5.04,7.81
1462,20,10,4.83,8.7
1463,20,10,4.52,9.2
1464,21,10,5.0,9.24
1465,20,10,4.37,10.2
1466,21,10,4.99,10.19
1467,20,10,4.76,11.2
1468,21,10,5.18,11.14
1469,20,10,4.99,12.2
1470,21,10,5.24,12.1
1471,20,10,4.88,13.2
1472,20,10,4.82,13.7
1473,20,10,4.68,14.2
1474,20,10,4.88,14.7
1475,19,10,4.79,16.0
1476,20,10,5.01,15.7
1477,18,10,4.3,18.0
1478,20,10,4.93,16.7
1479,20,10,4.89,17.2
1480,20,10,5.01,17.7
1481,20,10,4.83,18.2
1482,20,10,5.04,18.7
1483,20,10,4.66,19.2
1484,20,11,4.48,19.75
1485,21,11,4.09,19.33
1486,20,10,3.22,16.4
1487,21,8,2.85,11.9
1488,21,6,2.2,8.14
1489,22,7,2.57,4.27
1490,21,5,2.77,0.86
1491,21,7,3.1,1.19
1492,21,7,3.24,1.52
1493,23,9,3.77,1.78
1494,22,10,3.75,2.32
1495,22,11,3.74,2.82
1496,22,12,3.85,3.36
1497,21,12,3.74,4.1
1498,21,12,4.06,4.67
1499,22,12,4.44,5.0
1500,21,12,4.22,5.81
1501,22,12,4.6,6.09
1502,21,12,4.37,6.95
1503,21,12,4.07,7.52
1504,21,12,3.89,8.1
1505,20,12,3.49,9.1
1506,22,12,4.15,8.82
1507,21,12,3.99,9.81
1508,21,12,4.31,10.38
1509,21,12,4.1,10.95
1510,22,12,4.58,11.0
1511,21,12,4.14,12.1
1512,21,12,4.15,12.67
1513,22,12,4.34,12.64
1514,22,12,4.4,13.18
1515,20,12,3.86,15.1
1516,22,12,4.57,14.27
1517,20,12,3.83,16.3
1518,22,12,4.38,15.36
1519,21,12,4.05,16.67
1520,21,12,4.29,17.24
1521,21,12,3.96,17.81
1522,21,12,4.01,18.38
1523,20,12,3.74,19.9
1524,22,12,4.32,18.64
1525,20,12,3.76,21.1
1526,20,12,3.93,21.7
1527,21,12,4.06,21.24
1528,22,12,4.52,20.82
1529,22,12,3.95,21.36
1530,21,12,3.22,22.95
1531,22,10,2.59,18.32
1532,22,10,2.64,14.82
1533,22,8,2.14,11.36
1534,23,7,2.47,7.48
1535,22,7,2.43,4.32
1536,21,7,2.74,0.9
1537,21,9,3.4,1.33
1538,21,9,4.04,1.71
1539,20,10,3.88,2.3
1540,21,10,4.55,2.67
1541,20,10,4.49,3.3
1542,21,10,4.5,3.62
1543,20,10,4.34,4.3
1544,20,10,4.54,4.8
1545,20,10,4.15,5.3
1546,21,10,4.8,5.52
1547,21,10,4.46,6.0
1548,21,10,4.4,6.48
1549,21,10,4.51,6.95
1550,22,10,4.78,7.09
1551,21,10,4.73,7.9
1552,21,10,4.71,8.38
1553,20,10,4.26,9.3
1554,21,10,5.02,9.33
1555,20,10,4.77,10.3
1556,21,10,5.02,10.29
1557,20,10,4.86,11.3
1558,21,10,4.81,11.24
1559,20,10,4.37,12.3
1560,21,10,4.74,12.19
1561,20,10,4.09,13.3
1562,21,10,4.43,13.14
1563,20,10,4.26,14.3
1564,21,10,4.24,14.1
1565,21,10,4.58,14.57
1566,21,10,4.77,15.05
1567,21,10,4.73,15.52
1568,21,10,5.02,16.0
1569,20,10,4.91,17.3
1570,21,10,5.3,16.95
1571,19,10,4.63,19.26
1572,21,10,5.3,17.9
1573,20,10,4.68,19.3
1574,20,10,4.07,19.8
1575,21,11,3.38,19.38
1576,20,9,2.77,16.4
1577,21,8,2.47,11.95
1578,20,7,1.88,8.65
1579,20,6,2.03,4.7
1580,22,5,2.42,0.73
1581,22,7,3.09,1.05
1582,21,8,3.15,1.48
1583,23,9,3.83,1.74
1584,22,11,3.6,2.32
1585,20,12,2.99,3.15
1586,22,12,3.66,3.41
1587,21,12,3.58,4.14
1588,21,12,3.74,4.71
1589,22,12,4.08,5.05
1590,22,12,4.36,5.59
1591,21,12,4.32,6.43
1592,22,12,4.54,6.68
1593,20,12,3.82,7.95
1594,22,12,4.42,7.77
1595,20,12,3.79,9.15
1596,21,12,4.33,9.29
1597,21,12,4.07,9.86
1598,21,12,4.21,10.43
1599,21,12,3.96,11.0
1600,21,12,4.02,11.57
1601,20,12,3.57,12.75
1602,22,12,4.44,12.14
1603,21,12,4.21,13.29
1604,22,12,4.34,13.23
1605,21,12,3.98,14.43
1606,21,12,4.08,15.0
1607,22,12,4.17,14.86
1608,21,12,3.91,16.14
1609,21,12,3.84,16.71
1610,22,12,4.13,16.5
1611,22,12,4.17,17.05
1612,21,12,4.01,18.43
1613,22,12,4.13,18.14
1614,21,12,3.88,19.57
1615,22,12,4.03,19.23
1616,22,12,4.2,19.77
1617,22,12,4.01,20.32
1618,22,12,4.04,20.86
1619,22,12,2.97,21.41
1620,22,12,2.74,21.95
1621,22,11,2.01,18.36
1622,22,10,1.54,14.86
1623,23,10,1.7,10.96
1624,22,10,1.59,8.05
1625,22,8,2.14,4.64
1626,22,7,2.72,1.18
1627,21,8,3.07,1.62
1628,21,8,3.75,2.0
1629,21,9,4.52,2.43
1630,20,10,4.4,3.05
1631,21,10,5.07,3.38
1632,20,10,4.74,4.05
1633,21,10,5.39,4.33
1634,20,10,4.86,5.05
1635,20,10,4.83,5.55
1636,20,10,5.07,6.05
1637,20,10,4.93,6.55
1638,20,10,5.15,7.05
1639,19,10,4.73,7.95
1640,20,10,5.0,8.05
1641,19,10,4.5,9.0
1642,20,10,4.56,9.05
1643,20,10,4.66,9.55
1644,20,10,4.82,10.05
1645,20,10,4.57,10.55
1646,20,10,4.78,11.05
1647,20,10,4.6,11.55
1648,20,10,4.58,12.05
1649,20,10,4.45,12.55
1650,20,10,4.41,13.05
1651,20,10,4.2,13.55
1652,20,10,3.81,14.05
1653,21,10,4.2,13.86
1654,21,10,4.41,14.33
1655,22,10,4.48,14.14
1656,22,10,4.5,14.59
1657,21,10,4.43,15.76
1658,21,10,4.27,16.24
1659,21,10,4.4,16.71
1660,20,10,4.23,18.05
1661,21,10,4.26,17.67
1662,20,10,3.97,19.05
1663,21,10,4.15,18.62
1664,21,10,3.54,19.1
1665,21,10,2.81,19.57
1666,20,8,2.36,16.5
1667,21,8,1.92,11.9
1668,20,8,1.57,8.5
1669,20,6,1.96,4.55
1670,22,6,2.2,0.73
1671,22,6,2.67,1.0
1672,21,8,2.99,1.43
1673,22,8,3.56,1.73
1674,22,10,3.67,2.18
1675,21,12,3.54,2.86
1676,22,12,3.84,3.27
1677,22,12,4.31,3.82
1678,21,12,4.16,4.57
1679,22,12,4.37,4.91
1680,21,12,4.3,5.71
1681,22,12,4.38,6.0
1682,21,12,4.05,6.86
1683,20,12,3.9,7.8
1684,22,12,4.49,7.64
1685,20,12,3.79,9.0
1686,22,12,4.3,8.73
1687,21,12,4.24,9.71
1688,21,12,4.46,10.29
1689,21,12,4.26,10.86
1690,21,12,4.41,11.43
1691,21,12,4.23,12.0
1692,21,12,4.34,12.57
1693,21,12,4.22,13.14
1694,22,12,4.77,13.09
1695,20,12,3.95,15.0
1696,22,12,4.5,14.18
1697,20,12,3.67,16.2
1698,20,12,3.69,16.8
1699,20,12,3.45,17.4
1700,20,12,3.52,18.0
1701,20,12,3.75,18.6
1702,22,12,4.42,17.45
1703,21,12,4.34,18.86
1704,22,12,4.34,18.55
1705,20,12,3.4,21.0
1706,22,12,3.94,19.64
1707,21,12,3.55,21.14
1708,21,12,3.59,21.71
1709,22,13,3.43,21.32
1710,22,13,2.97,21.91
1711,22,12,1.98,18.45
1712,22,10,1.79,14.91
1713,21,10,1.29,12.0
1714,22,9,1.53,8.05
1715,22,9,2.18,4.73
1716,22,8,2.69,1.36
1717,21,8,2.98,1.81
1718,21,8,3.59,2.19
1719,21,9,4.14,2.62
1720,22,10,4.49,2.95
1721,21,10,4.65,3.57
1722,20,10,4.79,4.25
1723,20,10,4.53,4.75
1724,20,10,4.83,5.25
1725,19,10,4.36,6.05
1726,20,10,4.14,6.25
1727,21,10,4.65,6.43
1728,21,10,4.52,6.9
1729,21,10,4.86,7.38
1730,20,10,4.62,8.25
1731,21,10,4.97,8.33
1732,20,10,4.79,9.25
1733,20,10,5.01,9.75
1734,20,10,4.89,10.25
1735,20,10,5.11,10.75
1736,20,10,4.73,11.25
1737,20,10,4.76,11.75
1738,21,10,5.02,11.67
1739,20,10,4.74,12.75
1740,19,10,4.49,13.95
1741,20,10,4.65,13.75
1742,20,10,4.78,14.25
1743,19,10,4.39,15.53
1744,20,10,4.67,15.25
1745,21,10,5.06,15.0
1746,20,10,4.69,16.25
1747,20,10,4.58,16.75
1748,20,10,4.92,17.25
1749,20,10,4.85,17.75
1750,20,10,5.06,18.25
1751,20,10,4.99,18.75
1752,18,10,4.35,21.39
1753,20,10,4.88,19.75
1754,20,10,4.78,20.25
1755,20,10,3.68,20.75
1756,20,8,3.35,16.65
1757,20,6,2.46,12.55
1758,20,6,2.62,8.5
1759,20,5,2.16,4.5
1760,20,5,2.8,0.5
1761,21,5,2.95,0.71
1762,21,5,3.38,0.95
1763,22,7,3.37,1.23
1764,23,8,3.94,1.52
1765,21,9,3.55,2.1
1766,23,11,3.92,2.39
1767,22,11,3.96,3.0
1768,21,12,3.75,3.71
1769,22,12,3.98,4.09
1770,22,12,4.19,4.64
1771,21,12,4.13,5.43
1772,22,12,4.33,5.73
1773,20,12,3.79,6.9
1774,22,12,4.46,6.82
1775,21,12,4.08,7.71
1776,21,12,4.32,8.29
1777,21,12,4.06,8.86
1778,21,12,4.2,9.43
1779,21,12,4.03,10.0
1780,21,12,3.99,10.57
1781,20,12,3.55,11.7
1782,22,12,4.09,11.18
1783,21,12,4.07,12.29
1784,22,12,4.38,12.27
1785,21,12,4.06,13.43
1786,22,12,4.81,13.36
1787,21,12,4.26,14.57
1788,22,12,4.67,14.45
1789,20,12,3.93,16.5
1790,21,12,4.05,16.29
1791,20,12,3.95,17.7
1792,21,12,4.55,17.43
1793,20,12,3.86,18.9
1794,21,12,4.49,18.57
1795,21,12,4.28,19.14
1796,21,12,4.4,19.71
1797,21,12,4.15,20.29
1798,22,12,4.24,19.91
1799,22,12,3.59,20.45
1800,21,13,2.63,22.05
1801,21,11,1.55,18.48
1802,22,10,1.55,14.23
1803,22,9,1.74,10.86
1804,22,9,1.52,7.64
1805,22,7,2.21,4.32
1806,22,7,2.9,1.09
1807,21,7,3.24,1.48
1808,21,7,4.04,1.81
1809,20,9,4.45,2.35
1810,20,9,4.57,2.8
1811,19,10,4.13,3.47
1812,19,10,4.44,4.0
1813,21,10,5.08,4.1
1814,20,10,4.96,4.8
1815,20,10,4.85,5.3
1816,20,10,4.49,5.8
1817,21,10,5.08,6.0
1818,19,10,4.55,7.16
1819,21,10,5.2,6.95
1820,20,10,5.1,7.8
1821,20,10,4.94,8.3
1822,19,10,4.7,9.26
1823,19,10,4.75,9.79
1824,20,10,4.92,9.8
1825,19,10,4.71,10.84
1826,20,10,4.82,10.8
1827,20,10,4.89,11.3
1828,19,10,4.56,12.42
1829,21,10,5.02,11.71
1830,20,10,5.04,12.8
1831,20,10,4.83,13.3
1832,20,10,4.97,13.8
1833,19,10,4.66,15.05
1834,21,10,5.32,14.1
1835,20,10,4.96,15.3
1836,20,10,5.05,15.8
1837,20,10,4.79,16.3
1838,21,10,5.63,16.0
1839,20,10,4.9,17.3
1840,20,10,4.94,17.8
1841,19,10,4.78,19.26
1842,20,10,4.99,18.8
1843,20,10,4.73,19.3
1844,21,10,3.96,18.86
1845,21,11,3.06,19.38
1846,21,10,2.49,15.57
1847,21,9,1.94,11.86
1848,21,8,2.22,8.14
1849,21,8,1.95,4.57
1850,22,7,2.31,1.05
1851,22,8,3.05,1.41
1852,21,10,3.25,1.95
1853,23,10,4.02,2.22
1854,21,11,3.72,2.95
1855,22,12,4.26,3.36
1856,22,12,4.3,3.91
1857,21,12,4.1,4.67
1858,22,12,4.36,5.0
1859,22,12,4.48,5.55
1860,22,12,4.34,6.09
1861,22,12,4.5,6.64
1862,21,12,4.26,7.52
1863,22,12,4.36,7.73
1864,20,12,4.03,9.1
1865,21,12,4.54,9.24
1866,20,12,3.85,10.3
1867,21,12,4.63,10.38
1868,21,12,4.41,10.95
1869,21,12,4.48,11.52
1870,20,12,4.04,12.7
1871,21,12,4.35,12.67
1872,20,12,4.01,13.9
1873,21,12,4.14,13.81
1874,20,12,3.83,15.1
1875,21,12,4.3,14.95
1876,20,12,3.55,16.3
1877,21,12,4.06,16.1
1878,21,12,3.81,16.67
1879,22,12,4.12,16.45
1880,21,12,3.87,17.81
1881,22,12,4.06,17.55
1882,21,12,3.86,18.95
1883,21,12,4.02,19.52
1884,22,12,4.43,19.18
1885,21,12,4.22,20.67
1886,22,12,4.32,20.27
1887,21,12,4.04,21.81
1888,21,12,4.27,22.38
1889,21,12,3.69,22.95
1890,20,12,3.18,24.7
1891,22,10,2.98,18.77
1892,21,8,2.56,15.81
1893,21,8,2.13,12.0
1894,22,6,2.43,7.77
1895,21,6,2.24,4.33
1896,22,4,2.72,0.55
1897,21,6,3.2,0.86
1898,21,7,3.89,1.19
1899,21,8,4.59,1.57
1900,20,10,4.32,2.15
1901,20,10,4.65,2.65
1902,20,10,4.63,3.15
1903,20,10,4.61,3.65
1904,20,10,4.69,4.15
1905,21,10,4.63,4.43
1906,20,10,4.35,5.15
1907,22,10,4.81,5.14
1908,20,10,4.2,6.15
1909,21,10,4.87,6.33
1910,21,10,4.51,6.81
1911,21,10,5.02,7.29
1912,20,10,4.72,8.15
1913,21,10,4.96,8.24
1914,20,10,4.64,9.15
1915,20,10,4.77,9.65
1916,20,10,4.66,10.15
1917,20,10,4.74,10.65
1918,19,10,4.47,11.74
1919,20,10,4.64,11.65
1920,20,10,4.81,12.15
1921,20,10,4.51,12.65
1922,20,10,4.55,13.15
1923,20,10,4.94,13.65
1924,20,10,4.48,14.15
1925,21,10,5.01,13.95
1926,20,10,4.21,15.15
1927,21,10,4.75,14.9
1928,20,10,4.44,16.15
1929,21,10,4.7,15.86
1930,20,10,4.36,17.15
1931,20,10,4.53,17.65
1932,20,10,4.3,18.15
1933,21,10,4.77,17.76
1934,20,10,4.46,19.15
1935,21,10,3.88,18.71
1936,21,9,3.32,15.05
1937,22,7,3.09,10.86
1938,22,6,2.8,7.41
1939,21,6,2.61,4.19
1940,22,5,2.65,0.59
1941,22,7,2.84,0.91
1942,22,8,3.43,1.27
1943,22,9,3.47,1.68
1944,22,9,3.63,2.09
1945,21,10,3.7,2.67
1946,22,11,4.05,3.05
1947,22,12,4.3,3.59
1948,21,12,4.25,4.33
1949,22,12,4.59,4.68
1950,21,12,4.45,5.48
1951,22,12,4.54,5.77
1952,21,12,4.38,6.62
1953,21,12,4.7,7.19
1954,21,12,4.51,7.76
1955,20,12,4.37,8.75
1956,22,12,5.11,8.5
1957,20,12,4.4,9.95
1958,22,12,5.05,9.59
1959,20,12,4.24,11.15
1960,22,12,4.97,10.68
1961,20,12,4.11,12.35
1962,21,12,4.26,12.33
1963,21,12,4.18,12.9
1964,20,12,3.89,14.15
1965,22,12,4.51,13.41
1966,21,12,4.25,14.62
1967,21,12,4.31,15.19
1968,21,12,4.02,15.76
1969,21,12,4.13,16.33
1970,22,12,4.41,16.14
1971,21,12,3.94,17.48
1972,21,12,4.24,18.05
1973,21,12,3.84,18.62
1974,21,12,4.14,19.19
1975,21,12,4.37,19.76
1976,20,12,3.93,21.35
1977,21,12,4.5,20.9
1978,22,12,4.28,20.5
1979,21,12,3.26,22.05
1980,22,13,2.23,21.64
1981,21,11,1.55,19.0
1982,22,9,1.67,14.64
1983,23,9,1.82,10.7
1984,22,9,1.87,7.77
1985,22,7,2.36,4.32
1986,22,7,3.13,1.05
1987,21,8,3.49,1.48
1988,20,9,3.65,2.0
1989,19,9,3.6,2.58
1990,21,10,4.4,2.81
1991,21,10,4.94,3.29
1992,20,10,4.62,3.95
1993,19,10,4.31,4.68
1994,19,10,4.54,5.21
1995,20,10,4.61,5.45
1996,19,10,4.53,6.26
1997,21,10,4.91,6.14
1998,20,10,4.47,6.95
1999,21,10,4.93,7.1
2000,20,10,4.19,7.95
2001,21,10,4.91,8.05
2002,22,10,4.95,8.14
2003,21,10,4.86,9.0
2004,20,10,4.74,9.95
2005,21,10,5.05,9.95
2006,20,10,4.79,10.95
2007,21,10,4.85,10.9
2008,20,10,4.57,11.95
2009,21,10,5.03,11.86
2010,21,10,4.91,12.33
2011,20,10,4.93,13.45
2012,19,10,5.08,14.68
2013,20,10,5.13,14.45
2014,19,10,4.76,15.74
2015,19,10,4.61,16.26
2016,20,10,4.56,15.95
2017,19,10,4.23,17.32
2018,20,10,4.49,16.95
2019,20,10,4.46,17.45
2020,19,10,4.42,18.89
2021,20,10,4.18,18.45
2022,19,10,3.81,19.95
2023,21,10,3.65,18.52
2024,21,10,3.1,19.0
2025,22,11,2.58,18.64
2026,23,10,2.38,14.39
2027,21,10,1.64,12.1
2028,21,8,1.92,8.38
2029,21,8,1.99,4.76
2030,22,6,2.54,1.05
2031,22,7,3.27,1.36
2032,21,9,3.39,1.86
2033,23,10,3.99,2.13
2034,21,10,3.52,2.81
2035,22,12,4.07,3.23
2036,22,12,4.21,3.77
2037,20,12,3.6,4.75
2038,22,12,4.42,4.86
2039,21,12,4.01,5.67
2040,21,12,4.1,6.24
2041,22,12,4.19,6.5
2042,21,12,4.22,7.38
2043,21,12,4.05,7.95
2044,22,12,4.6,8.14
2045,20,12,3.95,9.55
2046,22,12,4.5,9.23
2047,20,12,3.91,10.75
2048,21,12,4.59,10.81
2049,20,12,3.98,11.95
2050,20,12,4.15,12.55
2051,21,12,4.35,12.52
2052,22,12,4.65,12.5
2053,21,12,3.95,13.67
2054,21,12,4.21,14.24
2055,20,12,3.86,15.55
2056,22,12,4.44,14.68
2057,20,12,3.75,16.75
2058,22,12,4.41,15.77
2059,21,12,4.05,17.1
2060,21,12,4.13,17.67
2061,21,12,3.95,18.24
2062,21,12,4.08,18.81
2063,20,12,3.9,20.35
2064,22,12,4.56,19.05
2065,20,12,3.91,21.55
2066,22,12,4.66,20.14
2067,21,12,4.42,21.67
2068,22,12,4.46,21.23
2069,21,12,3.86,22.81
2070,22,12,3.08,22.32
2071,21,10,2.53,19.52
2072,21,9,2.01,15.67
2073,22,8,2.19,11.32
2074,21,7,1.88,8.14
2075,22,6,2.18,4.18
2076,22,6,2.95,0.73
2077,21,7,3.29,1.1
2078,21,8,4.13,1.48
2079,20,9,4.33,2.0
2080,21,10,4.93,2.38
2081,20,10,4.92,3.0
2082,21,10,5.17,3.33
2083,20,10,4.81,4.0
2084,22,10,5.28,4.09
2085,20,10,4.63,5.0
2086,21,10,5.04,5.24
2087,21,10,4.95,5.71
2088,20,10,4.65,6.5
2089,19,10,4.27,7.37
2090,21,10,4.75,7.14
2091,20,10,4.51,8.0
2092,20,10,4.54,8.5
2093,20,10,4.51,9.0
2094,21,10,5.23,9.05
2095,20,10,4.72,10.0
2096,21,10,5.25,10.0
2097,20,10,4.83,11.0
2098,21,10,5.03,10.95
2099,20,10,4.67,12.0
2100,22,10,5.14,11.36
2101,21,10,5.02,12.38
2102,20,10,4.78,13.5
2103,21,10,4.75,13.33
2104,20,10,4.62,14.5
2105,20,10,4.49,15.0
2106,21,10,4.78,14.76
2107,21,10,4.52,15.24
2108,21,10,4.31,15.71
2109,21,10,4.37,16.19
2110,22,10,4.51,15.91
2111,20,10,4.18,18.0
2112,21,10,4.8,17.62
2113,20,10,4.02,19.0
2114,21,10,3.84,18.57
2115,22,10,2.96,18.18
2116,22,9,2.91,14.64
2117,21,8,2.12,11.67
2118,21,7,2.16,8.0
2119,20,6,2.19,4.55
2120,21,5,2.78,0.71
2121,22,6,3.26,0.95
2122,21,8,3.49,1.38
2123,23,9,4.18,1.65
2124,21,10,3.59,2.29
2125,21,12,4.26,2.86
2126,21,12,3.9,3.43
2127,20,12,3.87,4.2
2128,22,12,4.59,4.36
2129,21,12,4.31,5.14
2130,21,12,4.38,5.71
2131,21,12,4.07,6.29
2132,21,12,4.33,6.86
2133,21,12,4.0,7.43
2134,21,12,4.12,8.0
2135,21,12,3.76,8.57
2136,21,12,3.64,9.14
2137,21,12,3.65,9.71
2138,22,12,4.05,9.82
2139,22,12,4.36,10.36
2140,21,12,4.14,11.43
2141,22,12,4.38,11.45
2142,21,12,4.27,12.57
2143,22,12,4.48,12.55
2144,21,12,4.19,13.71
2145,22,12,4.52,13.64
2146,21,12,4.05,14.86
2147,21,12,4.3,15.43
2148,22,12,4.49,15.27
2149,21,12,4.18,16.57
2150,22,12,4.41,16.36
2151,20,12,3.71,18.6
2152,21,12,4.32,18.29
2153,21,12,4.08,18.86
2154,21,12,4.23,19.43
2155,22,12,4.44,19.09
2156,21,12,4.14,20.57
2157,20,12,4.01,22.2
2158,22,12,4.48,20.73
2159,22,13,3.67,21.32
2160,22,13,3.09,21.91
2161,21,11,1.88,19.24
2162,22,11,1.77,14.91
2163,21,9,1.32,12.0
2164,22,9,1.79,8.05
2165,22,7,2.33,4.59
2166,21,7,2.65,1.24
2167,21,7,3.3,1.57
2168,21,9,3.93,2.0
2169,20,10,4.23,2.6
2170,21,10,4.42,2.95
2171,21,10,4.86,3.43
2172,20,10,4.42,4.1
2173,20,10,4.37,4.6
2174,20,10,4.1,5.1
2175,21,10,4.59,5.33
2176,20,10,4.35,6.1
2177,22,10,4.77,6.0
2178,20,10,4.33,7.1
2179,21,10,4.97,7.24
2180,21,10,4.71,7.71
2181,21,10,5.14,8.19
2182,19,10,4.8,9.58
2183,20,10,4.99,9.6
2184,19,10,4.9,10.63
2185,19,10,4.91,11.16
2186,20,10,5.23,11.1
2187,19,10,5.41,12.21
2188,20,10,5.45,12.1
2189,19,10,5.31,13.26
2190,19,10,4.75,13.79
2191,20,10,5.29,13.6
2192,18,10,4.73,15.67
2193,20,10,5.32,14.6
2194,18,10,4.5,16.78
2195,20,10,4.95,15.6
2196,19,10,4.42,16.95
2197,19,10,4.48,17.47
2198,19,10,4.2,18.0
2199,20,10,4.6,17.6
2200,20,10,4.41,18.1
2201,21,10,4.96,17.71
2202,20,10,4.79,19.1
2203,20,11,4.2,19.65
2204,19,11,3.47,21.26
2205,21,11,3.1,19.76
2206,20,10,2.58,16.7
2207,21,8,2.61,12.1
2208,21,8,2.16,8.38
2209,22,7,2.56,4.5
2210,21,6,2.45,1.05
2211,21,7,3.06,1.38
2212,21,9,2.88,1.81
2213,21,10,3.61,2.29
2214,21,10,3.49,2.76
2215,21,10,4.04,3.24
2216,22,11,4.14,3.59
2217,21,12,4.06,4.33
2218,22,12,4.04,4.68
2219,21,12,3.93,5.48
2220,21,12,4.17,6.05
2221,22,12,4.37,6.32
2222,21,12,4.16,7.19
2223,20,12,3.79,8.15
2224,21,12,3.94,8.33
2225,21,12,4.15,8.9
2226,22,12,4.3,9.05
2227,21,12,4.1,10.05
2228,21,12,4.37,10.62
2229,21,12,4.22,11.19
2230,22,12,4.74,11.23
2231,21,12,4.04,12.33
2232,21,12,4.14,12.9
2233,21,12,3.89,13.48
2234,21,12,3.85,14.05
2235,20,12,3.58,15.35
2236,22,12,4.16,14.5
2237,20,12,3.51,16.55
2238,21,12,4.03,16.33
2239,21,12,3.83,16.9
2240,22,12,4.33,16.68
2241,20,12,3.63,18.95
2242,22,12,4.4,17.77
2243,20,12,3.49,20.15
2244,21,12,4.04,19.76
2245,21,12,3.87,20.33
2246,22,12,4.63,19.95
2247,20,12,4.01,22.55
2248,22,12,4.17,21.05
2249,21,12,3.48,22.62
2250,22,12,3.03,22.14
2251,21,11,1.83,19.38
2252,21,10,1.65,15.62
2253,22,9,1.66,11.36
2254,22,7,1.55,7.77
2255,22,7,2.13,4.36
2256,22,7,2.76,0.95
2257,22,8,3.67,1.32
2258,21,9,4.02,1.81
2259,19,10,3.7,2.53
2260,21,10,4.58,2.76
2261,20,10,4.35,3.4
2262,20,10,4.52,3.9
2263,20,10,4.45,4.4
2264,20,10,4.65,4.9
2265,20,10,4.87,5.4
2266,20,10,4.91,5.9
2267,20,10,4.77,6.4
2268,20,10,4.79,6.9
2269,19,10,4.34,7.79
2270,20,10,4.64,7.9
2271,21,10,5.28,8.0
2272,20,10,4.71,8.9
2273,20,10,4.65,9.4
2274,20,10,4.64,9.9
2275,21,10,4.71,9.9
2276,20,10,4.67,10.9
2277,21,10,5.19,10.86
2278,20,10,4.91,11.9
2279,20,10,5.17,12.4
2280,20,10,4.9,12.9
2281,20,10,4.87,13.4
2282,20,10,4.63,13.9
2283,20,10,4.8,14.4
2284,20,10,4.86,14.9
2285,20,10,4.75,15.4
2286,20,10,4.87,15.9
2287,21,10,5.13,15.62
2288,20,10,4.76,16.9
2289,20,10,5.03,17.4
2290,20,10,4.87,17.9
2291,20,10,5.03,18.4
2292,20,10,5.19,18.9
2293,20,10,4.94,19.4
2294,20,10,4.96,19.9
2295,20,10,3.77,20.4
2296,20,10,3.08,16.45
2297,21,8,2.86,11.95
2298,20,6,2.08,8.6
2299,20,4,2.23,4.55
2300,20,4,2.61,0.6
2301,20,6,3.33,0.9
2302,21,7,3.02,1.19
2303,23,8,3.69,1.43
2304,21,10,3.15,2.05
2305,21,11,3.68,2.57
2306,22,12,3.86,3.0
2307,21,12,3.86,3.71
2308,22,12,4.03,4.09
2309,22,12,4.18,4.64
2310,21,12,3.76,5.43
2311,20,12,3.58,6.3
2312,21,12,3.92,6.57
2313,20,12,3.62,7.5
2314,21,12,4.16,7.71
2315,21,12,4.02,8.29
2316,22,12,4.43,8.45
2317,22,12,4.11,9.0
2318,22,12,4.36,9.55
2319,21,12,3.95,10.57
2320,22,12,4.27,10.64
2321,20,12,3.69,12.3
2322,21,12,4.3,12.29
2323,21,12,3.96,12.86
2324,21,12,4.27,13.43
2325,21,12,4.23,14.0
2326,22,12,4.53,13.91
2327,20,12,3.98,15.9
2328,21,12,4.03,15.71
2329,20,12,3.9,17.1
2330,21,12,4.55,16.86
2331,21,12,4.43,17.43
2332,20,12,4.18,18.9
2333,21,12,4.25,18.57
2334,20,12,3.75,20.1
2335,21,12,3.96,19.71
2336,21,12,3.95,20.29
2337,20,12,3.83,21.9
2338,22,12,4.26,20.45
2339,22,12,3.9,21.0
2340,22,12,3.15,21.55
2341,22,11,2.34,17.95
2342,22,9,1.64,14.55
2343,22,8,1.77,11.09
2344,23,8,2.13,7.35
2345,22,7,2.26,4.27
2346,22,7,2.91,0.91
2347,21,8,3.18,1.33
2348,21,9,3.89,1.76
2349,19,9,3.62,2.42
2350,21,10,4.23,2.67
2351,21,10,4.72,3.14
2352,20,10,4.81,3.8
2353,20,10,4.77,4.3
2354,19,10,5.04,5.05
2355,20,10,5.19,5.3
2356,19,10,5.11,6.11
2357,19,10,5.08,6.63
2358,20,10,5.49,6.8
2359,19,10,4.97,7.68
2360,19,10,4.71,8.21
2361,20,10,5.29,8.3
2362,20,10,5.06,8.8
2363,20,10,5.07,9.3
2364,21,10,5.12,9.33
2365,20,10,4.89,10.3
2366,20,10,5.02,10.8
2367,20,10,4.77,11.3
2368,19,10,4.41,12.42
2369,19,10,4.61,12.95
2370,19,10,4.48,13.47
2371,20,10,4.91,13.3
2372,20,10,4.63,13.8
2373,21,10,4.98,13.62
2374,20,10,4.81,14.8
2375,21,10,4.96,14.57
2376,20,10,4.83,15.8
2377,19,10,4.7,17.16
2378,20,10,5.04,16.8
2379,20,10,5.31,17.3
2380,20,10,5.15,17.8
2381,20,10,5.11,18.3
2382,18,10,4.1,20.89
2383,20,10,4.58,19.3
2384,19,10,4.19,20.84
2385,21,10,3.82,19.33
2386,20,8,3.15,16.35
2387,22,7,3.22,11.27
2388,20,6,2.58,8.4
2389,20,5,2.41,4.45
2390,21,4,2.92,0.48
2391,21,7,3.37,0.81
2392,21,7,3.38,1.14
2393,22,9,3.96,1.5
2394,21,9,3.69,1.95
2395,21,10,4.23,2.43
2396,22,11,4.34,2.82
2397,21,12,4.26,3.52
2398,22,12,4.42,3.91
2399,20,12,3.53,4.9
2400,22,12,3.93,5.0
2401,21,12,3.69,5.81
2402,21,12,3.86,6.38
2403,21,12,3.96,6.95
2404,22,12,4.27,7.18
2405,21,12,4.29,8.1
2406,22,12,4.55,8.27
2407,21,12,4.24,9.24
2408,22,12,4.45,9.36
2409,21,12,4.32,10.38
2410,21,12,4.46,10.95
2411,22,12,4.68,11.0
2412,21,12,4.52,12.1
2413,22,12,4.5,12.09
2414,20,12,3.75,13.9
2415,21,12,4.19,13.81
2416,21,12,3.91,14.38
2417,21,12,4.13,14.95
2418,22,12,4.29,14.82
2419,21,12,3.89,16.1
2420,21,12,4.22,16.67
2421,22,12,4.47,16.45
2422,20,12,3.85,18.7
2423,22,12,4.61,17.55
2424,20,12,3.66,19.9
2425,21,12,4.14,19.52
2426,21,12,4.04,20.1
2427,21,12,4.01,20.67
2428,22,12,4.04,20.27
2429,22,12,3.61,20.82
2430,23,12,2.58,20.43
2431,22,11,2.06,17.91
2432,21,10,1.49,15.19
2433,23,8,1.62,10.57
2434,23,9,2.16,7.3
2435,22,8,2.36,4.36
2436,22,7,2.92,1.05
2437,21,8,3.24,1.48
2438,21,9,4.01,1.9
2439,19,10,3.74,2.63
2440,20,10,4.31,3.0
2441,19,10,4.11,3.68
2442,20,10,4.5,4.0
2443,21,10,4.92,4.29
2444,20,10,4.37,5.0
2445,21,10,4.73,5.24
2446,20,10,4.54,6.0
2447,21,10,5.11,6.19
2448,20,10,4.65,7.0
2449,21,10,5.3,7.14
2450,20,10,4.68,8.0
2451,21,10,5.33,8.1
2452,19,10,4.61,9.47
2453,21,10,5.3,9.05
2454,19,10,4.62,10.53
2455,20,10,4.74,10.5
2456,20,10,4.83,11.0
2457,19,10,4.46,12.11
2458,20,10,4.55,12.0
2459,20,10,4.76,12.5
2460,19,10,4.61,13.68
2461,20,10,4.63,13.5
2462,19,10,4.32,14.74
2463,20,10,4.32,14.5
2464,20,10,4.48,15.0
2465,22,10,4.92,14.09
2466,20,10,4.32,16.0
2467,21,10,4.77,15.71
2468,21,10,4.7,16.19
2469,21,10,5.23,16.67
2470,20,10,5.06,18.0
2471,20,10,4.83,18.5
2472,20,10,4.96,19.0
2473,20,10,4.41,19.5
2474,20,10,4.16,20.0
2475,20,11,3.36,20.55
2476,21,9,2.8,15.76
2477,20,8,2.23,12.65
2478,21,7,2.51,8.29
2479,20,6,2.11,4.75
2480,21,5,2.6,0.76
2481,21,6,3.35,1.05
2482,21,8,3.36,1.43
2483,22,10,3.92,1.82
2484,22,11,4.15,2.32
2485,21,12,4.18,3.0
2486,22,12,4.4,3.41
2487,21,12,4.32,4.14
2488,21,12,4.56,4.71
2489,21,12,4.37,5.29
2490,21,12,4.42,5.86
2491,21,12,4.22,6.43
2492,21,12,4.28,7.0
2493,21,12,4.2,7.57
2494,21,12,4.2,8.14
2495,20,12,3.88,9.15
2496,22,12,4.63,8.86
2497,21,12,4.35,9.86
2498,20,12,3.99,10.95
2499,21,12,4.29,11.0
2500,20,12,3.96,12.15
2501,21,12,4.21,12.14
2502,21,12,4.4,12.71
2503,20,12,3.88,13.95
2504,22,12,4.6,13.23
2505,20,12,3.94,15.15
2506,22,12,4.57,14.32
2507,20,12,3.77,16.35
2508,22,12,4.32,15.41
2509,21,12,3.86,16.71
2510,21,12,4.02,17.29
2511,20,12,3.68,18.75
2512,21,12,4.05,18.43
2513,21,12,4.33,19.0
2514,20,12,3.95,20.55
2515,22,12,4.47,19.23
2516,21,12,4.19,20.71
2517,22,12,4.44,20.32
2518,21,12,4.12,21.86
2519,22,12,3.67,21.41
2520,22,13,3.38,22.0
2521,21,11,2.61,19.33
2522,22,10,1.71,14.95
2523,21,10,1.37,12.1
2524,21,8,1.76,8.48
2525,22,7,2.27,4.59
2526,22,6,2.99,1.05
2527,21,7,3.17,1.43
2528,21,8,4.02,1.81
2529,20,9,4.33,2.35
2530,20,10,4.44,2.85
2531,20,10,4.71,3.35
2532,19,10,4.61,4.05
2533,20,10,5.02,4.35
2534,19,10,5.08,5.11
2535,20,10,5.26,5.35
2536,19,10,4.99,6.16
2537,20,10,5.04,6.35
2538,20,10,5.04,6.85
2539,19,10,4.72,7.74
2540,20,10,5.03,7.85
2541,19,10,4.78,8.79
2542,20,10,4.79,8.85
2543,20,10,4.9,9.35
2544,19,10,4.7,10.37
2545,20,10,4.78,10.35
2546,19,10,4.66,11.42
2547,19,10,4.64,11.95
2548,20,10,4.87,11.85
2549,21,10,5.51,11.76
2550,20,10,5.09,12.85
2551,20,10,5.29,13.35
2552,20,10,4.94,13.85
2553,20,10,5.03,14.35
2554,20,10,5.22,14.85
2555,20,10,5.1,15.35
2556,18,10,4.45,17.61
2557,19,10,5.11,17.21
2558,19,10,4.63,17.74
2559,19,10,4.95,18.26
2560,20,10,5.1,17.85
2561,20,10,5.06,18.35
2562,20,10,5.03,18.85
2563,20,10,4.84,19.35
2564,21,10,5.08,18.9
2565,20,10,3.74,20.35
2566,21,8,3.42,15.52
2567,20,7,2.34,12.35
2568,21,6,2.54,8.0
2569,20,5,2.16,4.45
2570,21,5,2.56,0.52
2571,22,6,3.11,0.77
2572,21,7,3.28,1.14
2573,22,8,3.81,1.45
2574,21,9,3.62,1.95
2575,22,11,4.02,2.36
2576,21,11,3.57,3.0
2577,21,12,3.93,3.57
2578,22,12,4.04,3.95
2579,22,12,4.09,4.5
2580,21,12,3.75,5.29
2581,22,12,4.02,5.59
2582,21,12,3.85,6.43
2583,21,12,4.01,7.0
2584,22,12,3.99,7.23
2585,22,12,4.32,7.77
2586,21,12,4.09,8.71
2587,21,12,4.0,9.29
2588,21,12,4.16,9.86
2589,21,12,3.8,10.43
2590,22,12,4.27,10.5
2591,20,12,3.56,12.15
2592,21,12,3.81,12.14
2593,20,12,3.42,13.35
2594,22,12,3.93,12.68
2595,22,12,4.03,13.23
2596,22,12,4.19,13.77
2597,22,12,3.95,14.32
2598,21,12,3.7,15.57
2599,21,12,3.98,16.14
2600,21,12,3.62,16.71
2601,21,12,4.02,17.29
2602,22,12,4.15,17.05
2603,22,12,4.25,17.59
2604,21,12,3.87,19.0
2605,21,12,3.75,19.57
2606,22,12,4.4,19.23
2607,20,12,3.77,21.75
2608,22,12,4.28,20.32
2609,21,12,3.7,21.86
2610,22,12,3.25,21.41
2611,22,10,2.47,17.91
2612,22,10,1.85,14.5
2613,22,9,1.97,11.05
2614,22,8,1.72,7.64
2615,22,7,2.33,4.27
2616,22,6,3.0,0.91
2617,21,8,3.49,1.33
2618,21,10,4.15,1.81
2619,21,10,4.4,2.29
2620,21,10,4.53,2.76
2621,19,10,4.15,3.58
2622,20,10,4.52,3.9
2623,20,10,4.68,4.4
2624,20,10,4.26,4.9
2625,20,10,4.37,5.4
2626,20,10,4.42,5.9
2627,22,10,4.87,5.82
2628,20,10,4.61,6.9
2629,21,10,5.14,7.05
2630,20,10,4.48,7.9
2631,21,10,5.04,8.0
2632,20,10,4.88,8.9
2633,20,10,4.55,9.4
2634,20,10,4.95,9.9
2635,19,10,4.99,10.95
2636,20,10,5.05,10.9
2637,19,10,4.9,12.0
2638,20,10,4.89,11.9
2639,20,10,5.08,12.4
2640,19,10,4.9,13.58
2641,20,10,5.03,13.4
2642,20,10,5.25,13.9
2643,20,10,5.05,14.4
2644,19,10,4.68,15.68
2645,19,10,5.06,16.21
2646,20,10,5.16,15.9
2647,20,10,5.31,16.4
2648,20,10,5.23,16.9
2649,20,10,5.18,17.4
2650,18,10,4.46,19.89
2651,20,10,5.09,18.4
2652,18,10,4.5,21.0
2653,20,10,4.52,19.4
2654,19,11,3.8,21.0
2655,20,11,3.13,20.5
2656,20,9,2.43,16.55
2657,20,9,2.21,12.65
2658,21,8,1.62,8.38
2659,21,6,1.96,4.67
2660,21,6,2.45,0.95
2661,21,6,2.96,1.24
2662,21,8,2.94,1.62
2663,22,9,3.84,1.95
2664,22,10,4.01,2.41
2665,21,11,4.09,3.05
2666,22,12,4.4,3.45
2667,20,12,3.95,4.4
2668,22,12,4.82,4.55
2669,20,12,3.9,5.6
2670,21,12,4.58,5.9
2671,21,12,4.35,6.48
2672,21,12,4.41,7.05
2673,21,12,4.16,7.62
2674,21,12,4.23,8.19
2675,20,12,4.03,9.2
2676,22,12,4.73,8.91
2677,20,12,3.8,10.4
2678,22,12,4.32,10.0
2679,21,12,4.11,11.05
2680,21,12,4.3,11.62
2681,21,12,4.16,12.19
2682,21,12,4.16,12.76
2683,22,12,4.16,12.73
2684,22,12,4.5,13.27
2685,20,12,3.76,15.2
2686,22,12,4.42,14.36
2687,20,12,3.81,16.4
2688,22,12,4.31,15.45
2689,20,12,3.54,17.6
2690,21,12,4.01,17.33
2691,21,12,3.66,17.9
2692,22,12,4.21,17.64
2693,20,12,3.55,20.0
2694,22,12,4.08,18.73
2695,21,12,3.78,20.19
2696,22,12,3.88,19.82
2697,21,12,3.64,21.33
2698,21,12,3.57,21.9
2699,22,12,3.09,21.45
2700,22,12,2.7,22.0
2701,22,12,2.03,18.41
2702,22,10,1.42,14.91
2703,22,9,1.88,11.41
2704,22,8,1.72,7.91
2705,22,7,2.33,4.45
2706,22,6,2.93,1.0
2707,21,9,3.23,1.48
2708,21,10,3.94,1.95
2709,19,10,3.85,2.68
2710,20,10,4.41,3.05
2711,20,10,4.6,3.55
2712,20,10,4.79,4.05
2713,21,10,5.3,4.33
2714,19,10,4.82,5.32
2715,20,10,4.86,5.55
2716,20,10,5.03,6.05
2717,20,10,4.74,6.55
2718,20,10,4.61,7.05
2719,19,10,4.26,7.95
2720,20,10,4.62,8.05
2721,21,10,5.11,8.14
2722,19,10,4.46,9.53
2723,20,10,4.56,9.55
2724,20,10,4.66,10.05
2725,20,10,4.69,10.55
2726,20,10,4.55,11.05
2727,21,10,5.06,11.0
2728,20,10,4.69,12.05
2729,21,10,5.27,11.95
2730,19,10,4.7,13.74
2731,21,10,5.29,12.9
2732,20,10,5.04,14.05
2733,20,10,4.78,14.55
2734,20,10,4.78,15.05
2735,19,10,4.6,16.37
2736,20,10,4.82,16.05
2737,20,10,4.85,16.55
2738,18,10,4.15,18.94
2739,20,10,4.58,17.55
2740,19,10,4.47,19.0
2741,20,10,4.46,18.55
2742,20,10,4.57,19.05
2743,21,10,3.81,18.62
2744,22,11,3.52,18.27
2745,22,11,2.6,18.77
2746,22,10,2.05,15.14
2747,21,9,1.71,12.14
2748,21,8,1.89,8.48
2749,22,7,1.66,4.59
2750,22,7,2.12,1.05
2751,22,7,2.71,1.36
2752,21,9,2.97,1.86
2753,22,10,3.7,2.23
2754,22,11,3.92,2.73
2755,21,12,3.97,3.43
2756,22,12,4.29,3.82
2757,22,12,4.49,4.36
2758,22,12,4.21,4.91
2759,21,12,4.08,5.71
2760,22,12,4.15,6.0
2761,22,12,4.35,6.55
2762,21,12,3.87,7.43
2763,21,12,3.68,8.0
2764,21,12,3.88,8.57
2765,20,12,3.67,9.6
2766,22,12,4.2,9.27
2767,21,12,4.18,10.29
2768,21,12,4.66,10.86
2769,21,12,4.46,11.43
2770,21,12,4.63,12.0
2771,21,12,4.16,12.57
2772,21,12,4.38,13.14
2773,20,12,4.01,14.4
2774,21,12,4.15,14.29
2775,20,12,4.03,15.6
2776,20,12,3.98,16.2
2777,21,12,4.44,16.0
2778,21,12,4.63,16.57
2779,21,12,4.36,17.14
2780,21,12,4.52,17.71
2781,21,12,4.27,18.29
2782,20,12,3.7,19.8
2783,20,12,3.84,20.4
2784,21,12,3.92,20.0
2785,20,12,3.8,21.6
2786,21,12,4.2,21.14
2787,21,12,3.93,21.71
2788,21,12,3.71,22.29
2789,22,13,3.35,21.86
2790,22,13,3.07,22.45
2791,21,11,1.55,19.67
2792,22,9,1.59,15.14
2793,21,9,1.19,12.14
2794,22,9,1.56,8.09
2795,22,7,2.1,4.59
2796,22,7,2.72,1.09
2797,21,9,3.08,1.57
2798,21,9,3.63,2.0
2799,21,10,4.14,2.48
2800,21,10,4.11,2.95
2801,21,10,4.64,3.43
2802,20,10,4.66,4.1
2803,21,10,4.96,4.38
2804,20,10,4.94,5.1
2805,19,10,4.45,5.89
2806,20,10,4.68,6.1
2807,19,10,4.08,6.95
2808,20,10,4.46,7.1
2809,21,10,4.91,7.24
2810,21,10,4.92,7.71
2811,21,10,4.77,8.19
2812,20,10,4.6,9.1
2813,21,10,4.86,9.14
2814,20,10,4.49,10.1
2815,21,10,5.07,10.1
2816,20,10,4.71,11.1
2817,21,10,5.27,11.05
2818,19,10,4.7,12.74
2819,20,10,4.89,12.6
2820,20,10,5.02,13.1
2821,20,10,4.86,13.6
2822,20,10,4.97,14.1
2823,19,10,4.66,15.37
2824,20,10,4.64,15.1
2825,20,10,4.85,15.6
2826,19,10,4.58,16.95
2827,20,10,4.91,16.6
2828,20,10,5.27,17.1
2829,20,10,5.12,17.6
2830,20,10,5.01,18.1
2831,19,10,4.65,19.58
2832,20,10,4.79,19.1
2833,20,10,4.89,19.6
2834,20,10,4.34,20.1
2835,20,10,3.59,20.6
2836,21,10,2.89,15.81
2837,20,7,2.34,12.55
2838,21,8,2.3,8.24
2839,22,7,2.5,4.32
2840,21,5,2.55,0.76
2841,22,6,3.08,1.0
2842,21,7,3.21,1.38
2843,22,9,3.63,1.73
2844,22,11,3.85,2.23
2845,21,12,3.81,2.9
2846,21,12,3.65,3.48
2847,21,12,4.0,4.05
2848,22,12,4.14,4.41
2849,22,12,4.12,4.95
2850,21,12,3.83,5.76
2851,21,12,3.48,6.33
2852,21,12,3.49,6.9
2853,21,12,3.7,7.48
2854,22,12,3.87,7.68
2855,21,12,3.7,8.62
2856,23,12,4.04,8.39
2857,21,12,3.44,9.76
2858,23,12,4.14,9.43
2859,22,12,3.89,10.41
2860,21,12,3.49,11.48
2861,22,12,4.04,11.5
2862,22,12,4.17,12.05
2863,21,12,4.01,13.19
2864,22,12,4.44,13.14
2865,21,12,4.19,14.33
2866,22,12,4.18,14.23
2867,22,12,4.45,14.77
2868,22,12,4.18,15.32
2869,22,12,4.28,15.86
2870,21,12,3.96,17.19
2871,21,12,3.84,17.76
2872,22,12,4.58,17.5
2873,20,12,3.83,19.85
2874,22,12,4.39,18.59
2875,20,12,3.73,21.05
2876,21,12,4.19,20.62
2877,21,12,4.09,21.19
2878,21,12,3.99,21.76
2879,21,12,3.51,22.33
2880,21,12,2.88,22.9
2881,21,10,2.23,19.19
2882,22,9,2.4,14.77
2883,22,9,2.76,11.27
2884,23,7,2.36,7.43
2885,23,7,2.81,4.13
2886,22,8,2.8,0.91
2887,21,7,3.08,1.24
2888,21,8,3.75,1.62
2889,22,9,4.29,1.95
2890,21,10,3.98,2.52
2891,20,10,3.71,3.15
2892,20,10,3.53,3.65
2893,21,10,3.95,3.95
2894,21,10,3.96,4.43
2895,22,10,4.02,4.68
2896,21,10,3.97,5.38
2897,21,10,3.87,5.86
2898,22,10,4.0,6.05
2899,23,10,4.47,6.22
2900,21,10,4.17,7.29
2901,23,10,4.58,7.09
2902,21,10,4.16,8.24
2903,22,10,4.56,8.32
2904,21,10,4.32,9.19
2905,21,10,4.38,9.67
2906,21,10,4.66,10.14
2907,21,10,4.41,10.62
2908,21,10,4.68,11.1
2909,21,10,4.64,11.57
2910,21,10,4.55,12.05
2911,21,10,4.8,12.52
2912,20,10,4.63,13.65
2913,21,10,4.76,13.48
2914,21,10,4.92,13.95
2915,20,10,4.7,15.15
2916,20,10,4.57,15.65
2917,21,10,5.2,15.38
2918,20,10,4.6,16.65
2919,21,10,4.96,16.33
2920,20,10,4.04,17.65
2921,21,10,4.26,17.29
2922,20,10,4.16,18.65
2923,22,10,4.57,17.41
2924,20,10,3.77,19.65
2925,21,10,3.89,19.19
2926,21,8,2.76,15.43
2927,21,8,2.64,11.71
2928,21,7,2.38,8.0
2929,21,6,2.74,4.29
2930,21,5,2.68,0.67
2931,21,6,3.34,0.95
2932,21,7,3.27,1.29
2933,23,9,4.01,1.57
2934,21,10,3.71,2.19
2935,22,11,4.15,2.59
2936,22,11,4.15,3.09
2937,21,12,3.88,3.81
2938,21,12,4.21,4.38
2939,21,12,3.96,4.95
2940,21,12,4.15,5.52
2941,22,12,4.31,5.82
2942,21,12,4.09,6.67
2943,21,12,4.31,7.24
2944,21,12,3.94,7.81
2945,21,12,4.13,8.38
2946,22,12,4.41,8.55
2947,22,12,4.5,9.09
2948,21,12,3.88,10.1
2949,22,12,4.38,10.18
2950,20,12,3.72,11.8
2951,22,12,4.2,11.27
2952,21,12,4.11,12.38
2953,21,12,4.51,12.95
2954,21,12,4.25,13.52
2955,21,12,4.37,14.1
2956,21,12,4.67,14.67
2957,21,12,4.42,15.24
2958,21,12,4.7,15.81
2959,21,12,4.39,16.38
2960,21,12,4.51,16.95
2961,21,12,4.18,17.52
2962,21,12,4.25,18.1
2963,20,12,4.05,19.6
2964,22,12,4.74,18.36
2965,20,12,3.94,20.8
2966,21,12,3.98,20.38
2967,20,12,3.62,22.0
2968,20,12,3.4,22.6
2969,21,12,3.58,22.1
2970,22,12,3.42,21.64
2971,21,11,2.2,19.0
2972,22,9,2.31,14.59
2973,23,8,2.63,10.61
2974,22,7,2.46,7.64
2975,23,6,2.79,4.0
2976,22,5,3.11,0.73
2977,21,6,3.28,1.05
2978,21,8,3.81,1.43
2979,21,8,4.03,1.81
2980,21,10,4.24,2.29
2981,20,10,4.43,2.9
2982,19,10,4.69,3.58
2983,20,10,4.85,3.9
2984,19,10,4.82,4.63
2985,20,10,5.12,4.9
2986,20,10,5.23,5.4
2987,19,10,4.26,6.21
2988,19,10,4.28,6.74
2989,19,10,3.95,7.26
2990,19,10,3.97,7.79
2991,20,10,4.54,7.9
2992,20,10,4.14,8.4
2993,20,10,4.51,8.9
2994,19,10,4.24,9.89
2995,20,10,4.61,9.9
2996,19,10,4.57,10.95
2997,20,10,5.36,10.9
2998,19,10,4.78,12.0
2999,20,10,5.26,11.9
3000,18,10,4.58,13.78
3001,20,10,5.4,12.9
3002,19,10,5.11,14.11
3003,20,10,5.25,13.9
3004,19,10,4.84,15.16
3005,19,10,5.07,15.68
3006,19,10,4.82,16.21
3007,19,10,5.14,16.74
3008,19,10,4.66,17.26
3009,20,10,5.24,16.9
3010,19,10,4.44,18.32
3011,20,10,5.0,17.9
3012,19,10,4.5,19.37
3013,20,10,4.71,18.9
3014,20,10,4.64,19.4
3015,20,10,4.12,19.9
3016,20,8,3.07,15.9
3017,20,6,3.29,11.95
3018,20,6,2.3,8.1
3019,20,5,2.53,4.25
3020,20,4,2.9,0.45
3021,21,5,3.22,0.67
3022,21,7,3.06,1.0
3023,21,8,3.05,1.38
3024,22,9,3.79,1.73
3025,22,10,3.79,2.18
3026,22,12,3.88,2.73
3027,21,12,3.6,3.43
3028,22,12,3.88,3.82
3029,22,12,4.03,4.36
3030,21,12,3.93,5.14
3031,22,12,4.15,5.45
3032,22,12,4.44,6.0
3033,21,12,4.31,6.86
3034,22,12,4.21,7.09
3035,21,12,4.07,8.0
3036,21,12,4.28,8.57
3037,21,12,4.09,9.14
3038,21,12,4.14,9.71
3039,22,12,4.12,9.82
3040,21,12,3.88,10.86
3041,21,12,3.92,11.43
3042,22,12,4.26,11.45
3043,21,12,3.78,12.57
3044,22,12,4.09,12.55
3045,22,12,4.02,13.09
3046,22,12,3.89,13.64
3047,23,12,4.15,13.57
3048,21,12,3.66,15.43
3049,22,12,3.82,15.27
3050,21,12,3.78,16.57
3051,21,12,3.91,17.14
3052,22,12,4.11,16.91
3053,21,12,3.87,18.29
3054,22,12,4.26,18.0
3055,21,12,3.98,19.43
3056,22,12,4.45,19.09
3057,21,12,3.95,20.57
3058,21,12,4.16,21.14
3059,22,12,4.21,20.73
3060,21,12,3.77,22.29
3061,22,10,3.19,17.82
3062,21,10,2.73,15.1
3063,22,8,2.34,11.0
3064,22,8,2.45,7.59
3065,22,7,2.41,4.23
3066,22,5,2.96,0.82
3067,21,7,3.13,1.19
3068,21,7,3.67,1.52
3069,21,9,4.2,1.95
3070,21,10,4.06,2.43
3071,21,10,4.57,2.9
3072,20,10,4.62,3.55
3073,20,10,4.35,4.05
3074,20,10,4.72,4.55
3075,20,10,4.71,5.05
3076,20,10,4.67,5.55
3077,21,10,5.05,5.76
3078,20,10,4.61,6.55
3079,20,10,4.7,7.05
3080,20,10,4.56,7.55
3081,20,10,4.55,8.05
3082,20,10,4.68,8.55
3083,20,10,4.33,9.05
3084,20,10,4.56,9.55
3085,21,10,4.63,9.57
3086,20,10,4.33,10.55
3087,21,10,4.59,10.52
3088,21,10,4.65,11.0
3089,21,10,5.06,11.48
3090,20,10,4.92,12.55
3091,21,10,5.09,12.43
3092,20,10,4.73,13.55
3093,21,10,5.02,13.38
3094,20,10,4.74,14.55
3095,20,10,4.99,15.05
3096,20,10,5.05,15.55
3097,20,10,5.16,16.05
3098,20,10,4.68,16.55
3099,20,10,4.83,17.05
3100,20,10,5.06,17.55
3101,20,10,5.15,18.05
3102,19,10,4.81,19.53
3103,19,10,4.66,20.05
3104,19,10,3.91,20.58
3105,20,10,3.68,20.05
3106,19,9,2.29,16.95
3107,20,8,2.5,12.2
3108,19,7,1.87,8.79
3109,21,6,2.11,4.33
3110,21,5,2.8,0.71
3111,21,6,3.29,1.0
3112,21,8,3.24,1.38
3113,21,8,3.84,1.76
3114,21,9,3.77,2.19
3115,20,10,3.76,2.8
3116,22,11,4.56,3.05
3117,21,11,4.26,3.71
3118,22,12,4.39,4.09
3119,21,12,4.2,4.86
3120,21,12,4.24,5.43
3121,21,12,4.06,6.0
3122,21,12,4.27,6.57
3123,21,12,4.03,7.14
3124,21,12,4.17,7.71
3125,20,12,3.81,8.7
3126,22,12,4.24,8.45
3127,21,12,4.26,9.43
3128,22,12,4.59,9.55
3129,20,12,3.83,11.1
3130,21,12,4.52,11.14
3131,22,12,4.73,11.18
3132,21,12,4.43,12.29
3133,22,12,4.46,12.27
3134,21,12,4.24,13.43
3135,21,12,4.31,14.0
3136,22,12,4.55,13.91
3137,21,12,4.14,15.14
3138,22,12,4.33,15.0
3139,21,12,4.03,16.29
3140,21,12,4.0,16.86
3141,22,12,4.37,16.64
3142,20,12,3.78,18.9
3143,22,12,4.36,17.73
3144,20,12,3.56,20.1
3145,22,12,4.26,18.82
3146,21,12,3.89,20.29
3147,21,12,3.85,20.86
3148,21,12,3.41,21.43
3149,22,12,3.9,21.0
3150,22,12,3.68,21.55
3151,22,10,3.1,17.95
3152,22,9,2.4,14.41
3153,22,7,2.45,10.91
3154,22,7,2.22,7.5
3155,23,7,2.74,3.91
3156,22,5,3.06,0.68
3157,21,7,3.37,1.05
3158,21,8,3.98,1.43
3159,20,10,4.41,2.0
3160,20,10,4.47,2.5
3161,20,10,4.79,3.0
3162,20,10,4.46,3.5
3163,21,10,5.03,3.81
3164,20,10,4.34,4.5
3165,21,10,4.78,4.76
3166,20,10,4.53,5.5
3167,21,10,4.71,5.71
3168,20,10,4.62,6.5
3169,21,10,4.96,6.67
3170,20,10,4.38,7.5
3171,21,10,4.91,7.62
3172,19,10,4.4,8.95
3173,21,10,5.0,8.57
3174,19,10,4.32,10.0
3175,21,10,4.69,9.52
3176,20,10,4.33,10.5
3177,22,10,4.6,10.0
3178,21,10,4.45,10.95
3179,21,10,4.56,11.43
3180,22,10,4.79,11.36
3181,21,10,4.68,12.38
3182,20,10,4.62,13.5
3183,21,10,5.05,13.33
3184,20,10,4.85,14.5
3185,19,10,4.83,15.79
3186,20,10,5.22,15.5
3187,19,10,4.95,16.84
3188,20,10,5.26,16.5
3189,19,10,4.59,17.89
3190,20,10,4.84,17.5
3191,20,10,4.78,18.0
3192,19,10,4.38,19.47
3193,21,10,4.76,18.1
3194,20,10,4.48,19.5
3195,21,10,4.05,19.05
3196,21,8,3.43,15.33
3197,22,8,3.28,11.14
3198,21,6,2.58,7.95
3199,21,6,2.74,4.29
3200,20,4,2.58,0.6
3201,21,5,3.22,0.81
3202,21,6,3.14,1.1
3203,22,7,3.87,1.36
3204,22,9,3.96,1.77
3205,21,10,3.93,2.33
3206,22,11,4.22,2.73
3207,21,12,4.22,3.43
3208,22,12,4.48,3.82
3209,20,12,3.89,4.8
3210,21,12,4.44,5.14
3211,21,12,4.2,5.71
3212,21,12,4.36,6.29
3213,21,12,4.1,6.86
3214,21,12,4.17,7.43
3215,20,12,3.92,8.4
3216,22,12,4.55,8.18
3217,21,12,4.2,9.14
3218,22,12,4.34,9.27
3219,22,12,4.56,9.82
3220,20,12,3.76,11.4
3221,22,12,4.46,10.91
3222,21,12,4.14,12.0
3223,22,12,4.52,12.0
3224,21,12,3.91,13.14
3225,22,12,4.54,13.09
3226,21,12,3.96,14.29
3227,22,12,4.38,14.18
3228,21,12,4.14,15.43
3229,21,12,3.67,16.0
3230,20,12,3.61,17.4
3231,21,12,4.04,17.14
3232,21,12,3.95,17.71
3233,21,12,4.06,18.29
3234,21,12,3.75,18.86
3235,22,12,4.25,18.55
3236,21,12,3.97,20.0
3237,22,12,4.39,19.64
3238,21,12,3.97,21.14
3239,22,12,3.51,20.73
3240,21,13,2.91,22.33
3241,22,11,2.38,17.82
3242,21,10,1.9,15.05
3243,22,9,2.12,11.0
3244,23,8,2.33,7.35
3245,23,8,2.78,4.17
3246,22,7,2.89,1.09
3247,21,8,3.17,1.52
3248,21,8,3.64,1.9
3249,20,10,3.79,2.5
3250,21,10,4.16,2.86
3251,21,10,4.7,3.33
3252,19,10,4.27,4.21
3253,21,10,5.11,4.29
3254,19,10,4.7,5.26
3255,21,10,5.39,5.24
3256,20,10,5.03,6.0
3257,21,10,5.24,6.19
3258,20,10,4.91,7.0
3259,20,10,4.91,7.5
3260,20,10,4.78,8.0
3261,20,10,4.85,8.5
3262,20,10,4.7,9.0
3263,20,10,4.66,9.5
3264,20,10,4.81,10.0
3265,20,10,4.66,10.5
3266,20,10,4.88,11.0
3267,19,10,4.63,12.11
3268,19,10,4.09,12.63
3269,20,10,4.58,12.5
3270,20,10,4.45,13.0
3271,21,10,5.03,12.86
3272,20,10,4.73,14.0
3273,21,10,5.02,13.81
3274,19,10,4.46,15.79
3275,20,10,4.8,15.5
3276,20,10,4.67,16.0
3277,21,10,5.11,15.71
3278,20,10,4.59,17.0
3279,21,10,4.85,16.67
3280,21,10,4.55,17.14
3281,21,10,5.0,17.62
3282,20,10,4.81,19.0
3283,19,10,4.73,20.53
3284,21,10,5.02,19.05
3285,21,10,4.28,19.52
3286,21,8,3.35,15.62
3287,22,7,3.11,11.32
3288,22,5,2.88,7.64
3289,20,4,2.33,4.3
3290,20,3,2.73,0.35
3291,21,4,3.0,0.52
3292,21,5,3.03,0.76
3293,22,6,3.76,1.0
3294,22,8,3.81,1.36
3295,21,9,3.8,1.86
3296,22,11,3.92,2.27
3297,22,12,4.18,2.82
3298,22,12,4.09,3.36
3299,22,12,4.34,3.91
3300,21,12,4.15,4.67
3301,22,12,4.56,5.0
3302,21,12,4.35,5.81
3303,20,12,4.03,6.7
3304,22,12,4.69,6.64
3305,21,12,4.3,7.52
3306,22,12,4.53,7.73
3307,20,12,3.61,9.1
3308,21,12,4.1,9.24
3309,20,12,3.16,10.3
3310,21,12,3.75,10.38
3311,21,12,3.46,10.95
3312,22,12,3.87,11.0
3313,21,12,3.61,12.1
3314,23,12,4.04,11.57
3315,21,12,3.64,13.24
3316,22,12,4.17,13.18
3317,21,12,3.57,14.38
3318,22,12,4.18,14.27
3319,22,12,4.15,14.82
3320,22,12,4.22,15.36
3321,22,12,4.3,15.91
3322,21,12,3.87,17.24
3323,21,12,4.31,17.81
3324,22,12,4.48,17.55
3325,20,12,3.7,19.9
3326,22,12,4.18,18.64
3327,21,12,3.88,20.1
3328,21,12,3.67,20.67
3329,22,13,3.48,20.32
3330,21,13,2.35,21.9
3331,20,12,1.65,19.3
3332,22,11,1.55,14.27
3333,22,10,1.87,11.05
3334,22,9,1.86,7.82
3335,22,7,2.25,4.55
3336,22,7,3.02,1.27
3337,21,8,3.35,1.71
3338,21,8,3.96,2.1
3339,19,9,3.75,2.79
3340,20,10,4.3,3.15
3341,20,10,4.19,3.65
3342,21,10,4.96,3.95
3343,21,10,4.95,4.43
3344,21,10,5.07,4.9
3345,19,10,4.46,5.95
3346,21,10,4.99,5.86
3347,20,10,4.83,6.65
3348,20,10,4.87,7.15
3349,20,10,4.77,7.65
3350,20,10,4.86,8.15
3351,20,10,4.65,8.65
3352,21,10,5.05,8.71
3353,20,10,4.52,9.65
3354,21,10,4.86,9.67
3355,20,10,4.51,10.65
3356,21,10,4.72,10.62
3357,20,10,4.58,11.65
3358,21,10,5.15,11.57
3359,20,10,4.71,12.65
3360,21,10,5.31,12.52
3361,19,10,4.73,14.37
3362,20,10,5.05,14.15
3363,20,10,5.39,14.65
3364,20,10,4.86,15.15
3365,20,10,4.88,15.65
3366,19,10,4.41,17.0
3367,20,10,4.87,16.65
3368,20,10,4.81,17.15
3369,20,10,4.65,17.65
3370,20,10,4.5,18.15
3371,19,10,3.87,19.63
3372,20,10,4.46,19.15
3373,19,10,4.11,20.68
3374,21,10,3.92,19.19
3375,21,11,3.44,19.71
3376,22,10,2.77,15.18
3377,22,8,2.78,11.59
3378,22,7,2.54,7.91
3379,23,6,2.87,4.13
3380,21,6,2.48,0.86
3381,22,7,2.92,1.14
3382,21,9,3.07,1.62
3383,22,9,3.68,1.95
3384,21,11,3.35,2.57
3385,21,12,3.86,3.14
3386,22,12,3.92,3.55
3387,21,12,3.74,4.29
3388,22,12,4.32,4.64
3389,21,12,3.71,5.43
3390,21,12,3.93,6.0
3391,22,12,4.18,6.27
3392,21,12,3.96,7.14
3393,21,12,4.39,7.71
3394,22,12,4.7,7.91
3395,20,12,4.09,9.3
3396,22,12,4.5,9.0
3397,21,12,4.06,10.0
3398,22,12,4.23,10.09
3399,20,12,3.5,11.7
3400,21,12,4.07,11.71
3401,21,12,3.85,12.29
3402,21,12,3.97,12.86
3403,22,12,4.25,12.82
3404,22,12,4.27,13.36
3405,21,12,3.86,14.57
3406,22,12,4.1,14.45
3407,21,12,3.75,15.71
3408,21,12,3.79,16.29
3409,21,12,3.63,16.86
3410,22,12,4.11,16.64
3411,21,12,3.57,18.0
3412,22,12,4.08,17.73
3413,21,12,3.78,19.14
3414,21,12,4.01,19.71
3415,22,12,4.41,19.36
3416,21,12,4.11,20.86
3417,22,12,4.49,20.45
3418,21,12,3.95,22.0
3419,21,12,3.06,22.57
3420,21,12,2.51,23.14
3421,20,12,1.68,20.35
3422,22,10,1.72,15.0
3423,22,10,2.07,11.55
3424,22,9,2.04,8.09
3425,22,7,2.61,4.59
3426,22,6,3.4,1.09
3427,21,7,3.73,1.48
3428,21,9,4.43,1.9
3429,20,10,4.12,2.5
3430,21,10,4.48,2.86
3431,20,10,4.34,3.5
3432,21,10,4.58,3.81
3433,20,10,4.58,4.5
3434,21,10,5.12,4.76
3435,20,10,4.8,5.5
3436,20,10,4.96,6.0
3437,19,10,4.88,6.84
3438,20,10,5.07,7.0
3439,19,10,4.92,7.89
3440,20,10,4.96,8.0
3441,20,10,5.08,8.5
3442,19,10,4.61,9.47
3443,20,10,4.86,9.5
3444,20,10,4.78,10.0
3445,20,10,4.77,10.5
3446,20,10,4.79,11.0
3447,20,10,4.95,11.5
3448,20,10,4.59,12.0
3449,20,10,4.71,12.5
3450,20,10,4.8,13.0
3451,20,10,4.61,13.5
3452,21,10,5.25,13.33
3453,20,10,5.04,14.5
3454,21,10,5.55,14.29
3455,19,10,4.89,16.32
3456,20,10,5.02,16.0
3457,19,10,5.06,17.37
3458,20,10,5.11,17.0
3459,19,10,4.91,18.42
3460,20,10,4.88,18.0
3461,19,10,4.41,19.47
3462,19,10,4.4,20.0
3463,20,10,4.13,19.5
3464,21,11,4.33,19.1
3465,22,11,4.0,18.73
3466,20,10,3.06,16.6
3467,21,9,3.05,12.05
3468,21,7,2.5,8.29
3469,22,7,2.85,4.45
3470,21,6,2.97,1.0
3471,21,7,3.43,1.33
3472,21,7,3.42,1.67
3473,22,9,3.87,2.0
3474,21,11,3.49,2.62
3475,22,11,4.15,3.0
3476,22,12,4.08,3.55
3477,22,12,4.21,4.09
3478,21,12,4.0,4.86
3479,23,12,4.57,4.96
3480,21,12,4.32,6.0
3481,22,12,4.55,6.27
3482,21,12,4.23,7.14
3483,22,12,4.54,7.36
3484,21,12,4.08,8.29
3485,21,12,4.14,8.86
3486,22,12,4.29,9.0
3487,21,12,4.14,10.0
3488,22,12,4.23,10.09
3489,21,12,3.89,11.14
3490,20,12,3.69,12.3
3491,22,12,4.46,11.73
3492,20,12,3.84,13.5
3493,21,12,4.43,13.43
3494,21,12,4.05,14.0
3495,22,12,4.58,13.91
3496,20,12,3.83,15.9
3497,22,12,4.79,15.0
3498,20,12,4.05,17.1
3499,21,12,4.15,16.86
3500,20,12,3.76,18.3
3501,22,12,4.35,17.18
3502,21,12,3.93,18.57
3503,21,12,4.16,19.14
3504,22,12,4.38,18.82
3505,21,12,4.17,20.29
3506,21,12,3.99,20.86
3507,22,12,4.44,20.45
3508,20,12,3.76,23.1
3509,22,12,3.62,21.55
3510,21,12,2.79,23.14
3511,22,11,2.48,18.55
3512,21,9,2.03,15.67
3513,20,9,1.55,12.6
3514,22,8,1.73,7.95
3515,22,6,2.45,4.36
3516,21,6,2.7,0.9
3517,21,6,3.36,1.19
3518,21,8,3.9,1.57
3519,20,10,3.57,2.15
3520,20,10,4.06,2.65
3521,20,10,4.34,3.15
3522,20,10,4.38,3.65
3523,21,10,5.0,3.95
3524,19,10,4.63,4.89
3525,21,10,5.14,4.9
3526,20,10,5.19,5.65
3527,21,10,5.81,5.86
3528,19,10,5.23,7.0
3529,20,10,5.27,7.15
3530,20,10,5.26,7.65
3531,20,10,4.84,8.15
3532,20,10,5.02,8.65
3533,19,10,4.88,9.63
3534,20,10,5.1,9.65
3535,19,10,4.62,10.68
3536,18,10,4.19,11.83
3537,20,10,4.76,11.15
3538,19,10,4.6,12.26
3539,21,10,5.19,11.57
3540,20,10,4.88,12.65
3541,20,10,4.85,13.15
3542,20,10,4.82,13.65
3543,20,10,4.82,14.15
3544,20,10,4.57,14.65
3545,20,10,4.79,15.15
3546,20,10,5.1,15.65
3547,20,10,4.93,16.15
3548,20,10,5.25,16.65
3549,19,10,5.08,18.05
3550,19,10,4.83,18.58
3551,20,10,5.63,18.15
3552,18,10,4.87,20.72
3553,19,10,4.99,20.16
3554,19,10,4.32,20.68
3555,20,10,3.84,20.15
3556,21,9,3.11,15.43
3557,20,7,2.32,12.2
3558,20,7,1.76,8.35
3559,20,6,1.98,4.55
3560,21,5,2.34,0.67
3561,21,5,2.9,0.9
3562,21,7,2.81,1.24
3563,21,8,3.37,1.62
3564,23,9,4.27,1.87
3565,21,10,3.93,2.52
3566,23,12,4.44,2.83
3567,21,12,4.02,3.67
3568,22,12,4.16,4.05
3569,21,12,3.7,4.81
3570,21,12,3.9,5.38
3571,22,12,4.13,5.68
3572,21,12,3.72,6.52
3573,22,12,3.97,6.77
3574,22,12,4.05,7.32
3575,21,12,3.94,8.24
3576,22,12,4.11,8.41
3577,21,12,3.99,9.38
3578,21,12,4.25,9.95
3579,21,12,3.87,10.52
3580,21,12,4.05,11.1
3581,22,12,4.27,11.14
3582,21,12,3.81,12.24
3583,21,12,3.92,12.81
3584,22,12,4.2,12.77
3585,20,12,3.6,14.65
3586,21,12,4.3,14.52
3587,21,12,4.01,15.1
3588,22,12,4.47,14.95
3589,20,12,3.82,17.05
3590,22,12,4.5,16.05
3591,20,12,3.84,18.25
3592,21,12,4.05,17.95
3593,20,12,3.73,19.45
3594,21,12,4.28,19.1
3595,21,12,4.03,19.67
3596,21,12,4.24,20.24
3597,22,12,4.26,19.86
3598,22,12,4.1,20.41
3599,22,13,3.54,21.0
3600,22,13,2.81,21.59
3601,21,12,1.68,19.0
3602,22,11,1.76,14.68
3603,21,10,1.42,11.86
3604,22,9,1.8,7.95
3605,22,8,2.24,4.64
3606,22,8,2.91,1.36
3607,21,8,3.3,1.81
3608,21,9,3.86,2.24
3609,20,9,4.16,2.8
3610,21,10,4.49,3.14
3611,21,10,4.85,3.62
3612,20,10,4.41,4.3
3613,21,10,4.95,4.57
3614,21,10,4.73,5.05
3615,21,10,4.93,5.52
3616,20,10,4.72,6.3
3617,19,10,4.55,7.16
3618,20,10,4.74,7.3
3619,19,10,4.34,8.21
3620,20,10,4.54,8.3
3621,20,10,4.55,8.8
3622,20,10,4.81,9.3
3623,20,10,4.55,9.8
3624,20,10,4.58,10.3
3625,20,10,4.89,10.8
3626,20,10,4.68,11.3
3627,21,10,5.15,11.24
3628,19,10,4.47,12.95
3629,20,10,4.74,12.8
3630,20,10,5.02,13.3
3631,20,10,4.76,13.8
3632,20,10,4.9,14.3
3633,21,10,4.94,14.1
3634,20,10,4.64,15.3
3635,21,10,5.15,15.05
3636,20,10,4.69,16.3
3637,21,10,5.31,16.0
3638,20,10,5.06,17.3
3639,20,10,4.92,17.8
3640,19,10,4.76,19.26
3641,19,10,5.01,19.79
3642,20,10,5.1,19.3
3643,19,10,4.78,20.84
3644,21,10,4.86,19.33
3645,19,11,3.36,21.95
3646,20,9,2.28,16.75
3647,20,8,2.09,12.7
3648,20,8,1.63,8.75
3649,21,6,1.88,4.57
3650,21,6,2.35,0.86
3651,22,7,2.83,1.14
3652,21,8,2.96,1.57
3653,23,9,3.55,1.83
3654,22,10,3.59,2.36
3655,21,11,3.52,3.0
3656,22,12,3.49,3.41
3657,21,12,3.42,4.14
3658,21,12,3.55,4.71
3659,22,12,3.76,5.05
3660,22,12,3.78,5.59
3661,22,12,3.53,6.14
3662,23,12,3.97,6.39
3663,21,12,3.52,7.57
3664,23,12,4.14,7.43
3665,22,12,4.15,8.32
3666,22,12,4.37,8.86
3667,22,12,4.35,9.41
3668,21,12,4.2,10.43
3669,22,12,4.51,10.5
3670,21,12,4.12,11.57
3671,21,12,4.39,12.14
3672,21,12,3.97,12.71
3673,20,12,3.84,13.95
3674,21,12,4.57,13.86
3675,20,12,4.01,15.15
3676,21,12,4.65,15.0
3677,21,12,4.3,15.57
3678,20,12,3.93,16.95
3679,22,12,4.61,15.95
3680,21,12,4.2,17.29
3681,21,12,4.17,17.86
3682,22,12,4.37,17.59
3683,21,12,4.01,19.0
3684,22,12,4.26,18.68
3685,21,12,3.78,20.14
3686,21,12,3.79,20.71
3687,22,12,3.95,20.32
3688,21,12,3.6,21.86
3689,22,12,3.11,21.41
3690,22,13,2.37,22.0
3691,21,12,1.52,19.38
3692,22,10,1.46,15.0
3693,23,10,1.61,11.04
3694,22,9,1.7,8.09
3695,22,8,2.22,4.64
3696,22,7,2.93,1.23
3697,21,9,3.37,1.71
3698,21,10,4.12,2.19
3699,19,10,3.86,2.95
3700,21,10,4.77,3.14
3701,20,10,4.65,3.8
3702,21,10,4.96,4.1
3703,20,10,4.75,4.8
3704,20,10,5.11,5.3
3705,20,10,5.02,5.8
3706,21,10,5.52,6.0
3707,20,10,5.01,6.8
3708,20,10,5.16,7.3
3709,19,10,5.03,8.21
3710,20,10,5.02,8.3
3711,20,10,5.12,8.8
3712,20,10,4.65,9.3
3713,20,10,4.74,9.8
3714,19,10,4.57,10.84
3715,20,10,4.93,10.8
3716,20,10,5.04,11.3
3717,19,10,4.74,12.42
3718,19,10,4.19,12.95
3719,19,10,4.21,13.47
3720,21,10,4.69,12.67
3721,20,10,4.5,13.8
3722,22,10,4.92,13.0
3723,20,10,4.35,14.8
3724,21,10,5.04,14.57
3725,20,10,4.43,15.8
3726,21,10,5.1,15.52
3727,20,10,4.93,16.8
3728,20,10,4.86,17.3
3729,20,10,5.06,17.8
3730,19,10,4.83,19.26
3731,20,10,5.0,18.8
3732,20,10,5.22,19.3
3733,20,10,5.11,19.8
3734,20,10,5.01,20.3
3735,20,10,4.46,20.8
3736,20,8,3.77,16.65
3737,22,7,3.7,11.5
3738,20,6,2.93,8.55
3739,20,5,2.59,4.55
3740,20,4,3.0,0.5
3741,21,5,3.44,0.71
3742,20,7,3.38,1.1
3743,23,8,3.74,1.3
3744,22,8,3.92,1.73
3745,22,9,4.03,2.14
3746,22,11,3.98,2.64
3747,21,11,4.07,3.29
3748,22,12,4.42,3.68
3749,21,12,4.27,4.43
3750,22,12,4.59,4.77
3751,20,12,3.88,5.85
3752,21,12,4.33,6.14
3753,22,12,4.51,6.41
3754,21,12,4.35,7.29
3755,20,12,4.16,8.25
3756,21,12,4.43,8.43
3757,20,12,4.04,9.45
3758,22,12,4.36,9.14
3759,20,12,3.85,10.65
3760,21,12,4.27,10.71
3761,20,12,3.73,11.85
3762,21,12,4.26,11.86
3763,22,12,4.42,11.86
3764,21,12,4.3,13.0
3765,22,12,4.52,12.95
3766,21,12,4.09,14.14
3767,21,12,3.86,14.71
3768,22,12,4.38,14.59
3769,20,12,3.78,16.65
3770,22,12,4.34,15.68
3771,21,12,4.06,17.0
3772,21,12,4.08,17.57
3773,21,12,3.77,18.14
3774,21,12,3.96,18.71
3775,20,12,3.78,20.25
3776,22,12,4.37,18.95
3777,21,12,4.08,20.43
3778,21,12,4.08,21.0
3779,21,12,3.7,21.57
3780,21,12,3.05,22.14
3781,21,10,2.43,18.48
3782,21,9,1.82,14.86
3783,22,9,2.08,10.82
3784,23,7,2.1,7.04
3785,23,7,2.6,3.91
3786,22,7,2.63,0.86
3787,21,7,2.99,1.24
3788,21,9,3.81,1.67
3789,20,10,4.06,2.25
3790,21,10,4.44,2.62
3791,21,10,4.88,3.1
3792,19,10,4.42,3.95
3793,21,10,5.01,4.05
3794,19,10,4.58,5.0
3795,21,10,5.41,5.0
3796,20,10,5.05,5.75
3797,20,10,4.68,6.25
3798,20,10,4.83,6.75
3799,21,10,5.41,6.9
3800,20,10,4.94,7.75
3801,20,10,5.06,8.25
3802,20,10,4.83,8.75
3803,20,10,4.78,9.25
3804,20,10,4.9,9.75
3805,20,10,4.58,10.25
3806,20,10,4.71,10.75
3807,20,10,4.77,11.25
3808,19,10,4.15,12.37
3809,20,10,4.6,12.25
3810,20,10,4.24,12.75
3811,20,10,4.17,13.25
3812,20,10,4.18,13.75
3813,21,10,4.35,13.57
3814,21,10,4.51,14.05
3815,21,10,4.74,14.52
3816,21,10,4.74,15.0
3817,21,10,4.85,15.48
3818,19,10,4.58,17.63
3819,21,10,5.42,16.43
3820,20,10,5.31,17.75
3821,19,10,5.02,19.21
3822,20,10,5.29,18.75
3823,19,10,4.73,20.26
3824,21,10,4.67,18.81
3825,20,11,3.67,20.3
3826,21,9,2.76,15.62
3827,20,7,2.34,12.45
3828,20,7,1.87,8.55
3829,21,6,2.12,4.43
3830,21,4,2.46,0.67
3831,21,6,3.18,0.95
3832,21,8,3.25,1.33
3833,23,9,3.91,1.61
3834,21,11,3.37,2.29
3835,21,12,3.57,2.86
3836,22,12,3.71,3.27
3837,21,12,3.91,4.0
3838,21,12,4.19,4.57
3839,22,12,4.63,4.91
3840,21,12,4.41,5.71
3841,21,12,4.25,6.29
3842,21,12,4.23,6.86
3843,21,12,4.04,7.43
3844,21,12,4.0,8.0
3845,20,12,3.89,9.0
3846,22,12,4.68,8.73
3847,20,12,4.05,10.2
3848,20,12,4.1,10.8
3849,21,12,4.26,10.86
3850,20,12,3.91,12.0
3851,20,12,3.96,12.6
3852,20,12,3.7,13.2
3853,20,12,3.98,13.8
3854,22,12,4.56,13.09
3855,20,12,3.92,15.0
3856,22,12,4.44,14.18
3857,22,12,4.48,14.73
3858,21,12,4.23,16.0
3859,21,12,4.22,16.57
3860,21,12,4.43,17.14
3861,21,12,4.14,17.71
3862,21,12,4.16,18.29
3863,20,12,3.97,19.8
3864,21,12,4.2,19.43
3865,20,12,3.92,21.0
3866,22,12,4.58,19.64
3867,20,12,3.98,22.2
3868,21,12,4.54,21.71
3869,22,12,4.31,21.27
3870,21,12,3.29,22.86
3871,22,11,2.49,18.27
3872,21,10,1.91,15.57
3873,21,9,2.13,11.95
3874,22,8,1.7,7.95
3875,22,7,2.29,4.45
3876,22,6,2.98,0.95
3877,21,8,3.28,1.38
3878,21,8,4.04,1.76
3879,20,10,4.37,2.35
3880,20,10,4.5,2.85
3881,20,10,4.86,3.35
3882,20,10,5.15,3.85
3883,20,10,5.29,4.35
3884,20,10,5.12,4.85
3885,20,10,5.04,5.35
3886,19,10,4.89,6.16
3887,20,10,4.83,6.35
3888,20,10,5.03,6.85
3889,20,10,4.89,7.35
3890,20,10,5.08,7.85
3891,19,10,5.21,8.79
3892,20,10,5.47,8.85
3893,19,10,5.35,9.84
3894,19,10,5.02,10.37
3895,19,10,4.92,10.89
3896,19,10,4.44,11.42
3897,20,10,5.02,11.35
3898,18,10,4.46,13.17
3899,20,10,5.15,12.35
3900,18,10,4.3,14.28
3901,20,10,4.82,13.35
3902,20,10,4.93,13.85
3903,20,10,5.24,14.35
3904,20,10,5.21,14.85
3905,20,10,5.25,15.35
3906,20,10,5.05,15.85
3907,20,10,5.11,16.35
3908,18,10,4.5,18.72
3909,20,10,4.89,17.35
3910,20,10,5.04,17.85
3911,19,10,4.78,19.32
3912,19,10,4.55,19.84
3913,19,10,4.49,20.37
3914,20,10,4.12,19.85
3915,20,11,3.5,20.4
3916,20,9,2.86,16.4
3917,20,8,2.51,12.45
3918,19,7,1.97,9.0
3919,20,6,2.13,4.65
3920,21,5,2.57,0.76
3921,21,6,2.99,1.05
3922,20,7,3.15,1.45
3923,22,9,3.58,1.73
3924,22,9,3.78,2.14
3925,21,11,3.75,2.76
3926,22,12,4.04,3.18
3927,21,12,3.91,3.9
3928,21,12,4.02,4.48
3929,22,12,4.17,4.82
3930,22,12,4.37,5.36
3931,21,12,4.09,6.19
3932,22,12,4.19,6.45
3933,21,12,4.02,7.33
3934,21,12,3.98,7.9
3935,20,12,3.53,8.9
3936,21,12,4.2,9.05
3937,21,12,3.83,9.62
3938,22,12,4.17,9.73
3939,21,12,3.89,10.76
3940,22,12,4.11,10.82
3941,21,12,3.93,11.9
3942,22,12,4.12,11.91
3943,22,12,4.31,12.45
3944,22,12,3.97,13.0
3945,22,12,4.09,13.55
3946,22,12,3.89,14.09
3947,22,12,3.9,14.64
3948,22,12,4.04,15.18
3949,21,12,3.85,16.48
3950,22,12,4.17,16.27
3951,21,12,4.04,17.62
3952,22,12,4.18,17.36
3953,21,12,3.98,18.76
3954,22,12,4.2,18.45
3955,21,12,4.09,19.9
3956,21,12,4.37,20.48
3957,21,12,4.11,21.05
3958,21,12,3.81,21.62
3959,21,12,3.18,22.19
3960,22,13,2.91,21.77
3961,21,11,1.77,19.05
3962,22,11,1.75,14.73
3963,21,9,1.56,11.86
3964,22,9,1.93,7.91
3965,22,7,2.47,4.5
3966,22,7,3.29,1.14
3967,21,8,3.51,1.57
3968,21,8,4.09,1.95
3969,19,10,3.38,2.68
3970,21,10,4.0,2.9
3971,21,10,4.54,3.38
3972,21,10,4.55,3.86
3973,21,10,4.62,4.33
3974,21,10,4.93,4.81
3975,21,10,4.76,5.29
3976,21,10,4.94,5.76
3977,20,10,4.75,6.55
3978,21,10,5.16,6.71
3979,20,10,5.03,7.55
3980,21,10,5.34,7.67
3981,20,10,5.16,8.55
3982,19,10,4.91,9.53
3983,20,10,5.04,9.55
3984,20,10,5.05,10.05
3985,20,10,4.88,10.55
3986,20,10,4.79,11.05
3987,20,10,4.84,11.55
3988,20,10,4.85,12.05
3989,20,10,4.95,12.55
3990,20,10,4.75,13.05
3991,20,10,4.92,13.55
3992,19,10,4.6,14.79
3993,20,10,4.69,14.55
3994,20,10,4.71,15.05
3995,20,10,4.33,15.55
3996,21,10,4.86,15.29
3997,20,10,4.75,16.55
3998,20,10,4.62,17.05
3999,20,10,4.86,17.55
4000,20,10,4.93,18.05
4001,20,10,4.92,18.55
4002,19,10,4.49,20.05
4003,20,10,4.07,19.55
4004,21,10,3.79,19.1
4005,22,10,3.09,18.68
4006,20,8,1.93,16.45
4007,20,9,1.74,12.5
4008,21,7,1.84,8.14
4009,21,7,1.75,4.52
4010,21,5,2.34,0.71
4011,22,7,2.58,1.0
4012,21,9,2.71,1.48
4013,22,9,3.28,1.82
4014,22,10,3.31,2.27
4015,21,11,3.37,2.9
4016,23,12,4.0,3.17
4017,22,12,3.75,3.86
4018,21,12,3.67,4.62
4019,22,12,3.85,4.95
4020,21,12,3.83,5.76
4021,21,12,3.86,6.33
4022,21,12,3.72,6.9
4023,22,12,4.29,7.14
4024,21,12,3.95,8.05
4025,22,12,4.14,8.23
4026,22,12,4.08,8.77
4027,22,12,4.22,9.32
4028,22,12,4.03,9.86
4029,21,12,3.86,10.9
4030,21,12,3.88,11.48
4031,22,12,4.31,11.5
4032,22,12,4.4,12.05
4033,22,12,4.23,12.59
4034,22,12,4.4,13.14
4035,21,12,4.03,14.33
4036,21,12,3.7,14.9
4037,21,12,4.04,15.48
4038,22,12,4.29,15.32
4039,21,12,4.0,16.62
4040,21,12,4.14,17.19
4041,21,12,4.13,17.76
4042,22,12,4.4,17.5
4043,22,12,4.09,18.05
4044,21,12,3.58,19.48
4045,20,12,3.39,21.05
4046,22,12,4.03,19.68
4047,20,12,3.35,22.25
4048,21,12,3.74,21.76
4049,22,12,3.81,21.32
4050,22,12,3.1,21.86
4051,22,11,2.58,18.36
4052,22,9,2.19,14.77
4053,21,8,2.02,11.81
4054,22,8,2.2,7.77
4055,23,6,2.54,4.09
4056,23,4,3.12,0.7
4057,22,6,3.33,1.0
4058,21,7,3.67,1.38
4059,21,9,4.26,1.81
4060,20,9,4.07,2.35
4061,21,10,4.7,2.71
4062,20,10,4.14,3.35
4063,21,10,4.54,3.67
4064,20,10,4.25,4.35
4065,22,10,4.84,4.41
4066,20,10,4.32,5.35
4067,21,10,4.73,5.57
4068,20,10,4.33,6.35
4069,21,10,4.97,6.52
4070,20,10,4.82,7.35
4071,21,10,5.0,7.48
4072,21,10,5.01,7.95
4073,22,10,4.85,8.05
4074,21,10,4.65,8.9
4075,22,10,4.42,8.95
4076,21,10,4.16,9.86
4077,21,10,4.42,10.33
4078,22,10,4.66,10.32
4079,21,10,4.46,11.29
4080,21,10,4.52,11.76
4081,20,10,4.5,12.85
4082,20,10,4.51,13.35
4083,21,10,5.22,13.19
4084,20,10,4.62,14.35
4085,20,10,4.6,14.85
4086,19,10,4.23,16.16
4087,21,10,4.44,15.1
4088,20,10,4.22,16.35
4089,21,10,4.24,16.05
4090,21,10,4.4,16.52
4091,21,10,4.5,17.0
4092,21,10,4.36,17.48
4093,21,10,4.47,17.95
4094,21,10,4.51,18.43
4095,21,10,3.79,18.9
4096,22,8,3.83,14.41
4097,21,8,2.81,11.38
4098,22,6,2.98,7.41
4099,21,5,2.62,4.14
4100,22,5,2.89,0.55
4101,21,7,2.92,0.9
4102,21,7,3.06,1.24
4103,23,7,3.64,1.43
4104,21,10,3.05,2.05
4105,21,11,3.43,2.57
4106,22,11,3.59,2.95
4107,21,12,3.63,3.67
4108,21,12,3.86,4.24
4109,22,12,4.17,4.59
4110,22,12,4.28,5.14
4111,21,12,4.1,5.95
4112,22,12,4.37,6.23
4113,21,12,4.3,7.1
4114,22,12,4.55,7.32
4115,20,12,3.86,8.65
4116,21,12,4.25,8.81
4117,22,12,4.52,8.95
4118,21,12,4.38,9.95
4119,21,12,4.13,10.52
4120,21,12,4.3,11.1
4121,21,12,3.94,11.67
4122,22,12,4.39,11.68
4123,20,12,3.66,13.45
4124,22,12,4.19,12.77
4125,21,12,3.93,13.95
4126,21,12,4.21,14.52
4127,21,12,4.27,15.1
4128,21,12,4.39,15.67
4129,21,12,4.36,16.24
4130,21,12,4.39,16.81
4131,21,12,4.29,17.38
4132,21,12,4.25,17.95
4133,20,12,4.01,19.45
4134,21,12,4.02,19.1
4135,20,12,3.87,20.65
4136,22,12,4.37,19.32
4137,20,12,3.54,21.85
4138,22,12,4.13,20.41
4139,22,12,4.03,20.95
4140,22,12,2.88,21.5
4141,22,11,2.82,18.0
4142,21,10,1.74,15.29
4143,22,8,2.09,11.09
4144,22,7,2.28,7.64
4145,22,6,2.18,4.18
4146,22,6,2.75,0.82
4147,21,6,3.13,1.14
4148,21,8,3.69,1.52
4149,21,8,4.3,1.9
4150,22,10,4.54,2.27
4151,20,10,4.06,3.0
4152,20,10,4.38,3.5
4153,21,10,4.74,3.81
4154,20,10,4.74,4.5
4155,21,10,5.54,4.76
4156,20,10,5.14,5.5
4157,19,10,5.23,6.32
4158,20,10,5.2,6.5
4159,20,10,5.29,7.0
4160,19,10,4.75,7.89
4161,20,10,5.04,8.0
4162,20,10,5.48,8.5
4163,20,10,5.31,9.0
4164,19,10,4.94,10.0
4165,19,10,4.94,10.53
4166,19,10,4.61,11.05
4167,19,10,4.93,11.58
4168,19,10,5.08,12.11
4169,20,10,5.33,12.0
4170,19,10,5.34,13.16
4171,20,10,5.64,13.0
4172,18,10,4.97,15.0
4173,20,10,5.59,14.0
4174,18,10,4.88,16.11
4175,20,10,5.14,15.0
4176,19,10,4.72,16.32
4177,19,10,5.07,16.84
4178,19,10,4.76,17.37
4179,19,10,5.1,17.89
4180,19,10,4.67,18.42
4181,19,10,4.6,18.95
4182,19,10,4.27,19.47
4183,20,10,4.58,19.0
4184,19,10,4.05,20.53
4185,20,10,3.32,20.0
4186,20,8,3.25,15.95
4187,20,7,2.47,12.05
4188,20,6,2.63,8.15
4189,21,5,2.81,4.1
4190,20,4,2.86,0.5
4191,21,6,3.49,0.76
4192,21,8,3.51,1.14
4193,22,8,4.08,1.45
4194,21,10,3.68,2.0
4195,21,10,4.14,2.48
4196,21,12,3.84,3.05
4197,21,12,4.32,3.62
4198,22,12,4.63,4.0
4199,20,12,3.87,5.0
4200,22,12,4.42,5.09
4201,21,12,4.02,5.9
4202,21,12,4.24,6.48
4203,21,12,4.06,7.05
4204,21,12,4.09,7.62
4205,20,12,3.74,8.6
4206,21,12,3.91,8.76
4207,20,12,3.71,9.8
4208,21,12,4.33,9.9
4209,21,12,4.25,10.48
4210,21,12,4.44,11.05
4211,20,12,4.11,12.2
4212,21,12,4.38,12.19
4213,20,12,4.32,13.4
4214,21,12,4.42,13.33
4215,20,12,4.05,14.6
4216,22,12,4.57,13.82
4217,20,12,3.76,15.8
4218,21,12,4.1,15.62
4219,21,12,4.06,16.19
4220,21,12,4.17,16.76
4221,21,12,4.12,17.33
4222,21,12,3.96,17.9
4223,22,12,4.28,17.64
4224,22,12,4.39,18.18
4225,20,12,3.61,20.6
4226,22,12,4.34,19.27
4227,21,12,4.22,20.76
4228,21,12,4.25,21.33
4229,21,12,3.78,21.9
4230,21,12,3.18,22.48
4231,22,10,2.6,17.95
4232,21,10,2.05,15.24
4233,21,8,2.06,11.62
4234,22,7,1.53,7.59
4235,22,7,2.19,4.18
4236,22,6,2.77,0.82
4237,21,7,2.92,1.19
4238,21,8,3.55,1.57
4239,21,9,3.83,2.0
4240,22,10,4.19,2.36
4241,21,10,4.15,2.95
4242,20,10,4.2,3.6
4243,21,10,4.47,3.9
4244,21,10,4.89,4.38
4245,22,10,5.15,4.64
4246,20,10,4.61,5.6
4247,21,10,5.08,5.81
4248,20,10,4.6,6.6
4249,21,10,5.12,6.76
4250,19,10,4.45,8.0
4251,21,10,4.98,7.71
4252,20,10,4.89,8.6
4253,20,10,4.8,9.1
4254,20,10,4.75,9.6
4255,19,10,4.27,10.63
4256,20,10,4.4,10.6
4257,20,10,4.55,11.1
4258,21,10,4.67,11.05
4259,21,10,4.73,11.52
4260,20,10,4.39,12.6
4261,22,10,5.02,11.91
4262,20,10,4.53,13.6
4263,21,10,5.2,13.43
4264,20,10,4.68,14.6
4265,20,10,4.93,15.1
4266,20,10,4.93,15.6
4267,20,10,4.88,16.1
4268,20,10,4.88,16.6
4269,20,10,4.74,17.1
4270,20,10,4.89,17.6
4271,20,10,4.99,18.1
4272,20,10,4.93,18.6
4273,20,10,4.88,19.1
4274,19,10,3.87,20.63
4275,20,10,3.76,20.1
4276,21,9,2.95,15.38
4277,20,7,2.21,12.25
4278,21,6,2.36,7.9
4279,21,5,1.91,4.24
4280,21,5,2.35,0.57
4281,21,7,2.98,0.9
4282,21,6,3.05,1.14
4283,22,9,3.58,1.5
4284,22,9,3.63,1.91
4285,21,10,3.8,2.48
4286,22,11,4.12,2.86
4287,21,12,3.95,3.57
4288,21,12,4.38,4.14
4289,21,12,4.13,4.71
4290,21,12,4.26,5.29
4291,22,12,4.51,5.59
4292,21,12,4.22,6.43
4293,20,12,3.86,7.35
4294,22,12,4.37,7.23
4295,20,12,3.79,8.55
4296,22,12,4.24,8.32
4297,20,12,3.49,9.75
4298,22,12,4.03,9.41
4299,22,12,4.01,9.95
4300,22,12,4.09,10.5
4301,22,12,4.03,11.05
4302,22,12,4.11,11.59
4303,21,12,4.04,12.71
4304,22,12,4.18,12.68
4305,21,12,3.95,13.86
4306,22,12,4.37,13.77
4307,22,12,4.37,14.32
4308,21,12,4.21,15.57
4309,21,12,3.97,16.14
4310,21,12,4.1,16.71
4311,21,12,3.96,17.29
4312,21,12,3.93,17.86
4313,20,12,3.65,19.35
4314,22,12,4.33,18.14
4315,20,12,3.65,20.55
4316,21,12,4.35,20.14
4317,21,12,4.26,20.71
4318,21,12,4.11,21.29
4319,21,12,3.94,21.86
4320,21,12,3.1,22.43
4321,21,10,2.51,18.76
4322,22,10,2.6,14.5
4323,21,8,2.16,11.62
4324,23,7,2.51,7.3
4325,23,7,2.92,4.09
4326,21,6,2.45,0.86
4327,21,8,3.22,1.24
4328,21,7,3.83,1.52
4329,19,9,3.48,2.16
4330,21,10,4.07,2.43
4331,21,10,4.24,2.9
4332,22,10,4.53,3.23
4333,22,10,4.76,3.68
4334,23,10,5.03,3.96
4335,21,10,4.68,4.81
4336,21,10,4.88,5.29
4337,21,10,4.79,5.76
4338,21,10,4.96,6.24
4339,20,10,4.54,7.05
4340,20,10,4.31,7.55
4341,21,10,4.92,7.67
4342,21,10,4.85,8.14
4343,21,10,5.05,8.62
4344,20,10,4.68,9.55
4345,21,10,4.75,9.57
4346,20,10,4.54,10.55
4347,22,10,4.97,10.05
4348,20,10,4.39,11.55
4349,21,10,4.76,11.48
4350,20,10,4.58,12.55
4351,20,10,4.36,13.05
4352,20,10,4.74,13.55
4353,19,10,4.86,14.79
4354,20,10,4.79,14.55
4355,20,10,4.95,15.05
4356,20,10,4.76,15.55
4357,21,10,5.04,15.29
4358,20,10,4.41,16.55
4359,21,10,4.89,16.24
4360,20,10,4.69,17.55
4361,21,10,4.83,17.19
4362,20,10,4.78,18.55
4363,20,10,4.82,19.05
4364,20,10,3.91,19.55
4365,20,10,3.34,20.05
4366,22,8,3.35,14.59
4367,20,7,2.34,12.15
4368,21,7,2.31,7.9
4369,21,6,1.94,4.24
4370,21,6,2.37,0.67
4371,21,7,2.97,1.0
4372,22,8,3.51,1.32
4373,22,10,3.66,1.77
4374,22,10,3.84,2.23
4375,21,11,3.9,2.86
4376,23,11,4.24,3.09
4377,21,12,3.66,3.95
4378,23,12,4.36,4.13
4379,21,12,3.6,5.1
4380,21,12,3.7,5.67
4381,22,12,4.1,5.95
4382,21,12,3.77,6.81
4383,22,12,4.17,7.05
4384,22,12,4.26,7.59
4385,20,12,3.63,8.95
4386,22,12,4.29,8.68
4387,22,12,4.31,9.23
4388,21,12,3.98,10.24
4389,22,12,4.1,10.32
4390,21,12,3.71,11.38
4391,21,12,3.92,11.95
4392,21,12,3.83,12.52
4393,21,12,4.0,13.1
4394,22,12,4.15,13.05
4395,21,12,3.87,14.24
4396,22,12,4.47,14.14
4397,21,12,3.99,15.38
4398,22,12,4.61,15.23
4399,20,12,3.9,17.35
4400,22,12,4.59,16.32
4401,20,12,3.91,18.55
4402,22,12,4.4,17.41
4403,20,12,3.59,19.75
4404,22,12,4.04,18.5
4405,21,12,3.64,19.95
4406,21,12,3.61,20.52
4407,22,12,3.97,20.14
4408,22,12,4.01,20.68
4409,22,12,3.26,21.23
4410,22,12,2.68,21.77
4411,22,10,2.74,18.27
4412,22,10,1.65,14.77
4413,22,9,1.94,11.32
4414,22,8,1.83,7.82
4415,22,7,2.26,4.36
4416,21,6,2.41,0.95
4417,21,7,3.0,1.29
4418,21,8,3.61,1.67
4419,21,9,4.13,2.1
4420,20,10,3.91,2.7
4421,21,10,4.54,3.05
4422,19,10,4.26,3.89
4423,20,10,4.26,4.2
4424,20,10,4.89,4.7
4425,21,10,5.1,4.95
4426,20,10,4.93,5.7
4427,20,10,4.94,6.2
4428,20,10,4.71,6.7
4429,21,10,5.14,6.86
4430,20,10,4.99,7.7
4431,20,10,5.0,8.2
4432,20,10,5.13,8.7
4433,19,10,4.88,9.68
4434,20,10,5.04,9.7
4435,20,10,5.5,10.2
4436,20,10,5.42,10.7
4437,20,10,5.37,11.2
4438,19,10,4.66,12.32
4439,20,10,5.14,12.2
4440,18,10,4.49,14.11
4441,20,10,4.97,13.2
4442,18,10,4.25,15.22
4443,20,10,4.89,14.2
4444,20,10,4.99,14.7
4445,19,10,4.84,16.0
4446,20,10,4.91,15.7
4447,19,10,4.59,17.05
4448,20,10,4.75,16.7
4449,20,10,4.73,17.2
4450,21,10,4.9,16.86
4451,20,10,4.63,18.2
4452,20,10,4.79,18.7
4453,21,10,4.74,18.29
4454,21,11,4.46,18.81
4455,21,11,3.4,19.33
4456,21,10,2.63,15.62
4457,20,9,2.09,12.5
4458,22,8,2.02,7.86
4459,21,8,1.9,4.67
4460,21,7,2.44,1.14
4461,22,7,2.85,1.41
4462,21,9,3.1,1.9
4463,21,10,3.59,2.38
4464,21,10,3.45,2.86
4465,21,11,3.82,3.38
4466,22,12,3.98,3.77
4467,22,12,4.08,4.32
4468,23,12,4.31,4.65
4469,21,12,3.66,5.67
4470,21,12,3.75,6.24
4471,22,12,4.0,6.5
4472,22,12,4.13,7.05
4473,21,12,3.94,7.95
4474,22,12,4.18,8.14
4475,21,12,4.22,9.1
4476,22,12,4.38,9.23
4477,20,12,3.65,10.75
4478,21,12,4.18,10.81
4479,21,12,4.03,11.38
4480,22,12,4.46,11.41
4481,22,12,4.18,11.95
4482,21,12,3.85,13.1
4483,20,12,3.61,14.35
4484,22,12,4.37,13.59
4485,21,12,4.12,14.81
4486,21,12,4.03,15.38
4487,21,12,3.69,15.95
4488,21,12,4.04,16.52
4489,21,12,3.72,17.1
4490,21,12,3.76,17.67
4491,21,12,3.92,18.24
4492,22,12,4.2,17.95
4493,22,12,4.38,18.5
4494,21,12,4.16,19.95
4495,21,12,4.07,20.52
4496,21,12,4.14,21.1
4497,21,12,4.18,21.67
4498,21,12,3.88,22.24
4499,20,12,3.21,23.95
4500,21,12,2.33,23.38
4501,21,11,2.25,19.57
4502,21,10,1.78,15.81
4503,22,8,1.98,11.45
4504,21,7,1.73,8.19
4505,22,6,2.08,4.32
4506,22,5,2.84,0.77
4507,21,7,3.15,1.14
4508,21,7,3.84,1.48
4509,21,9,4.62,1.9
4510,21,10,4.31,2.38
4511,20,10,4.29,3.0
4512,20,10,4.34,3.5
4513,21,10,4.84,3.81
4514,20,10,4.63,4.5
4515,20,10,4.44,5.0
4516,20,10,4.55,5.5
4517,20,10,4.77,6.0
4518,20,10,4.61,6.5
4519,21,10,5.19,6.67
4520,20,10,4.58,7.5
4521,21,10,5.02,7.62
4522,19,10,4.22,8.95
4523,21,10,4.79,8.57
4524,20,10,4.53,9.5
4525,21,10,5.29,9.52
4526,20,10,4.94,10.5
4527,21,10,5.62,10.48
4528,20,10,5.26,11.5
4529,20,10,5.22,12.0
4530,19,10,4.97,13.16
4531,20,10,5.02,13.0
4532,19,10,4.8,14.21
4533,20,10,5.07,14.0
4534,20,10,5.26,14.5
4535,19,10,4.88,15.79
4536,20,10,5.09,15.5
4537,20,10,5.33,16.0
4538,20,10,5.2,16.5
4539,20,10,5.26,17.0
4540,19,10,5.08,18.42
4541,20,10,5.32,18.0
4542,18,10,4.59,20.56
4543,20,10,5.07,19.0
4544,19,10,4.58,20.53
4545,20,10,3.77,20.0
4546,21,8,3.68,15.19
4547,20,7,2.65,12.1
4548,20,6,2.26,8.2
4549,20,4,2.36,4.3
4550,20,3,2.69,0.4
4551,21,4,3.22,0.57
4552,21,6,3.16,0.86
4553,23,8,3.84,1.13
4554,21,10,3.4,1.71
4555,21,10,3.9,2.19
4556,22,11,3.97,2.59
4557,21,12,4.21,3.29
4558,22,12,4.35,3.68
4559,21,12,4.06,4.43
4560,22,12,4.52,4.77
4561,22,12,4.38,5.32
4562,21,12,3.79,6.14
4563,22,12,4.07,6.41
4564,21,12,3.63,7.29
4565,21,12,3.89,7.86
4566,22,12,3.92,8.05
4567,20,12,3.38,9.45
4568,21,12,3.84,9.57
4569,21,12,3.62,10.14
4570,22,12,4.02,10.23
4571,22,12,3.83,10.77
4572,23,12,4.23,10.83
4573,21,12,3.56,12.43
4574,22,12,3.69,12.41
4575,21,12,3.53,13.57
4576,21,12,3.57,14.14
4577,22,12,3.96,14.05
4578,22,12,4.07,14.59
4579,21,12,3.87,15.86
4580,22,12,4.04,15.68
4581,21,12,3.88,17.0
4582,21,12,4.0,17.57
4583,21,12,3.73,18.14
4584,22,12,4.28,17.86
4585,22,12,4.09,18.41
4586,22,12,4.12,18.95
4587,21,12,3.92,20.43
4588,22,12,4.15,20.05
4589,22,12,4.22,20.59
4590,22,12,2.87,21.14
4591,22,12,2.75,17.73
4592,21,11,1.79,15.14
4593,22,9,1.97,11.14
4594,21,9,1.74,8.19
4595,22,8,2.24,4.45
4596,22,6,3.02,1.14
4597,21,7,3.36,1.52
4598,21,8,3.98,1.9
4599,20,9,4.27,2.45
4600,21,10,4.37,2.81
4601,19,10,3.78,3.63
4602,20,10,4.03,3.95
4603,21,10,4.54,4.24
4604,20,10,4.53,4.95
4605,21,10,4.77,5.19
4606,20,10,4.69,5.95
4607,21,10,5.23,6.14
4608,20,10,4.67,6.95
4609,21,10,5.38,7.1
4610,19,10,4.68,8.37
4611,21,10,5.23,8.05
4612,20,10,5.1,8.95
4613,21,10,5.28,9.0
4614,20,10,5.02,9.95
4615,19,10,4.99,11.0
4616,20,10,5.1,10.95
4617,20,10,5.58,11.45
4618,20,10,5.43,11.95
4619,19,10,5.03,13.11
4620,18,10,4.55,14.39
4621,20,10,5.32,13.45
4622,18,10,4.78,15.5
4623,19,10,4.78,15.21
4624,18,10,4.35,16.61
4625,17,10,4.13,18.18
4626,18,10,4.06,17.72
4627,17,10,3.73,19.35
4628,19,10,4.54,17.84
4629,18,10,4.22,19.39
4630,18,10,4.3,19.94
4631,18,10,4.22,20.5
4632,18,10,4.49,21.06
4633,19,10,4.45,20.47
4634,19,10,3.94,21.0
4635,20,10,3.15,20.45
4636,20,9,2.96,16.4
4637,21,9,2.39,11.86
4638,21,8,2.36,8.24
4639,20,6,2.21,4.75
4640,22,5,2.47,0.77
4641,21,7,2.57,1.14
4642,21,7,3.04,1.48
4643,21,8,3.02,1.86
4644,22,10,3.63,2.23
4645,22,12,3.52,2.77
4646,22,12,3.85,3.32
4647,21,12,3.65,4.05
4648,21,12,3.8,4.62
4649,22,12,4.17,4.95
4650,21,12,3.52,5.76
4651,22,12,4.07,6.05
4652,22,12,4.12,6.59
4653,21,12,3.89,7.48
4654,22,12,4.21,7.68
4655,22,12,4.39,8.23
4656,22,12,4.25,8.77
4657,22,12,4.5,9.32
4658,21,12,4.06,10.33
4659,22,12,4.21,10.41
4660,21,12,4.13,11.48
4661,22,12,4.46,11.5
4662,22,12,4.6,12.05
4663,21,12,4.0,13.19
4664,22,12,4.28,13.14
4665,21,12,4.0,14.33
4666,22,12,4.25,14.23
4667,21,12,3.97,15.48
4668,21,12,4.27,16.05
4669,21,12,4.06,16.62
4670,21,12,4.28,17.19
4671,21,12,4.06,17.76
4672,22,12,4.65,17.5
4673,21,12,3.98,18.9
4674,22,12,4.5,18.59
4675,20,12,3.7,21.05
4676,21,12,3.9,20.62
4677,21,12,4.02,21.19
4678,20,12,3.61,22.85
4679,22,12,3.9,21.32
4680,22,12,3.43,21.86
4681,23,11,2.62,17.52
4682,22,9,2.32,14.68
4683,22,9,1.89,11.23
4684,23,8,2.04,7.43
4685,23,7,2.61,4.17
4686,22,6,2.75,0.91
4687,21,7,2.87,1.29
4688,21,8,3.46,1.67
4689,21,10,3.93,2.14
4690,20,10,3.75,2.75
4691,21,10,4.44,3.1
4692,20,10,4.49,3.75
4693,21,10,4.58,4.05
4694,20,10,4.57,4.75
4695,21,10,4.75,5.0
4696,20,10,4.63,5.75
4697,21,10,5.21,5.95
4698,20,10,4.7,6.75
4699,21,10,5.37,6.9
4700,19,10,4.74,8.16
4701,20,10,4.79,8.25
4702,19,10,4.62,9.21
4703,20,10,4.45,9.25
4704,20,10,4.71,9.75
4705,19,10,4.39,10.79
4706,19,10,4.08,11.32
4707,19,10,4.05,11.84
4708,19,10,4.14,12.37
4709,21,10,4.7,11.67
4710,20,10,4.44,12.75
4711,21,10,4.51,12.62
4712,21,10,4.66,13.1
4713,21,10,4.67,13.57
4714,21,10,4.7,14.05
4715,21,10,4.8,14.52
4716,20,10,4.66,15.75
4717,21,10,5.08,15.48
4718,20,10,4.91,16.75
4719,20,10,5.0,17.25
4720,20,10,4.86,17.75
4721,20,10,5.23,18.25
4722,20,10,5.03,18.75
4723,20,10,5.06,19.25
4724,21,10,4.85,18.81
4725,20,11,3.99,20.3
4726,21,9,2.98,15.57
4727,20,9,2.23,12.45
4728,20,8,1.59,8.6
4729,20,7,2.01,4.8
4730,21,6,2.54,0.95
4731,22,6,2.87,1.18
4732,21,7,3.12,1.57
4733,22,8,3.67,1.86
4734,22,9,3.86,2.27
4735,21,11,3.99,2.9
4736,22,12,4.17,3.32
4737,21,12,4.13,4.05
4738,22,12,4.36,4.41
4739,22,12,4.4,4.95
4740,21,12,4.28,5.76
4741,21,12,4.0,6.33
4742,21,12,4.24,6.9
4743,21,12,4.09,7.48
4744,22,12,4.47,7.68
4745,22,12,4.58,8.23
4746,22,12,4.45,8.77
4747,21,12,4.08,9.76
4748,22,12,4.28,9.86
4749,21,12,3.89,10.9
4750,21,12,4.26,11.48
4751,21,12,3.63,12.05
4752,21,12,3.9,12.62
4753,22,12,4.0,12.59
4754,21,12,3.73,13.76
4755,22,12,3.93,13.68
4756,22,12,3.9,14.23
4757,21,12,3.3,15.48
4758,22,12,3.51,15.32
4759,23,12,3.88,15.17
4760,21,12,3.32,17.19
4761,23,12,3.89,16.22
4762,22,12,3.78,17.5
4763,22,12,4.06,18.05
4764,22,12,4.09,18.59
4765,22,12,4.18,19.14
4766,22,12,4.13,19.68
4767,22,12,4.46,20.23
4768,21,12,4.27,21.76
4769,22,12,3.68,21.32
4770,21,12,2.56,22.9
4771,22,11,2.23,18.27
4772,21,9,1.73,15.38
4773,22,9,2.0,11.18
4774,23,9,2.29,7.39
4775,22,7,2.35,4.36
4776,22,6,3.06,0.95
4777,21,7,3.46,1.33
4778,21,8,4.0,1.71
4779,19,9,3.72,2.37
4780,21,10,4.57,2.62
4781,21,10,4.89,3.1
4782,20,10,4.41,3.75
4783,21,10,4.95,4.05
4784,20,10,4.88,4.75
4785,21,10,4.94,5.0
4786,21,10,4.99,5.48
4787,22,10,4.99,5.68
4788,21,10,5.0,6.43
4789,22,10,5.06,6.59
4790,20,10,4.52,7.75
4791,20,10,4.53,8.25
4792,20,10,4.11,8.75
4793,21,10,4.85,8.81
4794,22,10,4.78,8.86
4795,21,10,4.74,9.76
4796,20,10,4.62,10.75
4797,21,10,4.89,10.71
4798,20,10,4.77,11.75
4799,20,10,5.2,12.25
4800,20,10,4.98,12.75
4801,20,10,5.1,13.25
4802,20,10,5.05,13.75
4803,20,10,5.03,14.25
4804,19,10,4.84,15.53
4805,20,10,4.96,15.25
4806,19,10,4.85,16.58
4807,20,10,4.95,16.25
4808,20,10,4.83,16.75
4809,20,10,4.75,17.25
4810,20,10,4.79,17.75
4811,20,10,4.75,18.25
4812,19,10,4.57,19.74
4813,20,10,4.52,19.25
4814,19,10,4.23,20.79
4815,20,10,3.45,20.25
4816,21,8,3.45,15.48
4817,21,7,3.0,11.67
4818,21,5,2.58,7.81
4819,21,5,2.53,4.14
4820,21,5,2.56,0.48
4821,22,5,2.87,0.68
4822,21,7,2.88,1.05
4823,23,9,3.43,1.35
4824,22,10,3.3,1.86
4825,21,11,3.37,2.48
4826,23,11,4.06,2.74
4827,21,12,3.71,3.57
4828,21,12,3.86,4.14
4829,22,12,4.1,4.5
4830,21,12,3.97,5.29
4831,22,12,4.2,5.59
4832,21,12,3.91,6.43
4833,20,12,3.57,7.35
4834,22,12,4.1,7.23
4835,21,12,3.73,8.14
4836,21,12,4.03,8.71
4837,21,12,4.03,9.29
4838,21,12,4.18,9.86
4839,21,12,3.94,10.43
4840,22,12,4.35,10.5
4841,21,12,3.78,11.57
4842,22,12,4.01,11.59
4843,20,12,3.56,13.35
4844,21,12,4.07,13.29
4845,21,12,3.93,13.86
4846,22,12,4.44,13.77
4847,22,12,4.22,14.32
4848,22,12,4.32,14.86
4849,21,12,4.12,16.14
4850,22,12,4.34,15.95
4851,20,12,3.67,18.15
4852,20,12,3.66,18.75
4853,21,12,3.91,18.43
4854,21,12,4.07,19.0
4855,20,12,3.88,20.55
4856,22,12,4.46,19.23
4857,21,12,4.29,20.71
4858,22,12,4.38,20.32
4859,21,12,3.49,21.86
4860,22,13,2.97,21.45
4861,22,11,2.24,18.05
4862,21,10,1.66,15.33
4863,22,9,1.81,11.23
4864,23,8,2.12,7.48
4865,22,6,2.34,4.36
4866,22,6,3.04,0.95
4867,21,8,3.36,1.38
4868,21,9,4.11,1.81
4869,20,10,3.93,2.4
4870,21,10,4.49,2.76
4871,19,10,3.92,3.58
4872,19,10,4.48,4.11
4873,20,10,4.72,4.4
4874,19,10,4.66,5.16
4875,21,10,5.32,5.14
4876,19,10,4.7,6.21
4877,20,10,4.99,6.4
4878,20,10,4.86,6.9
4879,21,10,5.44,7.05
4880,20,10,5.1,7.9
4881,21,10,5.43,8.0
4882,19,10,4.88,9.37
4883,20,10,4.98,9.4
4884,19,10,4.95,10.42
4885,20,10,4.89,10.4
4886,19,10,4.74,11.47
4887,20,10,4.59,11.4
4888,20,10,4.82,11.9
4889,19,10,4.63,13.05
4890,20,10,4.73,12.9
4891,20,10,4.64,13.4
4892,20,10,4.41,13.9
4893,21,10,4.85,13.71
4894,20,10,4.68,14.9
4895,21,10,5.02,14.67
4896,20,10,4.76,15.9
4897,22,10,5.24,14.91
4898,20,10,4.79,16.9
4899,19,10,4.52,18.32
4900,20,10,4.73,17.9
4901,20,10,4.91,18.4
4902,19,10,4.81,19.89
4903,20,10,4.95,19.4
4904,20,10,4.76,19.9
4905,20,10,3.68,20.4
4906,21,8,3.33,15.52
4907,21,6,2.91,11.67
4908,21,6,2.4,7.95
4909,20,6,2.09,4.45
4910,20,5,2.38,0.55
4911,22,7,2.56,0.82
4912,22,8,3.34,1.18
4913,23,8,3.56,1.48
4914,22,9,3.53,1.95
4915,21,12,3.54,2.62
4916,22,12,3.79,3.05
4917,22,12,4.3,3.59
4918,22,12,4.21,4.14
4919,22,12,4.4,4.68
4920,21,12,4.04,5.48
4921,22,12,4.24,5.77
4922,21,12,3.66,6.62
4923,22,12,4.0,6.86
4924,21,12,3.58,7.76
4925,21,12,3.82,8.33
4926,23,12,4.27,8.13
4927,22,12,4.1,9.05
4928,21,12,3.72,10.05
4929,22,12,4.12,10.14
4930,21,12,3.82,11.19
4931,21,12,3.99,11.76
4932,22,12,4.08,11.77
4933,22,12,4.36,12.32
4934,22,12,4.1,12.86
4935,21,12,4.1,14.05
4936,22,12,4.54,13.95
4937,22,12,4.67,14.5
4938,21,12,4.37,15.76
4939,21,12,4.47,16.33
4940,21,12,4.59,16.9
4941,22,12,4.58,16.68
4942,21,12,4.29,18.05
4943,21,12,4.31,18.62
4944,22,12,4.5,18.32
4945,21,12,4.2,19.76
4946,21,12,3.89,20.33
4947,22,12,4.52,19.95
4948,22,12,3.99,20.5
4949,22,12,3.97,21.05
4950,21,12,3.48,22.62
4951,22,10,3.0,18.14
4952,20,9,2.31,16.1
4953,21,9,2.29,11.71
4954,22,8,2.63,7.68
4955,22,6,3.11,4.27
4956,22,6,3.05,0.82
4957,21,6,3.37,1.14
4958,21,7,4.02,1.48
4959,21,8,4.59,1.86
4960,21,9,4.46,2.29
4961,20,10,4.4,2.9
4962,20,10,4.58,3.4
4963,20,10,4.26,3.9
4964,20,10,4.77,4.4
4965,20,10,4.22,4.9
4966,20,10,4.22,5.4
4967,21,10,4.66,5.62
4968,21,10,4.34,6.1
4969,21,10,4.71,6.57
4970,20,10,4.54,7.4
4971,21,10,4.73,7.52
4972,20,10,4.63,8.4
4973,20,10,4.91,8.9
4974,19,10,4.59,9.89
4975,20,10,4.72,9.9
4976,19,10,4.5,10.95
4977,20,10,4.76,10.9
4978,20,10,4.97,11.4
4979,19,10,4.52,12.53
4980,20,10,4.63,12.4
4981,20,10,4.52,12.9
4982,21,10,4.72,12.76
4983,21,10,4.89,13.24
4984,20,10,4.68,14.4
4985,21,10,4.94,14.19
4986,20,10,4.7,15.4
4987,21,10,4.88,15.14
4988,20,10,4.71,16.4
4989,20,10,5.04,16.9
4990,20,10,4.97,17.4
4991,21,10,5.44,17.05
4992,20,10,4.7,18.4
4993,20,10,4.6,18.9
4994,20,10,4.27,19.4
4995,21,10,4.0,18.95
4996,22,8,3.51,14.5
4997,20,7,2.38,11.95
4998,21,6,2.32,7.67
4999,20,5,2.17,4.3
5000,21,5,2.53,0.52
5001,21,5,3.17,0.76
5002,21,7,3.17,1.1
5003,22,7,3.76,1.36
5004,21,9,3.71,1.86
5005,21,10,4.18,2.33
5006,22,11,4.37,2.73
5007,21,12,4.2,3.43
5008,22,12,4.5,3.82
5009,21,12,4.27,4.57
5010,22,12,4.54,4.91
5011,21,12,4.04,5.71
5012,21,12,4.22,6.29
5013,21,12,4.14,6.86
5014,21,12,4.4,7.43
5015,22,12,4.53,7.64
5016,21,12,3.94,8.57
5017,21,12,4.04,9.14
5018,22,12,4.37,9.27
5019,21,12,3.81,10.29
5020,20,12,3.57,11.4
5021,22,12,4.15,10.91
5022,22,12,4.31,11.45
5023,21,12,3.96,12.57
5024,22,12,4.35,12.55
5025,21,12,4.18,13.71
5026,21,12,3.9,14.29
5027,21,12,4.02,14.86
5028,20,12,3.9,16.2
5029,22,12,4.63,15.27
5030,20,12,3.82,17.4
5031,22,12,4.3,16.36
5032,22,12,4.44,16.91
5033,21,12,4.07,18.29
5034,21,12,4.02,18.86
5035,21,12,3.99,19.43
5036,21,12,3.78,20.0
5037,21,12,3.84,20.57
5038,20,12,3.33,22.2
5039,22,12,3.29,20.73
5040,21,13,2.62,22.33
5041,22,11,2.26,17.91
5042,22,9,2.5,14.41
5043,21,9,2.0,11.52
5044,23,9,2.34,7.35
5045,22,7,2.5,4.36
5046,22,7,3.13,1.05
5047,21,7,3.24,1.43
5048,21,9,3.82,1.86
5049,21,9,4.26,2.29
5050,23,10,4.78,2.52
5051,22,10,4.87,3.09
5052,21,10,4.66,3.71
5053,22,10,4.83,4.0
5054,21,10,4.71,4.67
5055,21,10,4.69,5.14
5056,21,10,4.77,5.62
5057,21,10,4.96,6.1
5058,21,10,5.16,6.57
5059,20,10,4.94,7.4
5060,21,10,5.37,7.52
5061,20,10,5.24,8.4
5062,20,10,5.29,8.9
5063,20,10,5.06,9.4
5064,19,10,4.79,10.42
5065,20,10,4.97,10.4
5066,20,10,4.83,10.9
5067,20,10,4.5,11.4
5068,21,10,4.93,11.33
5069,20,10,4.93,12.4
5070,20,10,4.79,12.9
5071,20,10,5.09,13.4
5072,20,10,4.98,13.9
5073,20,10,5.04,14.4
5074,20,10,4.97,14.9
5075,21,10,5.18,14.67
5076,20,10,4.86,15.9
5077,22,10,5.4,14.91
5078,20,10,4.76,16.9
5079,21,10,5.18,16.57
5080,20,10,4.76,17.9
5081,21,10,5.26,17.52
5082,21,10,5.1,18.0
5083,20,10,4.62,19.4
5084,20,10,4.44,19.9
5085,21,10,3.86,19.43
5086,21,9,3.13,15.62
5087,22,8,3.09,11.32
5088,21,7,2.43,8.1
5089,21,5,2.88,4.33
5090,20,5,2.86,0.7
5091,22,5,3.29,0.86
5092,21,8,3.29,1.29
5093,23,8,3.66,1.52
5094,21,10,3.27,2.14
5095,21,11,3.65,2.67
5096,22,11,3.78,3.05
5097,20,12,3.29,3.95
5098,21,12,4.07,4.33
5099,21,12,3.7,4.9
5100,22,12,4.33,5.23
5101,20,12,3.74,6.35
5102,22,12,4.21,6.32
5103,22,12,4.26,6.86
5104,22,12,4.15,7.41
5105,21,12,4.08,8.33
5106,21,12,4.34,8.9
5107,21,12,4.0,9.48
5108,21,12,4.08,10.05
5109,22,12,4.32,10.14
5110,21,12,4.06,11.19
5111,21,12,4.21,11.76
5112,22,12,4.38,11.77
5113,21,12,4.19,12.9
5114,21,12,4.25,13.48
5115,20,12,3.77,14.75
5116,21,12,4.4,14.62
5117,21,12,4.17,15.19
5118,21,12,4.15,15.76
5119,21,12,3.71,16.33
5120,21,12,3.79,16.9
5121,20,12,3.56,18.35
5122,22,12,4.36,17.23
5123,21,12,4.0,18.62
5124,21,12,4.06,19.19
5125,21,12,3.91,19.76
5126,21,12,4.01,20.33
5127,20,12,3.66,21.95
5128,22,12,4.26,20.5
5129,21,12,3.6,22.05
5130,22,12,3.11,21.59
5131,23,12,2.69,17.3
5132,21,10,1.66,15.33
5133,22,8,1.81,11.18
5134,22,8,1.65,7.73
5135,22,8,2.34,4.36
5136,22,7,3.1,1.05
5137,21,8,3.54,1.48
5138,21,9,4.2,1.9
5139,19,10,3.91,2.63
5140,21,10,4.71,2.86
5141,19,10,4.13,3.68
5142,20,10,4.77,4.0
5143,20,10,4.56,4.5
5144,21,10,5.08,4.76
5145,19,10,4.46,5.79
5146,21,10,5.07,5.71
5147,20,10,4.93,6.5
5148,21,10,5.0,6.67
5149,20,10,4.66,7.5
5150,21,10,4.64,7.62
5151,20,10,4.37,8.5
5152,21,10,4.93,8.57
5153,20,10,4.56,9.5
5154,21,10,5.14,9.52
5155,19,10,4.74,11.05
5156,21,10,5.26,10.48
5157,20,10,4.99,11.5
5158,19,10,4.78,12.63
5159,20,10,5.09,12.5
5160,20,10,5.11,13.0
5161,20,10,5.17,13.5
5162,20,10,5.16,14.0
5163,18,10,4.45,16.11
5164,20,10,4.97,15.0
5165,19,10,4.82,16.32
5166,20,10,5.03,16.0
5167,20,10,5.18,16.5
5168,19,10,4.97,17.89
5169,20,10,5.19,17.5
5170,19,10,4.99,18.95
5171,20,10,5.26,18.5
5172,20,10,5.44,19.0
5173,19,10,5.42,20.53
5174,20,10,5.42,20.0
5175,19,10,4.77,21.58
5176,20,8,4.4,16.4
5177,19,6,3.01,13.05
5178,19,6,2.26,8.84
5179,20,4,2.39,4.35
5180,20,4,2.68,0.4
5181,20,5,3.39,0.65
5182,21,7,3.03,0.95
5183,23,8,3.71,1.22
5184,22,8,3.57,1.64
5185,21,10,3.58,2.19
5186,22,12,3.81,2.64
5187,21,12,3.64,3.33
5188,21,12,3.6,3.9
5189,22,12,4.05,4.27
5190,22,12,4.21,4.82
5191,22,12,4.1,5.36
5192,22,12,4.02,5.91
5193,21,12,3.65,6.76
5194,22,12,3.84,7.0
5195,21,12,3.7,7.9
5196,21,12,3.86,8.48
5197,22,12,4.26,8.64
5198,22,12,4.33,9.18
5199,20,12,3.88,10.7
5200,22,12,4.79,10.27
5201,20,12,4.06,11.9
5202,22,12,4.64,11.36
5203,20,12,3.99,13.1
5204,22,12,4.65,12.45
5205,21,12,4.29,13.62
5206,20,12,3.72,14.9
5207,21,12,3.99,14.76
5208,20,12,3.72,16.1
5209,20,12,4.0,16.7
5210,22,12,4.64,15.73
5211,20,12,3.92,17.9
5212,22,12,4.48,16.82
5213,21,12,4.23,18.19
5214,21,12,3.86,18.76
5215,21,12,3.91,19.33
5216,21,12,3.96,19.9
5217,21,12,3.87,20.48
5218,21,12,3.57,21.05
5219,20,12,3.12,22.7
5220,22,12,2.86,21.18
5221,20,11,1.81,19.55
5222,21,9,1.82,15.05
5223,22,8,2.03,10.95
5224,21,7,1.86,7.86
5225,22,7,2.24,4.18
5226,22,6,3.01,0.82
5227,21,7,3.27,1.19
5228,21,9,3.97,1.62
5229,20,10,4.23,2.2
5230,21,10,4.43,2.57
5231,20,10,4.44,3.2
5232,20,10,4.41,3.7
5233,20,10,4.46,4.2
5234,20,10,4.99,4.7
5235,21,10,5.2,4.95
5236,19,10,4.54,6.0
5237,19,10,4.62,6.53
5238,20,10,4.67,6.7
5239,21,10,5.15,6.86
5240,20,10,4.64,7.7
5241,21,10,5.1,7.81
5242,21,10,5.01,8.29
5243,20,10,4.69,9.2
5244,20,10,4.87,9.7
5245,20,10,4.67,10.2
5246,20,10,4.74,10.7
5247,21,10,4.76,10.67
5248,20,10,4.7,11.7
5249,20,10,4.85,12.2
5250,19,10,4.78,13.37
5251,20,10,4.77,13.2
5252,19,10,4.44,14.42
5253,21,10,5.02,13.52
5254,20,10,4.73,14.7
5255,21,10,5.19,14.48
5256,20,10,4.96,15.7
5257,19,10,4.83,17.05
5258,20,10,4.98,16.7
5259,20,10,5.17,17.2
5260,20,10,5.07,17.7
5261,20,10,5.04,18.2
5262,19,10,4.96,19.68
5263,20,10,5.04,19.2
5264,20,10,4.84,19.7
5265,20,10,3.76,20.2
5266,21,8,3.45,15.43
5267,20,7,2.42,12.3
5268,21,6,2.39,8.0
5269,20,4,2.01,4.4
5270,20,4,2.43,0.45
5271,21,6,2.99,0.71
5272,21,6,2.85,1.0
5273,22,8,3.35,1.32
5274,22,9,3.5,1.73
5275,22,11,4.01,2.23
5276,22,12,3.88,2.77
5277,22,12,4.33,3.32
5278,21,12,4.02,4.05
5279,22,12,4.15,4.41
5280,21,12,3.97,5.19
5281,21,12,4.32,5.76
5282,21,12,3.92,6.33
5283,21,12,4.15,6.9
5284,22,12,4.36,7.14
5285,22,12,4.52,7.68
5286,22,12,4.17,8.23
5287,21,12,4.09,9.19
5288,21,12,4.32,9.76
5289,21,12,4.15,10.33
5290,22,12,4.6,10.41
5291,20,12,3.98,12.05
5292,22,12,4.48,11.5
5293,20,12,3.68,13.25
5294,22,12,4.36,12.59
5295,20,12,3.57,14.45
5296,21,12,3.98,14.33
5297,21,12,3.87,14.9
5298,22,12,4.26,14.77
5299,21,12,3.89,16.05
5300,22,12,4.22,15.86
5301,21,12,3.94,17.19
5302,21,12,4.25,17.76
5303,22,12,4.37,17.5
5304,22,12,4.56,18.05
5305,22,12,4.23,18.59
5306,20,12,3.48,21.05
5307,22,12,4.15,19.68
5308,22,12,4.1,20.23
5309,23,12,3.44,19.87
5310,23,13,2.85,20.43
5311,22,11,2.16,17.91
5312,22,11,1.54,14.59
5313,21,11,1.27,11.81
5314,22,10,1.71,8.0
5315,22,9,2.37,4.73
5316,22,7,2.93,1.36
5317,21,9,3.14,1.86
5318,21,10,3.92,2.33
5319,20,10,4.03,2.95
5320,20,10,4.32,3.45
5321,19,10,3.76,4.16
5322,20,10,4.16,4.45
5323,20,10,4.03,4.95
5324,20,10,4.17,5.45
5325,21,10,4.42,5.67
5326,21,10,4.52,6.14
5327,21,10,4.61,6.62
5328,21,10,4.41,7.1
5329,21,10,4.58,7.57
5330,21,10,4.84,8.05
5331,21,10,4.67,8.52
5332,21,10,4.97,9.0
5333,21,10,4.67,9.48
5334,20,10,4.32,10.45
5335,21,10,4.67,10.43
5336,21,10,4.59,10.9
5337,21,10,4.73,11.38
5338,20,10,4.63,12.45
5339,21,10,4.83,12.33
5340,20,10,4.67,13.45
5341,22,10,5.23,12.68
5342,20,10,4.64,14.45
5343,20,10,4.84,14.95
5344,20,10,4.4,15.45
5345,21,10,4.95,15.19
5346,20,10,4.47,16.45
5347,21,10,4.54,16.14
5348,20,10,4.44,17.45
5349,21,10,5.03,17.1
5350,20,10,4.52,18.45
5351,20,10,4.77,18.95
5352,19,10,4.58,20.47
5353,20,10,4.52,19.95
5354,19,10,4.06,21.53
5355,21,10,3.79,19.95
5356,21,9,3.36,16.1
5357,22,7,3.4,11.64
5358,21,7,2.6,8.33
5359,20,5,2.22,4.65
5360,20,3,2.68,0.55
5361,21,5,3.14,0.76
5362,21,7,3.14,1.1
5363,22,7,3.61,1.36
5364,21,9,3.27,1.86
5365,21,10,3.86,2.33
5366,22,12,4.09,2.77
5367,21,12,3.93,3.48
5368,22,12,4.14,3.86
5369,22,12,4.45,4.41
5370,22,12,4.27,4.95
5371,22,12,4.42,5.5
5372,21,12,4.04,6.33
5373,22,12,4.3,6.59
5374,21,12,4.01,7.48
5375,20,12,3.81,8.45
5376,22,12,4.38,8.23
5377,20,12,3.68,9.65
5378,21,12,4.34,9.76
5379,20,12,3.76,10.85
5380,21,12,4.27,10.9
5381,21,12,3.92,11.48
5382,22,12,4.33,11.5
5383,20,12,3.67,13.25
5384,22,12,4.23,12.59
5385,20,12,3.6,14.45
5386,22,12,4.16,13.68
5387,21,12,3.78,14.9
5388,21,12,3.84,15.48
5389,21,12,3.66,16.05
5390,22,12,4.21,15.86
5391,20,12,3.6,18.05
5392,22,12,4.26,16.95
5393,21,12,3.9,18.33
5394,23,12,4.35,17.26
5395,21,12,3.81,19.48
5396,21,12,3.96,20.05
5397,22,12,4.41,19.68
5398,21,12,3.82,21.19
5399,22,13,3.64,20.82
5400,21,13,2.36,22.43
5401,22,11,2.19,17.91
5402,22,10,1.67,14.5
5403,21,9,1.58,11.67
5404,21,8,2.0,8.14
5405,22,7,2.39,4.41
5406,21,6,2.74,1.1
5407,21,8,3.29,1.48
5408,20,9,3.27,2.0
5409,19,10,3.1,2.63
5410,21,10,3.74,2.86
5411,21,10,4.27,3.33
5412,20,10,4.31,4.0
5413,21,10,4.93,4.29
5414,20,10,4.84,5.0
5415,21,10,5.0,5.24
5416,20,10,4.73,6.0
5417,21,10,4.99,6.19
5418,20,10,4.65,7.0
5419,21,10,5.17,7.14
5420,20,10,4.47,8.0
5421,21,10,5.15,8.1
5422,20,10,5.17,9.0
5423,20,10,5.12,9.5
5424,19,10,4.92,10.53
5425,20,10,4.94,10.5
5426,20,10,5.07,11.0
5427,20,10,5.08,11.5
5428,20,10,5.07,12.0
5429,20,10,5.12,12.5
5430,20,10,4.81,13.0
5431,20,10,4.93,13.5
5432,18,10,4.22,15.56
5433,20,10,4.9,14.5
5434,19,10,4.54,15.79
5435,20,10,4.72,15.5
5436,20,10,4.68,16.0
5437,21,10,4.8,15.71
5438,20,10,4.5,17.0
5439,21,10,4.87,16.67
5440,21,10,4.62,17.14
5441,21,10,4.92,17.62
5442,20,10,4.74,19.0
5443,20,10,4.43,19.5
5444,20,10,4.16,20.0
5445,20,11,3.2,20.55
5446,20,9,2.74,16.5
5447,20,9,2.33,12.6
5448,20,7,1.83,8.7
5449,20,7,2.18,4.85
5450,21,6,2.65,0.9
5451,22,8,2.89,1.23
5452,21,8,3.1,1.67
5453,22,9,3.6,2.0
5454,21,10,3.06,2.57
5455,21,12,3.6,3.14
5456,22,12,3.89,3.55
5457,21,12,3.83,4.29
5458,21,12,4.04,4.86
5459,22,12,4.26,5.18
5460,22,12,4.09,5.73
5461,21,12,3.94,6.57
5462,22,12,4.27,6.82
5463,21,12,4.23,7.71
5464,22,12,4.42,7.91
5465,21,12,4.09,8.86
5466,21,12,4.29,9.43
5467,21,12,4.08,10.0
5468,21,12,4.28,10.57
5469,20,12,3.94,11.7
5470,22,12,4.66,11.18
5471,20,12,4.09,12.9
5472,22,12,4.58,12.27
5473,20,12,4.03,14.1
5474,22,12,4.58,13.36
5475,20,12,3.48,15.3
5476,21,12,4.04,15.14
5477,21,12,3.84,15.71
5478,21,12,4.32,16.29
5479,20,12,4.01,17.7
5480,22,12,4.58,16.64
5481,22,12,4.73,17.18
5482,22,12,4.45,17.73
5483,20,12,3.83,20.1
5484,22,12,4.38,18.82
5485,20,12,3.39,21.3
5486,21,12,3.93,20.86
5487,21,12,3.81,21.43
5488,21,12,3.69,22.0
5489,21,12,3.05,22.57
5490,22,12,2.7,22.09
5491,22,10,2.42,18.45
5492,22,10,1.73,14.91
5493,22,9,2.07,11.36
5494,21,7,1.97,8.14
5495,22,7,2.34,4.32
5496,22,6,3.17,0.86
5497,21,8,3.43,1.29
5498,21,8,3.98,1.67
5499,20,9,4.02,2.2
5500,21,10,4.07,2.57
5501,21,10,4.38,3.05
5502,20,10,4.07,3.7
5503,21,10,4.32,4.0
5504,22,10,4.85,4.27
5505,22,10,4.63,4.73
5506,22,10,4.65,5.18
5507,21,10,4.55,5.9
5508,21,10,4.46,6.38
5509,21,10,4.5,6.86
5510,22,10,4.65,7.0
5511,21,10,4.59,7.81
5512,21,10,4.62,8.29
5513,20,10,4.72,9.2
5514,21,10,4.88,9.24
5515,20,10,4.81,10.2
5516,21,10,5.18,10.19
5517,20,10,4.9,11.2
5518,20,10,5.15,11.7
5519,20,10,4.69,12.2
5520,21,10,5.17,12.1
5521,20,10,4.53,13.2
5522,21,10,5.05,13.05
5523,20,10,4.97,14.2
5524,20,10,4.51,14.7
5525,19,10,4.51,16.0
5526,20,10,5.06,15.7
5527,20,10,4.98,16.2
5528,21,10,5.69,15.9
5529,21,10,5.48,16.38
5530,20,10,5.13,17.7
5531,21,10,5.34,17.33
5532,20,10,5.02,18.7
5533,21,10,4.96,18.29
5534,20,10,4.25,19.7
5535,21,10,3.87,19.24
5536,21,8,2.74,15.43
5537,20,8,2.26,12.3
5538,21,6,2.39,8.0
5539,22,5,2.48,4.09
5540,21,5,2.62,0.57
5541,21,6,3.23,0.86
5542,21,7,3.12,1.19
5543,22,9,3.73,1.55
5544,21,9,3.55,2.05
5545,22,11,3.98,2.45
5546,22,12,4.04,3.0
5547,21,12,3.77,3.71
5548,22,12,3.9,4.09
5549,22,12,4.1,4.64
5550,21,12,3.85,5.43
5551,21,12,3.68,6.0
5552,22,12,4.16,6.27
5553,20,12,3.63,7.5
5554,22,12,4.09,7.36
5555,22,12,4.14,7.91
5556,22,12,4.01,8.45
5557,21,12,3.92,9.43
5558,21,12,4.08,10.0
5559,22,12,4.48,10.09
5560,21,12,4.33,11.14
5561,22,12,4.55,11.18
5562,21,12,4.37,12.29
5563,20,12,4.13,13.5
5564,21,12,4.28,13.43
5565,20,12,3.92,14.7
5566,22,12,4.3,13.91
5567,20,12,3.75,15.9
5568,21,12,4.29,15.71
5569,21,12,4.04,16.29
5570,21,12,4.37,16.86
5571,20,12,4.08,18.3
5572,21,12,4.33,18.0
5573,20,12,3.91,19.5
5574,22,12,4.55,18.27
5575,20,12,3.81,20.7
5576,20,12,3.76,21.3
5577,20,12,3.63,21.9
5578,21,12,3.89,21.43
5579,21,12,3.07,22.0
5580,22,13,2.81,21.59
5581,21,12,1.74,19.0
5582,22,11,1.66,14.77
5583,21,10,1.47,11.9
5584,21,9,1.88,8.38
5585,22,8,2.37,4.64
5586,21,7,2.57,1.33
5587,21,8,3.17,1.71
5588,21,9,3.89,2.14
5589,21,9,4.37,2.57
5590,21,10,4.42,3.05
5591,20,10,4.43,3.7
5592,22,10,5.21,3.82
5593,20,10,4.63,4.7
5594,21,10,5.29,4.95
5595,20,10,4.88,5.7
5596,21,10,5.51,5.9
5597,19,10,5.0,7.05
5598,20,10,5.17,7.2
5599,19,10,4.94,8.11
5600,20,10,5.22,8.2
5601,20,10,5.15,8.7
5602,20,10,5.13,9.2
5603,20,10,4.93,9.7
5604,20,10,5.08,10.2
5605,20,10,4.79,10.7
5606,20,10,4.94,11.2
5607,19,10,4.79,12.32
5608,20,10,4.75,12.2
5609,20,10,5.13,12.7
5610,20,10,4.94,13.2
5611,20,10,4.89,13.7
5612,19,10,4.74,14.95
5613,20,10,5.04,14.7
5614,20,10,5.32,15.2
5615,19,10,5.05,16.53
5616,20,10,5.28,16.2
5617,18,10,4.53,18.56
5618,20,10,5.23,17.2
5619,18,10,4.4,19.67
5620,20,10,4.83,18.2
5621,19,10,4.49,19.68
5622,19,10,4.45,20.21
5623,20,10,4.51,19.7
5624,20,10,4.09,20.2
5625,21,10,3.34,19.71
5626,20,9,2.67,16.6
5627,22,8,2.61,11.45
5628,21,7,2.42,8.24
5629,20,6,2.1,4.7
5630,20,6,2.66,0.8
5631,22,6,3.1,1.0
5632,21,7,3.28,1.38
5633,22,8,3.95,1.68
5634,21,9,3.5,2.19
5635,22,11,4.01,2.59
5636,21,12,3.52,3.29
5637,21,12,3.82,3.86
5638,22,12,3.97,4.23
5639,21,12,3.91,5.0
5640,21,12,4.01,5.57
5641,21,12,3.85,6.14
5642,22,12,4.43,6.41
5643,21,12,4.19,7.29
5644,22,12,4.41,7.5
5645,21,12,4.34,8.43
5646,21,12,4.46,9.0
5647,21,12,4.3,9.57
5648,21,12,4.42,10.14
5649,20,12,3.59,11.25
5650,21,12,4.1,11.29
5651,20,12,3.96,12.45
5652,20,12,3.72,13.05
5653,20,12,3.94,13.65
5654,22,12,4.46,12.95
5655,21,12,4.13,14.14
5656,21,12,4.33,14.71
5657,20,12,3.61,16.05
5658,21,12,4.26,15.86
5659,21,12,3.86,16.43
5660,21,12,4.1,17.0
5661,20,12,3.63,18.45
5662,22,12,4.34,17.32
5663,21,12,4.11,18.71
5664,20,12,3.76,20.25
5665,21,12,4.06,19.86
5666,22,12,4.5,19.5
5667,21,12,3.86,21.0
5668,22,12,4.32,20.59
5669,21,12,3.11,22.14
5670,22,13,2.75,21.73
5671,21,11,2.21,19.05
5672,22,11,1.71,14.73
5673,22,9,1.96,11.23
5674,21,9,1.78,8.24
5675,22,7,2.15,4.5
5676,22,6,2.67,1.09
5677,21,8,3.05,1.52
5678,21,9,3.76,1.95
5679,21,9,4.19,2.38
5680,21,10,4.11,2.86
5681,21,10,4.54,3.33
5682,20,10,4.41,4.0
5683,21,10,4.99,4.29
5684,19,10,4.54,5.26
5685,20,10,4.64,5.5
5686,20,10,4.87,6.0
5687,19,10,4.69,6.84
5688,20,10,4.95,7.0
5689,21,10,5.38,7.14
5690,20,10,4.92,8.0
5691,21,10,5.48,8.1
5692,20,10,4.78,9.0
5693,20,10,4.88,9.5
5694,19,10,4.8,10.53
5695,20,10,5.08,10.5
5696,20,10,5.28,11.0
5697,19,10,4.94,12.11
5698,19,10,4.54,12.63
5699,19,10,4.58,13.16
5700,20,10,4.63,13.0
5701,20,10,4.71,13.5
5702,20,10,4.81,14.0
5703,20,10,4.63,14.5
5704,20,10,4.85,15.0
5705,20,10,4.64,15.5
5706,20,10,4.63,16.0
5707,20,10,4.51,16.5
5708,20,10,4.28,17.0
5709,20,10,4.4,17.5
5710,19,10,4.15,18.95
5711,21,10,4.62,17.62
5712,20,10,4.61,19.0
5713,22,10,4.94,17.73
5714,21,10,4.34,19.05
5715,22,10,3.66,18.64
5716,21,9,2.6,15.67
5717,21,8,2.38,11.86
5718,21,6,2.08,8.1
5719,22,6,2.5,4.18
5720,21,4,2.52,0.62
5721,21,6,3.14,0.9
5722,21,8,3.16,1.29
5723,23,8,3.83,1.52
5724,22,10,3.97,2.05
5725,21,10,4.12,2.62
5726,22,11,4.4,3.0
5727,21,12,4.37,3.71
5728,22,12,4.6,4.09
5729,22,12,4.64,4.64
5730,22,12,4.47,5.18
5731,21,12,3.72,6.0
5732,21,12,4.02,6.57
5733,22,12,4.02,6.82
5734,21,12,4.02,7.71
5735,21,12,3.95,8.29
5736,22,12,4.1,8.45
5737,21,12,3.92,9.43
5738,22,12,4.28,9.55
5739,21,12,3.95,10.57
5740,22,12,4.21,10.64
5741,22,12,4.2,11.18
5742,21,12,4.03,12.29
5743,21,12,4.37,12.86
5744,21,12,4.46,13.43
5745,21,12,4.82,14.0
5746,20,12,4.16,15.3
5747,21,12,4.59,15.14
5748,21,12,4.39,15.71
5749,21,12,4.36,16.29
5750,21,12,4.14,16.86
5751,21,12,3.95,17.43
5752,20,12,3.79,18.9
5753,22,12,4.35,17.73
5754,20,12,3.7,20.1
5755,22,12,4.29,18.82
5756,21,12,4.03,20.29
5757,21,12,4.21,20.86
5758,22,12,4.42,20.45
5759,22,12,4.28,21.0
5760,22,12,3.3,21.55
5761,22,11,3.1,18.09
5762,22,10,1.83,14.64
5763,22,10,1.9,11.23
5764,22,8,1.73,7.82
5765,22,7,2.18,4.41
5766,22,7,2.75,1.05
5767,21,7,3.09,1.43
5768,21,8,3.87,1.81
5769,20,10,4.09,2.4
5770,20,10,4.5,2.9
5771,20,10,4.6,3.4
5772,19,10,4.7,4.11
5773,20,10,4.94,4.4
5774,19,10,4.81,5.16
5775,20,10,5.12,5.4
5776,20,10,5.16,5.9
5777,19,10,4.62,6.74
5778,19,10,4.23,7.26
5779,19,10,4.27,7.79
5780,20,10,4.3,7.9
5781,21,10,4.94,8.0
5782,20,10,4.58,8.9
5783,21,10,4.79,8.95
5784,20,10,4.67,9.9
5785,21,10,5.12,9.9
5786,20,10,4.78,10.9
5787,21,10,5.3,10.86
5788,20,10,4.75,11.9
5789,21,10,5.23,11.81
5790,20,10,4.9,12.9
5791,20,10,4.96,13.4
5792,20,10,5.11,13.9
5793,19,10,4.76,15.16
5794,20,10,5.03,14.9
5795,19,10,5.0,16.21
5796,20,10,5.26,15.9
5797,20,10,5.13,16.4
5798,19,10,4.47,17.79
5799,20,10,5.0,17.4
5800,19,10,4.83,18.84
5801,20,10,4.93,18.4
5802,20,10,5.09,18.9
5803,20,10,4.32,19.4
5804,20,11,4.22,19.95
5805,20,11,2.86,20.5
5806,20,10,2.62,16.55
5807,20,9,2.26,12.6
5808,21,7,2.46,8.29
5809,21,7,2.14,4.62
5810,21,5,2.75,0.95
5811,21,7,3.36,1.29
5812,21,8,3.29,1.67
5813,21,9,3.73,2.1
5814,21,10,3.81,2.57
5815,21,10,4.24,3.05
5816,21,11,3.99,3.57
5817,21,12,4.23,4.14
5818,20,12,3.89,4.95
5819,20,12,3.66,5.55
5820,21,12,4.28,5.86
5821,21,12,4.06,6.43
5822,22,12,4.69,6.68
5823,20,12,4.06,7.95
5824,22,12,4.72,7.77
5825,20,12,4.03,9.15
5826,22,12,4.46,8.86
5827,20,12,3.68,10.35
5828,22,12,4.18,9.95
5829,20,12,3.31,11.55
5830,21,12,3.83,11.57
5831,22,12,4.11,11.59
5832,22,12,4.16,12.14
5833,20,12,3.58,13.95
5834,22,12,4.24,13.23
5835,20,12,3.56,15.15
5836,21,12,4.06,15.0
5837,21,12,3.76,15.57
5838,21,12,4.1,16.14
5839,21,12,4.09,16.71
5840,21,12,4.04,17.29
5841,20,12,3.85,18.75
5842,22,12,4.5,17.59
5843,21,12,4.13,19.0
5844,22,12,4.23,18.68
5845,21,12,3.82,20.14
5846,21,12,3.97,20.71
5847,22,12,4.04,20.32
5848,21,12,3.55,21.86
5849,21,12,3.01,22.43
5850,22,12,2.94,21.95
5851,22,11,2.37,18.32
5852,22,11,1.87,14.77
5853,22,9,1.97,11.27
5854,22,9,1.58,7.91
5855,22,7,2.24,4.5
5856,22,7,2.88,1.09
5857,21,7,3.28,1.48
5858,21,9,3.83,1.9
5859,20,10,3.67,2.5
5860,21,10,4.42,2.86
5861,19,10,3.89,3.68
5862,20,10,4.49,4.0
5863,20,10,4.64,4.5
5864,19,10,4.69,5.26
5865,21,10,5.26,5.24
5866,19,10,4.52,6.32
5867,21,10,5.07,6.19
5868,20,10,4.67,7.0
5869,19,10,4.56,7.89
5870,20,10,4.77,8.0
5871,21,10,5.21,8.1
5872,19,10,4.66,9.47
5873,20,10,4.88,9.5
5874,19,10,4.51,10.53
5875,20,10,4.99,10.5
5876,20,10,4.89,11.0
5877,20,10,5.23,11.5
5878,20,10,5.05,12.0
5879,20,10,5.24,12.5
5880,20,10,4.93,13.0
5881,20,10,4.86,13.5
5882,19,10,4.86,14.74
5883,20,10,4.87,14.5
5884,20,10,5.26,15.0
5885,19,10,5.03,16.32
5886,19,10,4.62,16.84
5887,19,10,4.88,17.37
5888,20,10,4.98,17.0
5889,20,10,4.93,17.5
5890,20,10,4.74,18.0
5891,20,10,4.8,18.5
5892,19,10,4.57,20.0
5893,20,10,4.59,19.5
5894,20,10,4.71,20.0
5895,20,10,3.44,20.5
5896,21,8,3.54,15.67
5897,22,6,3.35,11.23
5898,21,6,2.4,7.95
5899,20,5,2.07,4.4
5900,20,5,2.54,0.5
5901,21,5,2.93,0.71
5902,22,6,3.34,0.95
5903,21,8,3.47,1.38
5904,23,9,4.14,1.65
5905,21,10,3.87,2.29
5906,23,11,4.49,2.57
5907,21,12,3.98,3.38
5908,20,12,3.67,4.15
5909,21,12,4.09,4.52
5910,21,12,4.09,5.1
5911,22,12,4.24,5.41
5912,21,12,3.98,6.24
5913,21,12,4.17,6.81
5914,21,12,3.65,7.38
5915,21,12,4.03,7.95
5916,22,12,4.02,8.14
5917,21,12,3.92,9.1
5918,21,12,3.92,9.67
5919,22,12,3.97,9.77
5920,22,12,3.92,10.32
5921,21,12,3.88,11.38
5922,22,12,4.08,11.41
5923,20,12,3.38,13.15
5924,21,12,3.88,13.1
5925,22,12,4.06,13.05
5926,22,12,4.25,13.59
5927,22,12,4.41,14.14
5928,22,12,4.48,14.68
5929,20,12,3.87,16.75
5930,22,12,4.68,15.77
5931,20,12,3.93,17.95
5932,21,12,4.39,17.67
5933,20,12,3.94,19.15
5934,21,12,4.61,18.81
5935,20,12,4.46,20.35
5936,21,12,4.81,19.95
5937,20,12,4.59,21.55
5938,21,12,4.14,21.1
5939,21,12,3.81,21.67
5940,21,12,2.69,22.24
5941,21,11,1.84,18.67
5942,21,10,1.62,15.1
5943,21,9,1.31,11.52
5944,22,8,1.58,7.64
5945,22,7,2.08,4.27
5946,22,6,2.71,0.95
5947,22,7,3.29,1.27
5948,21,9,3.55,1.76
5949,21,10,4.06,2.24
5950,22,10,4.45,2.59
5951,21,10,4.6,3.19
5952,20,10,4.65,3.85
5953,21,10,4.85,4.14
5954,20,10,4.75,4.85
5955,19,10,4.87,5.63
5956,20,10,5.06,5.85
5957,20,10,5.18,6.35
5958,20,10,5.0,6.85
5959,20,10,4.8,7.35
5960,19,10,4.72,8.26
5961,20,10,4.82,8.35
5962,20,10,5.17,8.85
5963,21,10,5.25,8.9
5964,19,10,4.65,10.37
5965,19,10,4.79,10.89
5966,21,10,5.34,10.33
5967,20,10,5.08,11.35
5968,20,10,5.22,11.85
5969,20,10,5.14,12.35
5970,20,10,5.22,12.85
5971,20,10,5.13,13.35
5972,20,10,4.95,13.85
5973,19,10,4.7,15.11
5974,20,10,4.87,14.85
5975,20,10,4.76,15.35
5976,21,10,5.04,15.1
5977,20,10,4.82,16.35
5978,21,10,5.34,16.05
5979,20,10,4.75,17.35
5980,21,10,5.32,17.0
5981,20,10,4.89,18.35
5982,20,10,4.94,18.85
5983,20,10,4.32,19.35
5984,20,11,3.63,19.9
5985,22,12,3.24,18.64
5986,20,11,1.93,16.6
5987,21,9,1.91,12.14
5988,20,7,1.39,8.85
5989,21,7,1.84,4.76
5990,21,5,2.33,1.05
5991,22,7,2.79,1.32
5992,21,8,3.03,1.76
5993,23,10,3.68,2.04
5994,22,10,3.49,2.59
5995,22,11,3.71,3.09
5996,22,12,3.84,3.64
5997,22,12,4.16,4.18
5998,22,12,3.96,4.73
5999,22,12,4.28,5.27
6000,21,12,4.25,6.1
6001,21,12,4.04,6.67
6002,22,12,4.72,6.91
6003,20,12,3.96,8.2
6004,21,12,4.23,8.38
6005,20,12,3.94,9.4
6006,22,12,4.36,9.09
6007,21,12,4.08,10.1
6008,21,12,4.25,10.67
6009,21,12,4.01,11.24
6010,21,12,4.19,11.81
6011,20,12,4.0,13.0
6012,21,12,4.09,12.95
6013,21,12,4.17,13.52
6014,21,12,4.0,14.1
6015,21,12,4.07,14.67
6016,21,12,4.15,15.24
6017,21,12,3.97,15.81
6018,21,12,4.22,16.38
6019,20,12,4.05,17.8
6020,22,12,4.66,16.73
6021,20,12,4.13,19.0
6022,21,12,4.77,18.67
6023,20,12,4.25,20.2
6024,21,12,4.96,19.81
6025,22,12,5.23,19.45
6026,20,12,4.48,22.0
6027,22,12,4.88,20.55
6028,20,12,3.88,23.2
6029,22,12,3.99,21.64
6030,20,13,2.72,24.45
6031,22,11,2.43,18.55
6032,21,10,1.85,15.62
6033,21,9,1.4,11.95
6034,21,7,1.95,8.29
6035,21,7,2.36,4.67
6036,22,7,2.82,1.0
6037,21,7,3.13,1.38
6038,21,9,3.82,1.81
6039,21,9,4.33,2.24
6040,21,9,4.28,2.67
6041,21,10,4.81,3.14
6042,20,10,4.69,3.8
6043,21,10,4.9,4.1
6044,20,10,4.68,4.8
6045,21,10,4.71,5.05
6046,20,10,4.54,5.8
6047,21,10,5.11,6.0
6048,20,10,4.64,6.8
6049,20,10,4.75,7.3
6050,19,10,4.61,8.21
6051,19,10,4.22,8.74
6052,19,10,4.43,9.26
6053,20,10,4.58,9.3
6054,20,10,4.66,9.8
6055,21,10,4.93,9.81
6056,20,10,4.67,10.8
6057,21,10,5.0,10.76
6058,20,10,4.6,11.8
6059,20,10,4.89,12.3
6060,18,10,4.3,14.22
6061,20,10,5.02,13.3
6062,18,10,4.24,15.33
6063,20,10,4.68,14.3
6064,19,10,4.14,15.58
6065,21,10,4.38,14.57
6066,21,10,4.53,15.05
6067,21,10,4.76,15.52
6068,21,10,4.38,16.0
6069,21,10,4.79,16.48
6070,20,10,4.58,17.8
6071,20,10,5.01,18.3
6072,20,10,4.89,18.8
6073,21,10,5.29,18.38
6074,21,10,4.51,18.86
6075,20,11,3.58,20.35
6076,22,9,3.31,14.82
6077,20,9,2.39,12.45
6078,21,7,2.43,8.14
6079,21,7,1.94,4.48
6080,21,5,2.55,0.86
6081,22,6,2.97,1.09
6082,21,8,3.25,1.52
6083,23,10,4.06,1.83
6084,22,10,4.06,2.36
6085,21,12,4.18,3.05
6086,22,12,4.58,3.45
6087,20,12,4.06,4.4
6088,22,12,4.49,4.55
6089,20,12,3.81,5.6
6090,22,12,4.38,5.64
6091,20,12,3.58,6.8
6092,21,12,4.03,7.05
6093,21,12,3.66,7.62
6094,21,12,3.69,8.19
6095,21,12,3.81,8.76
6096,22,12,3.74,8.91
6097,21,12,3.67,9.9
6098,22,12,3.75,10.0
6099,22,12,3.87,10.55
6100,21,12,3.61,11.62
6101,22,12,3.83,11.64
6102,21,12,3.62,12.76
6103,21,12,3.76,13.33
6104,22,12,3.86,13.27
6105,22,12,4.08,13.82
6106,22,12,4.39,14.36
6107,22,12,4.49,14.91
6108,21,12,4.38,16.19
6109,21,12,4.09,16.76
6110,22,12,4.58,16.55
6111,21,12,3.84,17.9
6112,22,12,4.38,17.64
6113,21,12,4.09,19.05
6114,22,12,4.17,18.73
6115,20,12,3.49,21.2
6116,22,12,4.09,19.82
6117,21,12,3.79,21.33
6118,21,12,3.56,21.9
6119,22,12,3.18,21.45
6120,22,12,2.89,22.0
6121,22,11,2.17,18.41
6122,22,11,1.54,14.91
6123,22,9,1.83,11.41
6124,22,7,1.85,7.91
6125,22,7,2.45,4.41
6126,21,7,2.74,1.05
6127,21,8,3.43,1.43
6128,21,9,4.18,1.86
6129,20,10,3.76,2.45
6130,21,10,4.31,2.81
6131,21,10,4.51,3.29
6132,20,10,4.07,3.95
6133,21,10,4.71,4.24
6134,20,10,4.58,4.95
6135,21,10,5.06,5.19
6136,20,10,4.97,5.95
6137,20,10,5.26,6.45
6138,20,10,5.15,6.95
6139,19,10,5.06,7.84
6140,20,10,5.24,7.95
6141,20,10,5.16,8.45
6142,20,10,4.97,8.95
6143,20,10,5.05,9.45
6144,19,10,5.03,10.47
6145,20,10,5.21,10.45
6146,19,10,4.85,11.53
6147,20,10,5.01,11.45
6148,19,10,4.6,12.58
6149,19,10,4.76,13.11
6150,21,10,5.46,12.33
6151,20,10,5.2,13.45
6152,21,10,5.34,13.29
6153,20,10,4.92,14.45
6154,20,10,4.78,14.95
6155,20,10,4.66,15.45
6156,19,10,4.43,16.79
6157,20,10,4.68,16.45
6158,20,10,4.72,16.95
6159,19,10,4.43,18.37
6160,21,10,4.69,17.1
6161,21,10,4.85,17.57
6162,22,10,4.97,17.23
6163,22,10,5.13,17.68
6164,22,10,4.3,18.14
6165,22,10,3.89,18.59
6166,20,8,2.7,16.4
6167,21,8,2.07,11.86
6168,21,7,2.15,8.14
6169,21,7,2.51,4.43
6170,21,5,2.47,0.71
6171,22,6,2.94,0.95
6172,21,8,3.09,1.38
6173,22,9,3.7,1.73
6174,22,10,3.85,2.18
6175,21,11,3.75,2.81
6176,23,12,4.41,3.09
6177,21,12,3.97,3.95
6178,23,12,4.6,4.13
6179,21,12,4.13,5.1
6180,21,12,4.06,5.67
6181,21,12,3.96,6.24
6182,21,12,4.14,6.81
6183,22,12,4.41,7.05
6184,21,12,4.08,7.95
6185,22,12,4.35,8.14
6186,21,12,3.7,9.1
6187,21,12,3.93,9.67
6188,22,12,4.11,9.77
6189,21,12,4.01,10.81
6190,21,12,4.24,11.38
6191,21,12,4.11,11.95
6192,22,12,4.57,11.95
6193,20,12,4.0,13.75
6194,22,12,4.86,13.05
6195,20,12,4.08,14.95
6196,22,12,4.67,14.14
6197,20,12,3.93,16.15
6198,21,12,4.52,15.95
6199,20,12,3.52,17.35
6200,21,12,4.14,17.1
6201,21,12,4.12,17.67
6202,21,12,4.0,18.24
6203,21,12,3.9,18.81
6204,22,12,4.46,18.5
6205,21,12,4.03,19.95
6206,22,12,4.29,19.59
6207,21,12,4.02,21.1
6208,21,12,4.05,21.67
6209,21,12,3.68,22.24
6210,21,12,2.93,22.81
6211,22,10,2.73,18.23
6212,21,9,1.93,15.38
6213,22,9,2.02,11.18
6214,22,8,2.28,7.73
6215,23,7,2.65,4.09
6216,21,5,2.35,0.86
6217,21,6,2.97,1.14
6218,21,7,3.76,1.48
6219,21,9,4.28,1.9
6220,19,10,4.2,2.63
6221,21,10,5.04,2.86
6222,19,10,4.59,3.68
6223,21,10,5.02,3.81
6224,19,10,4.5,4.74
6225,21,10,4.95,4.76
6226,20,10,4.61,5.5
6227,20,10,4.79,6.0
6228,20,10,4.6,6.5
6229,21,10,5.07,6.67
6230,20,10,4.39,7.5
6231,21,10,4.85,7.62
6232,20,10,4.47,8.5
6233,21,10,4.73,8.57
6234,20,10,4.56,9.5
6235,21,10,5.17,9.52
6236,20,10,4.81,10.5
6237,21,10,5.52,10.48
6238,20,10,4.88,11.5
6239,20,10,4.84,12.0
6240,19,10,4.7,13.16
6241,20,10,5.04,13.0
6242,20,10,5.3,13.5
6243,19,10,5.14,14.74
6244,19,10,4.84,15.26
6245,19,10,5.05,15.79
6246,20,10,5.24,15.5
6247,20,10,5.23,16.0
6248,19,10,4.96,17.37
6249,20,10,5.16,17.0
6250,20,10,5.52,17.5
6251,20,10,5.36,18.0
6252,18,10,4.72,20.56
6253,19,10,5.15,20.0
6254,20,10,4.88,19.5
6255,19,10,4.06,21.05
6256,20,8,3.13,16.05
6257,20,7,2.97,12.05
6258,20,7,1.8,8.2
6259,20,6,2.14,4.45
6260,20,5,2.55,0.65
6261,21,5,2.98,0.86
6262,21,7,2.95,1.19
6263,22,8,3.52,1.5
6264,22,9,3.71,1.91
6265,21,9,3.69,2.43
6266,22,11,3.8,2.82
6267,21,12,3.63,3.52
6268,21,12,3.75,4.1
6269,22,12,4.1,4.45
6270,21,12,4.08,5.24
6271,22,12,4.25,5.55
6272,22,12,4.32,6.09
6273,21,12,3.93,6.95
6274,22,12,4.34,7.18
6275,21,12,4.09,8.1
6276,21,12,4.22,8.67
6277,21,12,4.13,9.24
6278,22,12,4.61,9.36
6279,21,12,4.01,10.38
6280,21,12,4.14,10.95
6281,20,12,3.87,12.1
6282,22,12,4.53,11.55
6283,20,12,3.78,13.3
6284,22,12,4.31,12.64
6285,20,12,3.72,14.5
6286,21,12,4.29,14.38
6287,21,12,4.08,14.95
6288,21,12,4.29,15.52
6289,22,12,4.44,15.36
6290,21,12,4.02,16.67
6291,22,12,4.27,16.45
6292,22,12,4.33,17.0
6293,20,12,3.83,19.3
6294,22,12,4.53,18.09
6295,20,12,3.84,20.5
6296,22,12,4.32,19.18
6297,20,12,3.52,21.7
6298,21,12,3.72,21.24
6299,22,12,3.38,20.82
6300,21,13,2.53,22.43
6301,22,12,1.69,18.0
6302,22,10,1.54,14.5
6303,23,10,1.8,10.65
6304,22,9,1.75,7.77
6305,22,7,2.29,4.45
6306,22,7,2.99,1.18
6307,21,8,3.35,1.62
6308,21,10,3.99,2.1
6309,19,10,3.63,2.84
6310,21,10,4.43,3.05
6311,21,10,4.86,3.52
6312,20,10,4.52,4.2
6313,20,10,4.29,4.7
6314,19,10,4.29,5.47
6315,20,10,4.34,5.7
6316,20,10,4.61,6.2
6317,22,10,5.29,6.09
6318,20,10,4.54,7.2
6319,20,10,4.65,7.7
6320,20,10,4.33,8.2
6321,21,10,4.86,8.29
6322,20,10,4.76,9.2
6323,20,10,4.8,9.7
6324,20,10,5.17,10.2
6325,20,10,4.63,10.7
6326,20,10,4.51,11.2
6327,20,10,4.49,11.7
6328,20,10,4.37,12.2
6329,21,10,4.78,12.1
6330,21,10,4.61,12.57
6331,21,10,4.81,13.05
6332,20,10,4.67,14.2
6333,20,10,4.28,14.7
6334,20,10,4.34,15.2
6335,21,10,4.71,14.95
6336,21,10,4.44,15.43
6337,21,10,4.75,15.9
6338,22,10,4.98,15.64
6339,21,10,4.72,16.86
6340,19,10,4.15,19.16
6341,20,10,4.75,18.7
6342,20,10,4.79,19.2
6343,21,10,5.16,18.76
6344,21,10,4.49,19.24
6345,21,10,3.99,19.71
6346,21,9,2.59,15.9
6347,21,9,2.56,12.1
6348,21,7,2.15,8.29
6349,21,5,2.16,4.52
6350,21,5,2.76,0.71
6351,21,5,3.25,0.95
6352,21,7,3.24,1.29
6353,23,10,4.04,1.61
6354,22,10,4.01,2.09
6355,22,11,4.21,2.59
6356,21,11,3.97,3.24
6357,21,12,4.27,3.81
6358,22,12,4.48,4.18
6359,20,12,3.71,5.2
6360,21,12,4.22,5.52
6361,21,12,4.03,6.1
6362,21,12,4.27,6.67
6363,21,12,4.0,7.24
6364,21,12,3.92,7.81
6365,22,12,4.06,8.0
6366,22,12,4.09,8.55
6367,20,12,3.4,10.0
6368,22,12,4.17,9.64
6369,21,12,3.9,10.67
6370,21,12,4.0,11.24
6371,22,12,4.18,11.27
6372,22,12,4.17,11.82
6373,22,12,4.32,12.36
6374,21,12,3.82,13.52
6375,22,12,4.53,13.45
6376,21,12,3.96,14.67
6377,22,12,4.46,14.55
6378,21,12,4.15,15.81
6379,22,12,4.43,15.64
6380,21,12,4.05,16.95
6381,21,12,4.34,17.52
6382,21,12,4.25,18.1
6383,21,12,4.53,18.67
6384,21,12,4.33,19.24
6385,21,12,4.19,19.81
6386,20,12,3.84,21.4
6387,21,12,4.17,20.95
6388,20,12,3.68,22.6
6389,22,12,3.73,21.09
6390,20,12,2.5,23.8
6391,22,11,2.22,18.09
6392,22,10,2.28,14.59
6393,21,8,2.03,11.67
6394,23,8,2.09,7.39
6395,22,7,2.12,4.27
6396,22,6,2.76,0.91
6397,21,7,3.26,1.29
6398,21,8,3.98,1.67
6399,20,8,4.31,2.15
6400,21,10,4.52,2.52
6401,21,10,5.04,3.0
6402,20,10,4.41,3.65
6403,21,10,4.94,3.95
6404,19,10,4.44,4.89
6405,20,10,4.75,5.15
6406,20,10,4.79,5.65
6407,20,10,5.01,6.15
6408,20,10,4.84,6.65
6409,20,10,5.08,7.15
6410,19,10,4.62,8.05
6411,20,10,4.82,8.15
6412,20,10,5.09,8.65
6413,20,10,4.91,9.15
6414,20,10,4.88,9.65
6415,20,10,4.75,10.15
6416,20,10,4.75,10.65
6417,20,10,4.74,11.15
6418,20,10,4.63,11.65
6419,20,10,4.7,12.15
6420,19,10,4.68,13.32
6421,20,10,4.65,13.15
6422,19,10,4.37,14.37
6423,21,10,4.65,13.48
6424,20,10,4.39,14.65
6425,21,10,4.98,14.43
6426,20,10,4.36,15.65
6427,21,10,4.8,15.38
6428,20,10,4.6,16.65
6429,20,10,4.44,17.15
6430,20,10,4.7,17.65
6431,20,10,4.39,18.15
6432,20,10,4.26,18.65
6433,21,10,4.26,18.24
6434,21,10,3.9,18.71
6435,21,11,3.47,19.24
6436,23,9,3.3,14.09
6437,21,8,2.55,11.71
6438,22,7,2.85,7.64
6439,22,5,2.5,4.09
6440,22,4,2.85,0.64
6441,21,6,2.98,0.95
6442,20,7,3.13,1.35
6443,22,8,3.7,1.59
6444,22,9,3.85,2.0
6445,21,10,4.1,2.57
6446,22,11,4.28,2.95
6447,21,12,4.24,3.67
6448,21,12,4.23,4.24
6449,21,12,4.24,4.81
6450,21,12,4.32,5.38
6451,22,12,4.46,5.68
6452,21,12,4.27,6.52
6453,20,12,3.93,7.45
6454,21,12,4.11,7.67
6455,20,12,3.94,8.65
6456,22,12,4.51,8.41
6457,21,12,4.27,9.38
6458,21,12,4.45,9.95
6459,21,12,4.33,10.52
6460,21,12,4.56,11.1
6461,21,12,4.21,11.67
6462,21,12,4.3,12.24
6463,21,12,4.11,12.81
6464,21,12,4.16,13.38
6465,20,12,3.77,14.65
6466,22,12,4.3,13.86
6467,20,12,3.79,15.85
6468,22,12,4.37,14.95
6469,21,12,3.94,16.24
6470,21,12,3.95,16.81
6471,22,12,4.34,16.59
6472,21,12,4.15,17.95
6473,21,12,4.06,18.52
6474,22,12,4.5,18.23
6475,20,12,3.89,20.65
6476,22,12,4.57,19.32
6477,21,12,4.42,20.81
6478,20,12,3.77,22.45
6479,22,12,4.02,20.95
6480,20,12,2.64,23.65
6481,22,11,2.36,17.95
6482,21,10,1.9,15.19
6483,22,8,2.21,11.14
6484,23,7,2.33,7.39
6485,22,7,2.28,4.32
6486,22,6,2.91,0.86
6487,21,7,3.11,1.24
6488,21,9,3.66,1.67
6489,21,9,4.13,2.1
6490,21,10,3.94,2.57
6491,21,10,4.38,3.05
6492,21,10,4.43,3.52
6493,21,10,4.62,4.0
6494,20,10,4.62,4.7
6495,20,10,4.66,5.2
6496,20,10,4.99,5.7
6497,19,10,4.76,6.53
6498,20,10,5.04,6.7
6499,20,10,5.3,7.2
6500,19,10,5.2,8.11
6501,20,10,5.46,8.2
6502,19,10,5.38,9.16
6503,20,10,5.4,9.2
6504,19,10,4.89,10.21
6505,20,10,4.99,10.2
6506,19,10,4.73,11.26
6507,19,10,5.01,11.79
6508,19,10,4.47,12.32
6509,19,10,4.57,12.84
6510,20,10,4.73,12.7
6511,20,10,4.72,13.2
6512,20,10,4.4,13.7
6513,20,10,4.34,14.2
6514,20,10,4.44,14.7
6515,21,10,4.84,14.48
6516,20,10,4.62,15.7
6517,21,10,5.03,15.43
6518,20,10,4.39,16.7
6519,21,10,5.03,16.38
6520,20,10,4.97,17.7
6521,20,10,4.78,18.2
6522,19,10,4.58,19.68
6523,20,10,4.27,19.2
6524,20,10,4.03,19.7
6525,22,10,3.64,18.36
6526,20,10,2.45,16.25
6527,21,8,2.57,11.81
6528,20,7,2.34,8.5
6529,21,6,2.18,4.43
6530,21,5,2.64,0.76
6531,21,8,3.14,1.14
6532,21,9,3.15,1.57
6533,22,10,3.72,1.95
6534,22,11,3.87,2.45
6535,21,11,3.97,3.1
6536,22,12,4.3,3.5
6537,21,12,4.06,4.24
6538,21,12,3.87,4.81
6539,21,12,3.77,5.38
6540,21,12,4.01,5.95
6541,22,12,4.22,6.23
6542,22,12,4.41,6.77
6543,21,12,4.26,7.67
6544,21,12,4.02,8.24
6545,20,12,3.75,9.25
6546,22,12,4.37,8.95
6547,21,12,4.18,9.95
6548,21,12,4.1,10.52
6549,22,12,4.34,10.59
6550,21,12,4.07,11.67
6551,22,12,4.17,11.68
6552,21,12,3.86,12.81
6553,22,12,4.21,12.77
6554,21,12,3.85,13.95
6555,20,12,3.67,15.25
6556,22,12,4.27,14.41
6557,21,12,4.0,15.67
6558,21,12,4.38,16.24
6559,21,12,3.94,16.81
6560,21,12,4.16,17.38
6561,20,12,4.11,18.85
6562,21,12,4.26,18.52
6563,20,12,4.01,20.05
6564,22,12,4.63,18.77
6565,21,12,4.2,20.24
6566,20,12,3.97,21.85
6567,22,12,4.55,20.41
6568,20,12,3.37,23.05
6569,22,12,3.09,21.5
6570,21,12,2.33,23.1
6571,21,11,1.45,19.33
6572,22,11,1.47,15.05
6573,22,9,1.86,11.55
6574,22,9,1.52,8.14
6575,22,8,2.11,4.64
6576,22,7,2.64,1.14
6577,22,8,3.46,1.5
6578,21,9,3.92,2.0
6579,21,10,4.48,2.48
6580,21,10,4.25,2.95
6581,21,10,4.75,3.43
6582,20,10,4.6,4.1
6583,20,10,4.61,4.6
6584,20,10,5.11,5.1
6585,20,10,4.94,5.6
6586,20,10,5.22,6.1
6587,20,10,5.47,6.6
6588,20,10,5.19,7.1
6589,19,10,5.02,8.0
6590,20,10,5.09,8.1
6591,20,10,5.17,8.6
6592,19,10,4.76,9.58
6593,20,10,5.06,9.6
6594,19,10,4.87,10.63
6595,20,10,5.05,10.6
6596,19,10,4.3,11.68
6597,20,10,4.2,11.6
6598,21,10,4.42,11.52
6599,20,10,4.24,12.6
6600,22,10,5.0,11.91
6601,20,10,4.75,13.6
6602,20,10,4.81,14.1
6603,19,10,4.6,15.37
6604,20,10,4.78,15.1
6605,19,10,4.36,16.42
6606,21,10,4.76,15.33
6607,20,10,4.7,16.6
6608,21,10,5.36,16.29
6609,20,10,5.06,17.6
6610,20,10,5.36,18.1
6611,20,10,5.42,18.6
6612,19,10,5.04,20.11
6613,20,10,5.04,19.6
6614,20,11,4.77,20.15
6615,20,11,3.76,20.7
6616,20,9,3.11,16.7
6617,19,9,2.49,13.42
6618,21,7,2.58,8.33
6619,20,6,2.3,4.8
6620,21,5,2.81,0.86
6621,21,7,3.38,1.19
6622,20,8,3.48,1.65
6623,23,8,3.69,1.78
6624,22,9,3.75,2.27
6625,21,10,3.67,2.86
6626,22,11,3.97,3.23
6627,21,11,3.69,3.9
6628,21,12,3.87,4.48
6629,22,12,4.18,4.82
6630,21,12,3.92,5.62
6631,22,12,4.09,5.91
6632,22,12,3.97,6.45
6633,20,12,3.4,7.7
6634,22,12,4.16,7.55
6635,21,12,4.09,8.48
6636,21,12,4.25,9.05
6637,21,12,4.0,9.62
6638,22,12,4.55,9.73
6639,20,12,3.78,11.3
6640,21,12,4.03,11.33
6641,20,12,3.8,12.5
6642,21,12,3.85,12.48
6643,21,12,3.91,13.05
6644,22,12,4.31,13.0
6645,21,12,3.72,14.19
6646,21,12,4.05,14.76
6647,20,12,3.84,16.1
6648,22,12,4.51,15.18
6649,21,12,4.1,16.48
6650,22,12,4.1,16.27
6651,20,12,3.38,18.5
6652,21,12,4.04,18.19
6653,21,12,3.62,18.76
6654,21,12,3.74,19.33
6655,20,12,3.48,20.9
6656,22,12,4.28,19.55
6657,21,12,3.97,21.05
6658,22,12,4.25,20.64
6659,22,12,4.02,21.18
6660,22,12,3.74,21.73
6661,22,10,2.48,18.14
6662,22,10,2.36,14.68
6663,23,9,1.89,10.65
6664,23,9,2.13,7.43
6665,22,9,2.33,4.41
6666,22,7,3.03,1.09
6667,21,9,3.21,1.57
6668,21,10,3.85,2.05
6669,21,10,4.01,2.52
6670,21,10,4.02,3.0
6671,21,10,4.3,3.48
6672,20,10,3.95,4.15
6673,21,10,4.63,4.43
6674,21,10,4.78,4.9
6675,21,10,4.54,5.38
6676,20,10,4.43,6.15
6677,22,10,4.84,6.05
6678,20,10,4.46,7.15
6679,21,10,4.81,7.29
6680,21,10,4.69,7.76
6681,21,10,4.81,8.24
6682,20,10,4.7,9.15
6683,21,10,4.98,9.19
6684,20,10,4.68,10.15
6685,21,10,5.1,10.14
6686,20,10,4.8,11.15
6687,19,10,4.4,12.26
6688,20,10,4.54,12.15
6689,20,10,4.94,12.65
6690,20,10,5.18,13.15
6691,20,10,5.01,13.65
6692,20,10,5.13,14.15
6693,20,10,4.95,14.65
6694,20,10,4.95,15.15
6695,20,10,5.07,15.65
6696,19,10,4.45,17.0
6697,20,10,5.37,16.65
6698,20,10,4.99,17.15
6699,20,10,5.28,17.65
6700,18,10,4.39,20.17
6701,19,10,4.92,19.63
6702,19,10,4.76,20.16
6703,19,10,4.75,20.68
6704,20,10,4.4,20.15
6705,20,10,3.62,20.65
6706,19,9,2.21,17.58
6707,20,9,2.27,12.8
6708,19,7,1.72,9.26
6709,21,5,2.02,4.52
6710,21,5,2.44,0.71
6711,21,6,2.85,1.0
6712,22,8,3.38,1.32
6713,22,8,3.67,1.68
6714,21,10,3.32,2.24
6715,21,11,3.74,2.76
6716,22,11,4.08,3.14
6717,21,12,3.98,3.86
6718,22,12,3.98,4.23
6719,22,12,4.07,4.77
6720,21,12,3.84,5.57
6721,22,12,4.1,5.86
6722,21,12,3.69,6.71
6723,21,12,3.86,7.29
6724,22,12,4.09,7.5
6725,21,12,3.75,8.43
6726,21,12,4.06,9.0
6727,21,12,3.88,9.57
6728,22,12,4.47,9.68
6729,20,12,3.9,11.25
6730,22,12,4.39,10.77
6731,21,12,4.19,11.86
6732,22,12,4.22,11.86
6733,20,12,3.48,13.65
6734,21,12,4.09,13.57
6735,21,12,3.82,14.14
6736,22,12,4.6,14.05
6737,20,12,3.86,16.05
6738,22,12,4.6,15.14
6739,20,12,3.78,17.25
6740,22,12,4.45,16.23
6741,21,12,4.18,17.57
6742,21,12,4.26,18.14
6743,21,12,4.01,18.71
6744,21,12,4.21,19.29
6745,20,12,3.78,20.85
6746,22,12,4.31,19.5
6747,20,12,3.82,22.05
6748,22,12,4.19,20.59
6749,22,12,3.84,21.14
6750,22,12,3.12,21.68
6751,22,10,2.34,18.09
6752,21,9,1.89,15.24
6753,22,8,1.99,11.09
6754,22,7,1.82,7.64
6755,22,7,2.39,4.18
6756,22,6,3.02,0.77
6757,21,7,3.22,1.1
6758,21,9,3.97,1.52
6759,19,10,3.73,2.21
6760,21,10,4.52,2.48
6761,20,10,4.64,3.1
6762,20,10,4.69,3.6
6763,20,10,4.61,4.1
6764,19,10,4.61,4.84
6765,20,10,4.64,5.1
6766,19,10,4.31,5.89
6767,21,10,4.71,5.81
6768,20,10,4.58,6.6
6769,21,10,5.1,6.76
6770,20,10,4.76,7.6
6771,21,10,5.22,7.71
6772,20,10,5.1,8.6
6773,20,10,4.96,9.1
6774,20,10,5.36,9.6
6775,19,10,4.94,10.63
6776,21,10,5.55,10.1
6777,19,10,4.95,11.68
6778,21,10,5.38,11.05
6779,20,10,5.12,12.1
6780,20,10,5.34,12.6
6781,20,10,5.02,13.1
6782,19,10,4.53,14.32
6783,20,10,4.56,14.1
6784,20,10,4.64,14.6
6785,19,10,4.31,15.89
6786,21,10,4.86,14.86
6787,21,10,5.04,15.33
6788,20,10,4.89,16.6
6789,20,10,4.55,17.1
6790,20,10,4.75,17.6
6791,20,10,4.71,18.1
6792,21,10,5.04,17.71
6793,20,10,4.08,19.1
6794,21,11,4.01,18.71
6795,22,11,3.08,18.36
6796,21,11,2.53,15.62
6797,21,9,1.86,12.0
6798,22,9,1.9,8.05
6799,21,7,1.79,4.81
6800,22,5,2.22,1.05
6801,22,7,2.93,1.36
6802,21,7,2.99,1.76
6803,21,10,3.51,2.24
6804,22,11,3.61,2.64
6805,21,12,3.81,3.33
6806,22,12,3.96,3.73
6807,21,12,3.64,4.48
6808,22,12,3.68,4.82
6809,22,12,3.95,5.36
6810,21,12,3.6,6.19
6811,21,12,4.09,6.76
6812,22,12,4.35,7.0
6813,20,12,3.72,8.3
6814,22,12,4.34,8.09
6815,21,12,3.95,9.05
6816,21,12,3.98,9.62
6817,21,12,3.61,10.19
6818,21,12,3.97,10.76
6819,20,12,3.44,11.9
6820,22,12,3.93,11.36
6821,21,12,3.89,12.48
6822,21,12,4.29,13.05
6823,21,12,4.22,13.62
6824,22,12,4.69,13.55
6825,21,12,3.99,14.76
6826,22,12,4.6,14.64
6827,21,12,4.18,15.9
6828,22,12,4.64,15.73
6829,22,12,4.27,16.27
6830,22,12,4.41,16.82
6831,21,12,4.16,18.19
6832,22,12,4.36,17.91
6833,20,12,3.69,20.3
6834,22,12,4.43,19.0
6835,21,12,4.25,20.48
6836,21,12,4.41,21.05
6837,21,12,4.06,21.62
6838,21,12,3.76,22.19
6839,21,12,3.17,22.76
6840,21,12,2.64,23.33
6841,22,12,1.98,18.64
6842,22,11,1.86,15.05
6843,21,10,1.45,12.1
6844,22,9,1.76,8.14
6845,22,8,2.43,4.73
6846,22,8,3.39,1.27
6847,21,9,3.71,1.76
6848,20,9,3.82,2.3
6849,20,9,3.87,2.75
6850,21,10,4.27,3.1
6851,21,10,4.75,3.57
6852,20,10,4.64,4.25
6853,20,10,4.66,4.75
6854,20,10,4.93,5.25
6855,20,10,4.7,5.75
6856,21,10,5.11,5.95
6857,19,10,4.53,7.11
6858,21,10,5.08,6.9
6859,19,10,4.39,8.16
6860,21,10,4.82,7.86
6861,20,10,4.62,8.75
6862,21,10,5.07,8.81
6863,20,10,4.62,9.75
6864,21,10,5.21,9.76
6865,20,10,5.14,10.75
6866,20,10,4.97,11.25
6867,19,10,4.8,12.37
6868,20,10,4.89,12.25
6869,20,10,5.08,12.75
6870,20,10,5.22,13.25
6871,19,10,4.62,14.47
6872,19,10,4.73,15.0
6873,19,10,4.31,15.53
6874,20,10,4.61,15.25
6875,20,10,4.86,15.75
6876,20,10,4.61,16.25
6877,20,10,4.66,16.75
6878,20,10,4.64,17.25
6879,20,10,4.43,17.75
6880,20,10,4.6,18.25
6881,19,10,4.33,19.74
6882,21,10,4.71,18.33
6883,19,10,4.13,20.79
6884,20,10,3.53,20.25
6885,21,10,3.28,19.76
6886,21,9,2.48,15.9
6887,22,7,2.33,11.5
6888,21,6,2.0,8.19
6889,21,6,2.41,4.38
6890,21,4,2.48,0.57
6891,21,5,3.08,0.81
6892,21,6,3.33,1.1
6893,22,8,3.92,1.41
6894,21,9,3.65,1.9
6895,22,10,4.18,2.27
6896,22,11,4.16,2.77
6897,21,12,3.82,3.48
6898,22,12,4.03,3.86
6899,21,12,3.95,4.62
6900,21,12,4.09,5.19
6901,22,12,4.33,5.5
6902,21,12,3.99,6.33
6903,22,12,4.14,6.59
6904,21,12,3.64,7.48
6905,21,12,3.76,8.05
6906,22,12,3.85,8.23
6907,21,12,3.86,9.19
6908,21,12,3.91,9.76
6909,22,12,4.05,9.86
6910,22,12,4.35,10.41
6911,22,12,4.29,10.95
6912,22,12,4.4,11.5
6913,21,12,4.12,12.62
6914,21,12,3.75,13.19
6915,21,12,4.08,13.76
6916,22,12,4.24,13.68
6917,21,12,4.03,14.9
6918,21,12,4.24,15.48
6919,21,12,4.1,16.05
6920,21,12,4.17,16.62
6921,20,12,3.85,18.05
6922,22,12,4.48,16.95
6923,21,12,4.33,18.33
6924,22,12,4.38,18.05
6925,21,12,4.18,19.48
6926,22,12,4.42,19.14
6927,20,12,3.61,21.65
6928,21,12,4.03,21.19
6929,22,12,3.97,20.77
6930,22,12,3.73,21.32
6931,22,10,2.47,17.77
6932,21,9,1.98,14.95
6933,22,8,2.11,10.86
6934,22,8,1.5,7.5
6935,22,7,2.19,4.18
6936,22,6,2.86,0.82
6937,22,7,3.63,1.14
6938,21,8,3.93,1.57
6939,21,10,4.46,2.05
6940,21,10,4.4,2.52
6941,20,10,4.55,3.15
6942,19,10,4.44,3.84
6943,20,10,4.63,4.15
6944,20,10,4.87,4.65
6945,20,10,4.57,5.15
6946,20,10,4.59,5.65
6947,20,10,4.1,6.15
6948,20,10,4.21,6.65
6949,21,10,4.55,6.81
6950,21,10,4.54,7.29
6951,20,10,4.26,8.15
6952,20,10,4.39,8.65
6953,20,10,4.07,9.15
6954,20,10,4.24,9.65
6955,21,10,4.01,9.67
6956,21,10,4.15,10.14
6957,21,10,4.56,10.62
6958,22,10,4.74,10.59
6959,21,10,4.53,11.57
6960,20,10,4.28,12.65
6961,21,10,4.26,12.52
6962,21,10,4.39,13.0
6963,21,10,4.64,13.48
6964,21,10,4.64,13.95
6965,21,10,4.72,14.43
6966,20,10,4.73,15.65
6967,21,10,4.93,15.38
6968,20,10,4.99,16.65
6969,20,10,5.31,17.15
6970,20,10,5.08,17.65
6971,20,10,5.43,18.15
6972,20,10,5.26,18.65
6973,19,10,4.86,20.16
6974,21,10,4.93,18.71
6975,21,10,4.09,19.19
6976,21,9,3.21,15.48
6977,21,9,2.31,11.81
6978,20,7,1.59,8.5
6979,21,7,2.1,4.48
6980,22,6,2.44,0.82
6981,22,8,3.03,1.18
6982,21,9,3.07,1.67
6983,22,11,3.67,2.09
6984,22,11,3.86,2.59
6985,22,11,3.86,3.09
6986,22,12,4.14,3.64
6987,22,12,4.2,4.18
6988,22,12,4.09,4.73
6989,21,12,4.06,5.52
6990,21,12,4.36,6.1
6991,23,12,4.96,6.09
6992,21,12,4.35,7.24
6993,22,12,4.29,7.45
6994,21,12,4.06,8.38
6995,21,12,4.06,8.95
6996,21,12,3.83,9.52
6997,21,12,3.68,10.1
6998,22,12,3.91,10.18
6999,22,12,3.96,10.73
7000,21,12,3.84,11.81
7001,23,12,4.6,11.3
7002,22,12,4.3,12.36
7003,22,12,4.07,12.91
7004,21,12,3.66,14.1
7005,22,12,3.68,14.0
7006,21,12,3.57,15.24
7007,21,12,3.81,15.81
7008,21,12,4.01,16.38
7009,22,12,4.16,16.18
7010,21,12,4.03,17.52
7011,22,12,4.42,17.27
7012,21,12,4.15,18.67
7013,21,12,4.42,19.24
7014,21,12,4.16,19.81
7015,21,12,4.16,20.38
7016,21,12,3.8,20.95
7017,21,12,3.99,21.52
7018,20,12,3.17,23.2
7019,22,13,2.76,21.68
7020,22,14,2.49,22.32
7021,22,13,1.52,18.86
7022,22,11,1.69,15.36
7023,22,11,1.23,11.91
7024,22,9,1.59,8.41
7025,22,9,2.2,4.95
7026,22,8,2.75,1.55
7027,21,9,3.03,2.05
7028,21,9,3.69,2.48
7029,19,10,3.49,3.26
7030,21,10,4.25,3.43
7031,19,10,3.57,4.32
7032,19,10,4.02,4.84
7033,21,10,4.49,4.86
7034,19,10,4.04,5.89
7035,20,10,4.31,6.1
7036,20,10,4.48,6.6
7037,20,10,4.65,7.1
7038,21,10,5.09,7.24
7039,19,10,4.51,8.53
7040,20,10,5.03,8.6
7041,21,10,5.15,8.67
7042,21,10,5.19,9.14
7043,21,10,4.67,9.62
7044,21,10,4.93,10.1
7045,21,10,5.15,10.57
7046,20,10,4.67,11.6
7047,21,10,5.29,11.52
7048,20,10,4.79,12.6
7049,20,10,4.54,13.1
7050,19,10,4.27,14.32
7051,21,10,4.72,13.43
7052,20,10,4.53,14.6
7053,22,10,5.05,13.73
7054,20,10,4.56,15.6
7055,19,10,4.12,16.95
7056,20,10,4.19,16.6
7057,21,10,4.68,16.29
7058,20,10,4.45,17.6
7059,22,10,5.11,16.45
7060,20,10,4.84,18.6
7061,20,10,5.0,19.1
7062,20,10,5.03,19.6
7063,20,10,5.1,20.1
7064,20,10,4.77,20.6
7065,20,10,3.7,21.1
7066,21,8,2.93,16.05
7067,20,8,2.35,12.75
7068,19,7,1.82,9.16
7069,20,6,2.23,4.7
7070,21,4,2.73,0.62
7071,21,5,3.4,0.86
7072,21,7,3.36,1.19
7073,23,8,4.13,1.43
7074,21,8,3.63,1.95
7075,21,9,4.07,2.38
7076,21,11,3.81,2.9
7077,20,11,3.67,3.6
7078,22,12,4.03,3.82
7079,21,12,3.73,4.57
7080,21,12,3.74,5.14
7081,21,12,3.5,5.71
7082,22,12,3.99,6.0
7083,20,12,3.23,7.2
7084,22,12,3.79,7.09
7085,21,12,3.47,8.0
7086,22,12,3.93,8.18
7087,22,12,3.77,8.73
7088,22,12,4.25,9.27
7089,21,12,4.13,10.29
7090,22,12,4.25,10.36
7091,21,12,4.17,11.43
7092,23,12,4.7,10.96
7093,21,12,4.16,12.57
7094,22,12,4.38,12.55
7095,21,12,4.1,13.71
7096,22,12,4.3,13.64
7097,21,12,4.08,14.86
7098,21,12,4.2,15.43
7099,22,12,4.67,15.27
7100,21,12,4.49,16.57
7101,21,12,4.21,17.14
7102,21,12,4.29,17.71
7103,20,12,4.14,19.2
7104,22,12,4.84,18.0
7105,21,12,4.4,19.43
7106,21,12,4.01,20.0
7107,21,12,4.11,20.57
7108,22,12,4.3,20.18
7109,22,12,3.71,20.73
7110,22,12,2.98,21.27
7111,22,10,2.33,17.73
7112,21,10,1.86,14.9
7113,22,8,1.99,10.82
7114,22,7,1.79,7.45
7115,22,6,2.44,4.05
7116,21,5,2.71,0.76
7117,21,7,3.42,1.1
7118,21,8,4.11,1.48
7119,20,9,4.39,2.0
7120,21,10,4.6,2.38
7121,19,10,4.23,3.16
7122,20,10,4.43,3.5
7123,21,10,4.85,3.81
7124,19,10,4.4,4.74
7125,21,10,4.91,4.76
7126,20,10,4.78,5.5
7127,21,10,4.98,5.71
7128,20,10,4.9,6.5
7129,20,10,5.14,7.0
7130,20,10,5.12,7.5
7131,19,10,4.9,8.42
7132,20,10,4.94,8.5
7133,20,10,5.1,9.0
7134,19,10,5.0,10.0
7135,19,10,4.68,10.53
7136,18,10,4.55,11.67
7137,19,10,4.53,11.58
7138,18,10,4.15,12.78
7139,19,10,5.0,12.63
7140,18,10,4.26,13.89
7141,19,10,4.8,13.68
7142,19,10,4.52,14.21
7143,19,10,4.67,14.74
7144,19,10,4.56,15.26
7145,20,10,4.93,15.0
7146,18,10,3.94,17.22
7147,20,10,4.49,16.0
7148,19,10,4.19,17.37
7149,20,10,4.22,17.0
7150,20,10,4.32,17.5
7151,21,10,4.62,17.14
7152,20,10,4.08,18.5
7153,21,10,4.7,18.1
7154,20,10,4.19,19.5
7155,21,10,3.52,19.05
7156,22,8,3.51,14.55
7157,22,6,3.07,10.95
7158,21,6,3.01,7.81
7159,21,6,2.65,4.19
7160,22,4,3.03,0.45
7161,21,5,3.05,0.71
7162,20,6,3.18,1.05
7163,22,8,3.54,1.32
7164,21,9,3.31,1.81
7165,21,10,3.9,2.29
7166,22,11,4.26,2.68
7167,21,12,4.02,3.38
7168,21,12,4.24,3.95
7169,22,12,4.46,4.32
7170,22,12,4.73,4.86
7171,22,12,4.63,5.41
7172,21,12,4.11,6.24
7173,21,12,3.87,6.81
7174,21,12,4.08,7.38
7175,21,12,4.23,7.95
7176,22,12,4.33,8.14
7177,21,12,4.12,9.1
7178,21,12,4.16,9.67
7179,21,12,3.88,10.24
7180,21,12,4.19,10.81
7181,21,12,3.98,11.38
7182,22,12,4.48,11.41
7183,20,12,3.72,13.15
7184,22,12,4.24,12.5
7185,21,12,4.07,13.67
7186,22,12,4.46,13.59
7187,21,12,4.05,14.81
7188,21,12,4.09,15.38
7189,21,12,3.91,15.95
7190,22,12,4.63,15.77
7191,20,12,3.91,17.95
7192,21,12,4.12,17.67
7193,21,12,4.37,18.24
7194,22,12,4.53,17.95
7195,20,12,3.84,20.35
7196,22,12,4.52,19.05
7197,20,12,3.84,21.55
7198,21,12,4.36,21.1
7199,21,12,3.92,21.67
7200,21,12,3.12,22.24
7201,21,10,2.45,18.67
7202,21,10,1.96,15.1
7203,21,8,2.35,11.43
7204,23,8,2.51,7.22
7205,22,7,2.43,4.23
7206,21,6,2.55,0.9
7207,21,6,3.19,1.19
7208,21,8,3.77,1.57
7209,21,10,4.56,2.05
7210,21,10,4.68,2.52
7211,20,10,4.82,3.15
7212,20,10,5.16,3.65
7213,20,10,4.97,4.15
7214,20,10,5.3,4.65
7215,20,10,5.05,5.15
7216,20,10,5.05,5.65
7217,20,10,4.65,6.15
7218,21,10,5.09,6.33
7219,20,10,4.83,7.15
7220,21,10,5.06,7.29
7221,20,10,4.99,8.15
7222,19,10,4.67,9.11
7223,20,10,4.77,9.15
7224,19,10,4.26,10.16
7225,20,10,4.38,10.15
7226,21,10,4.77,10.14
7227,20,10,4.71,11.15
7228,21,10,5.02,11.1
7229,20,10,4.94,12.15
7230,20,10,5.08,12.65
7231,20,10,5.01,13.15
7232,19,10,4.81,14.37
7233,20,10,5.07,14.15
7234,19,10,4.64,15.42
7235,20,10,4.75,15.15
7236,21,10,5.01,14.9
7237,20,10,4.61,16.15
7238,21,10,4.89,15.86
7239,20,10,4.56,17.15
7240,21,10,4.89,16.81
7241,20,10,4.73,18.15
7242,20,10,5.14,18.65
7243,20,10,4.64,19.15
7244,20,11,4.35,19.7
7245,21,11,3.8,19.29
7246,21,9,3.48,15.52
7247,21,8,2.8,11.81
7248,21,7,2.45,8.1
7249,22,6,2.93,4.27
7250,21,6,2.97,0.86
7251,21,7,3.39,1.19
7252,20,8,3.52,1.65
7253,21,9,3.47,2.0
7254,21,10,3.51,2.48
7255,21,10,3.82,2.95
7256,22,11,4.1,3.32
7257,21,11,4.0,4.0
7258,22,12,4.18,4.36
7259,21,12,4.0,5.14
7260,22,12,4.28,5.45
7261,22,12,4.42,6.0
7262,21,12,4.1,6.86
7263,22,12,4.41,7.09
7264,21,12,3.93,8.0
7265,20,12,3.67,9.0
7266,22,12,4.05,8.73
7267,21,12,3.82,9.71
7268,22,12,4.0,9.82
7269,21,12,3.62,10.86
7270,21,12,3.66,11.43
7271,20,12,3.44,12.6
7272,22,12,4.26,12.0
7273,21,12,3.88,13.14
7274,22,12,4.25,13.09
7275,21,12,3.77,14.29
7276,22,12,4.32,14.18
7277,21,12,3.58,15.43
7278,22,12,4.08,15.27
7279,20,12,3.38,17.4
7280,22,12,3.85,16.36
7281,22,12,4.02,16.91
7282,21,12,3.81,18.29
7283,22,12,4.1,18.0
7284,22,12,4.37,18.55
7285,20,12,3.8,21.0
7286,21,12,4.05,20.57
7287,20,12,3.8,22.2
7288,21,12,4.08,21.71
7289,22,12,3.97,21.27
7290,21,12,3.19,22.86
7291,22,11,2.32,18.27
7292,21,10,1.99,15.48
7293,22,10,2.07,11.32
7294,22,8,1.67,7.86
7295,22,8,2.27,4.45
7296,22,7,2.92,1.09
7297,21,8,3.28,1.52
7298,21,9,3.92,1.95
7299,21,10,4.28,2.43
7300,21,10,4.43,2.9
7301,20,10,4.43,3.55
7302,20,10,4.47,4.05
7303,21,10,5.1,4.33
7304,19,10,4.71,5.32
7305,21,10,5.39,5.29
7306,20,10,5.29,6.05
7307,19,10,5.2,6.89
7308,20,10,5.54,7.05
7309,19,10,5.36,7.95
7310,19,10,5.13,8.47
7311,19,10,5.3,9.0
7312,19,10,4.98,9.53
7313,19,10,5.09,10.05
7314,18,10,4.67,11.17
7315,19,10,4.71,11.11
7316,18,10,4.45,12.28
7317,20,10,5.06,11.55
7318,20,10,4.96,12.05
7319,20,10,4.56,12.55
7320,20,10,4.6,13.05
7321,20,10,4.65,13.55
7322,20,10,4.56,14.05
7323,20,10,4.62,14.55
7324,20,10,4.72,15.05
7325,20,10,4.55,15.55
7326,19,10,4.41,16.89
7327,21,10,4.98,15.76
7328,20,10,4.58,17.05
7329,21,10,4.78,16.71
7330,20,10,4.24,18.05
7331,21,10,4.88,17.67
7332,20,10,4.8,19.05
7333,21,10,5.01,18.62
7334,20,10,4.47,20.05
7335,21,10,3.88,19.57
7336,21,8,3.39,15.71
7337,22,6,3.38,11.27
7338,21,6,2.5,8.0
7339,21,6,2.64,4.24
7340,20,4,2.46,0.45
7341,21,7,2.98,0.76
7342,22,7,3.42,1.05
7343,21,8,3.4,1.48
7344,22,9,3.7,1.82
7345,21,11,3.94,2.43
7346,22,11,4.2,2.82
7347,22,12,4.47,3.36
7348,22,12,4.22,3.91
7349,22,12,4.15,4.45
7350,21,12,3.74,5.24
7351,22,12,4.26,5.55
7352,21,12,4.02,6.38
7353,21,12,4.12,6.95
7354,22,12,4.19,7.18
7355,21,12,4.06,8.1
7356,21,12,4.37,8.67
7357,21,12,4.35,9.24
7358,21,12,4.85,9.81
7359,21,12,4.47,10.38
7360,21,12,4.61,10.95
7361,21,12,4.23,11.52
7362,21,12,4.44,12.1
7363,20,12,4.17,13.3
7364,21,12,4.27,13.24
7365,20,12,3.93,14.5
7366,22,12,4.47,13.73
7367,20,12,3.62,15.7
7368,20,12,3.86,16.3
7369,21,12,4.02,16.1
7370,20,12,3.74,17.5
7371,20,12,3.76,18.1
7372,21,12,3.88,17.81
7373,21,12,4.23,18.38
7374,21,12,4.24,18.95
7375,21,12,3.91,19.52
7376,21,12,3.91,20.1
7377,21,12,3.71,20.67
7378,21,12,3.61,21.24
7379,20,12,3.04,22.9
7380,22,13,2.72,21.41
7381,22,11,2.75,18.0
7382,21,10,1.77,15.29
7383,22,9,2.03,11.18
7384,21,7,1.78,8.1
7385,22,6,2.13,4.27
7386,22,5,2.89,0.86
7387,21,7,3.09,1.24
7388,21,9,3.63,1.67
7389,22,9,4.3,2.0
7390,20,9,3.84,2.65
7391,21,10,4.28,3.0
7392,22,10,4.73,3.32
7393,21,10,4.65,3.95
7394,20,10,4.59,4.65
7395,21,10,4.71,4.9
7396,20,10,4.4,5.65
7397,22,10,4.7,5.59
7398,20,10,4.16,6.65
7399,21,10,4.76,6.81
7400,20,10,4.3,7.65
7401,21,10,5.03,7.76
7402,19,10,4.35,9.11
7403,21,10,4.75,8.71
7404,21,10,4.63,9.19
7405,21,10,4.72,9.67
7406,22,10,4.88,9.68
7407,22,10,4.98,10.14
7408,21,10,4.7,11.1
7409,21,10,4.85,11.57
7410,20,10,4.59,12.65
7411,21,10,4.8,12.52
7412,20,10,4.65,13.65
7413,21,10,5.02,13.48
7414,20,10,4.8,14.65
7415,21,10,5.29,14.43
7416,20,10,4.52,15.65
7417,20,10,4.74,16.15
7418,20,10,4.73,16.65
7419,21,10,5.03,16.33
7420,20,10,5.01,17.65
7421,20,10,4.93,18.15
7422,20,10,4.98,18.65
7423,19,10,4.48,20.16
7424,20,10,4.33,19.65
7425,20,10,3.76,20.15
7426,20,9,2.61,16.15
7427,20,8,2.38,12.2
7428,20,7,1.84,8.4
7429,21,6,1.86,4.33
7430,21,5,2.35,0.71
7431,21,6,2.75,1.0
7432,21,7,2.79,1.33
7433,21,9,3.3,1.76
7434,22,10,3.34,2.14
7435,21,10,3.58,2.71
7436,22,12,3.82,3.14
7437,22,12,4.09,3.68
7438,22,12,4.4,4.23
7439,21,12,4.11,5.0
7440,22,12,4.42,5.32
7441,20,12,3.91,6.45
7442,22,12,4.33,6.41
7443,20,12,3.66,7.65
7444,21,12,3.95,7.86
7445,21,12,3.62,8.43
7446,21,12,3.8,9.0
7447,22,12,4.19,9.14
7448,21,12,3.9,10.14
7449,21,12,3.93,10.71
7450,22,12,4.25,10.77
7451,21,12,3.98,11.86
7452,21,12,3.92,12.43
7453,21,12,3.72,13.0
7454,21,12,3.85,13.57
7455,22,12,4.16,13.5
7456,21,12,3.93,14.71
7457,21,12,3.57,15.29
7458,22,12,3.81,15.14
7459,21,12,3.59,16.43
7460,22,12,3.7,16.23
7461,22,12,3.85,16.77
7462,22,12,3.76,17.32
7463,22,12,3.84,17.86
7464,23,12,4.47,17.61
7465,22,12,4.04,18.95
7466,23,12,4.45,18.65
7467,21,12,3.87,21.0
7468,22,12,4.05,20.59
7469,21,12,3.74,22.14
7470,22,12,3.07,21.68
7471,22,11,3.06,18.18
7472,21,10,1.9,15.33
7473,22,9,2.09,11.27
7474,22,8,2.02,7.86
7475,22,7,2.43,4.45
7476,22,5,3.23,0.91
7477,21,7,3.33,1.29
7478,20,10,3.44,1.85
7479,21,10,4.04,2.24
7480,21,10,4.33,2.71
7481,21,10,4.5,3.19
7482,20,10,4.3,3.85
7483,21,10,4.94,4.14
7484,19,10,4.56,5.11
7485,20,10,4.82,5.35
7486,20,10,4.96,5.85
7487,20,10,4.84,6.35
7488,20,10,4.88,6.85
7489,19,10,4.39,7.74
7490,20,10,4.47,7.85
7491,19,10,3.69,8.79
7492,20,10,3.77,8.85
7493,21,10,4.19,8.9
7494,21,10,4.42,9.38
7495,22,10,4.61,9.41
7496,21,10,4.68,10.33
7497,21,10,4.79,10.81
7498,21,10,4.69,11.29
7499,21,10,4.75,11.76
7500,21,10,4.5,12.24
7501,21,10,4.82,12.71
7502,20,10,4.52,13.85
7503,20,10,4.81,14.35
7504,20,10,4.68,14.85
7505,21,10,5.33,14.62
7506,20,10,4.69,15.85
7507,20,10,4.9,16.35
7508,20,10,5.23,16.85
7509,20,10,5.06,17.35
7510,20,10,5.38,17.85
7511,20,10,5.0,18.35
7512,19,10,4.55,19.84
7513,20,10,4.49,19.35
7514,20,10,4.28,19.85
7515,20,11,3.35,20.4
7516,21,10,2.62,15.67
7517,20,8,2.12,12.55
7518,20,7,2.26,8.65
7519,22,5,2.31,4.32
7520,21,6,2.33,0.81
7521,21,6,2.87,1.1
7522,21,8,2.86,1.48
7523,21,9,3.5,1.9
7524,22,10,3.67,2.27
7525,21,11,3.56,2.9
7526,22,11,3.6,3.27
7527,21,12,3.23,4.0
7528,22,12,3.74,4.36
7529,22,12,3.65,4.91
7530,22,12,3.76,5.45
7531,22,12,4.0,6.0
7532,22,12,3.79,6.55
7533,22,12,3.86,7.09
7534,22,12,3.93,7.64
7535,23,12,4.16,7.83
7536,22,12,4.14,8.73
7537,23,12,4.14,8.87
7538,22,12,4.07,9.82
7539,21,12,3.9,10.86
7540,21,12,4.07,11.43
7541,21,12,3.75,12.0
7542,22,12,4.5,12.0
7543,21,12,3.94,13.14
7544,22,12,4.56,13.09
7545,20,12,3.88,15.0
7546,22,12,4.35,14.18
7547,20,12,3.81,16.2
7548,22,12,4.5,15.27
7549,20,12,3.49,17.4
7550,21,12,4.17,17.14
7551,21,12,4.04,17.71
7552,22,12,4.56,17.45
7553,21,12,3.98,18.86
7554,21,12,4.0,19.43
7555,20,12,3.71,21.0
7556,21,12,3.64,20.57
7557,21,12,3.77,21.14
7558,21,12,3.48,21.71
7559,22,12,3.13,21.27
7560,21,13,2.29,22.9
7561,22,11,2.01,18.32
7562,22,11,1.44,14.82
7563,23,9,1.76,10.91
7564,22,9,1.57,8.0
7565,22,9,2.05,4.64
7566,22,8,2.49,1.27
7567,21,9,2.86,1.76
7568,21,10,3.41,2.24
7569,21,10,3.98,2.71
7570,21,10,3.94,3.19
7571,21,10,4.42,3.67
7572,21,10,4.49,4.14
7573,21,10,4.69,4.62
7574,20,10,4.53,5.35
7575,20,10,4.82,5.85
7576,20,10,4.69,6.35
7577,21,10,5.29,6.52
7578,20,10,4.78,7.35
7579,20,10,4.7,7.85
7580,19,10,4.54,8.79
7581,21,10,5.03,8.43
7582,20,10,4.84,9.35
7583,20,10,4.77,9.85
7584,20,10,4.53,10.35
7585,21,10,4.97,10.33
7586,20,10,4.49,11.35
7587,21,10,4.79,11.29
7588,21,10,4.5,11.76
7589,21,10,4.43,12.24
7590,20,10,4.21,13.35
7591,21,10,4.5,13.19
7592,20,10,4.13,14.35
7593,21,10,4.53,14.14
7594,22,10,4.9,13.95
7595,21,10,4.73,15.1
7596,20,10,4.56,16.35
7597,21,10,4.84,16.05
7598,20,10,4.64,17.35
7599,21,10,4.99,17.0
7600,20,10,4.74,18.35
7601,20,10,4.96,18.85
7602,20,10,4.89,19.35
7603,21,10,5.4,18.9
7604,21,10,4.67,19.38
7605,20,10,3.6,20.85
7606,22,10,3.1,15.32
7607,20,9,2.19,12.9
7608,21,7,2.25,8.48
7609,21,7,1.83,4.71
7610,21,5,2.36,0.86
7611,22,7,2.79,1.14
7612,21,9,3.07,1.62
7613,22,9,3.86,1.95
7614,22,11,3.87,2.45
7615,21,11,3.9,3.1
7616,22,12,4.25,3.5
7617,22,12,4.6,4.05
7618,21,12,4.29,4.81
7619,22,12,4.41,5.14
7620,21,12,4.21,5.95
7621,20,12,3.53,6.85
7622,21,12,4.04,7.1
7623,20,12,3.62,8.05
7624,21,12,4.31,8.24
7625,21,12,4.32,8.81
7626,21,12,4.57,9.38
7627,21,12,4.36,9.95
7628,21,12,4.52,10.52
7629,21,12,4.14,11.1
7630,21,12,4.24,11.67
7631,21,12,4.04,12.24
7632,21,12,4.18,12.81
7633,20,12,3.8,14.05
7634,22,12,4.51,13.32
7635,21,12,4.35,14.52
7636,21,12,4.38,15.1
7637,20,12,3.88,16.45
7638,21,12,4.6,16.24
7639,21,12,4.28,16.81
7640,21,12,4.1,17.38
7641,21,12,3.97,17.95
7642,22,12,4.15,17.68
7643,20,12,3.61,20.05
7644,22,12,4.09,18.77
7645,21,12,3.87,20.24
7646,21,12,3.98,20.81
7647,22,12,4.35,20.41
7648,21,12,3.91,21.95
7649,23,13,3.74,20.61
7650,21,14,2.47,23.24
7651,23,12,2.17,17.83
7652,22,12,1.71,15.18
7653,21,10,1.26,12.29
7654,22,9,1.8,8.27
7655,22,8,2.38,4.82
7656,22,8,3.04,1.45
7657,21,8,3.35,1.9
7658,21,9,4.16,2.33
7659,20,9,4.38,2.9
7660,20,10,4.43,3.4
7661,20,10,4.51,3.9
7662,19,10,4.45,4.63
7663,20,10,4.75,4.9
7664,19,10,4.78,5.68
7665,21,10,5.46,5.62
7666,20,10,5.04,6.4
7667,20,10,5.07,6.9
7668,20,10,5.1,7.4
7669,19,10,4.94,8.32
7670,20,10,5.25,8.4
7671,19,10,4.71,9.37
7672,20,10,4.73,9.4
7673,20,10,4.71,9.9
7674,19,10,4.51,10.95
7675,20,10,4.69,10.9
7676,20,10,5.06,11.4
7677,20,10,4.85,11.9
7678,20,10,4.86,12.4
7679,20,10,5.05,12.9
7680,20,10,4.97,13.4
7681,20,10,4.87,13.9
7682,20,10,4.47,14.4
7683,20,10,4.59,14.9
7684,20,10,4.88,15.4
7685,20,10,4.61,15.9
7686,20,10,4.9,16.4
7687,20,10,5.17,16.9
7688,20,10,5.0,17.4
7689,20,10,5.28,17.9
7690,20,10,4.78,18.4
7691,20,10,4.94,18.9
7692,19,10,4.69,20.42
7693,20,10,5.05,19.9
7694,20,10,4.96,20.4
7695,20,10,3.68,20.9
7696,20,8,3.07,16.75
7697,20,7,2.5,12.65
7698,20,6,2.01,8.55
7699,20,6,2.08,4.55
7700,21,5,2.35,0.57
7701,21,5,2.95,0.81
7702,21,6,2.94,1.1
7703,21,7,3.41,1.43
7704,22,9,3.66,1.77
7705,21,10,3.73,2.33
7706,21,12,3.7,2.9
7707,21,12,3.69,3.48
7708,20,12,3.55,4.25
7709,21,12,3.84,4.62
7710,20,12,3.68,5.45
7711,21,12,4.27,5.76
7712,21,12,3.94,6.33
7713,22,12,4.48,6.59
7714,21,12,4.0,7.48
7715,22,12,4.52,7.68
7716,20,12,3.86,9.05
7717,22,12,4.54,8.77
7718,20,12,3.98,10.25
7719,21,12,4.5,10.33
7720,20,12,3.95,11.45
7721,21,12,4.57,11.48
7722,21,12,4.32,12.05
7723,21,12,4.24,12.62
7724,21,12,3.94,13.19
7725,21,12,3.97,13.76
7726,20,12,3.68,15.05
7727,22,12,4.29,14.23
7728,20,12,3.72,16.25
7729,21,12,4.32,16.05
7730,21,12,4.18,16.62
7731,21,12,4.19,17.19
7732,21,12,3.95,17.76
7733,21,12,4.29,18.33
7734,20,12,4.06,19.85
7735,22,12,4.6,18.59
7736,20,12,4.05,21.05
7737,22,12,4.73,19.68
7738,20,12,3.74,22.25
7739,22,13,3.84,20.82
7740,22,13,3.47,21.41
7741,22,12,2.52,18.0
7742,22,11,1.66,14.59
7743,21,10,1.34,11.76
7744,21,9,1.58,8.33
7745,22,8,1.95,4.64
7746,22,8,2.56,3.18
7747,21,8,2.86,1.76
7748,21,9,3.56,2.19
7749,21,9,4.14,2.62
7750,21,9,4.4,3.05
7751,21,10,4.51,3.52
7752,20,10,4.68,4.2
7753,21,10,5.22,4.48
7754,19,10,4.73,5.47
7755,20,10,4.97,5.7
7756,20,10,4.62,6.2
7757,21,10,4.9,6.38
7758,20,10,4.39,7.2
7759,21,10,4.76,7.33
7760,20,10,4.49,8.2
7761,21,10,4.79,8.29
7762,20,10,4.77,9.2
7763,21,10,4.9,9.24
7764,20,10,4.63,10.2
7765,22,10,5.08,9.73
7766,20,10,4.48,11.2
7767,21,10,5.01,11.14
7768,20,10,4.52,12.2
7769,21,10,5.09,12.1
7770,20,10,4.81,13.2
7771,21,10,5.09,13.05
7772,20,10,4.88,14.2
7773,20,10,5.14,14.7
7774,20,10,5.04,15.2
7775,19,10,4.78,16.53
7776,20,10,5.1,16.2
7777,20,10,4.79,16.7
7778,18,10,3.99,19.11
7779,20,10,4.45,17.7
7780,19,10,4.14,19.16
7781,21,10,4.37,17.81
7782,20,10,4.13,19.2
7783,22,10,4.05,17.91
7784,21,10,3.03,19.24
7785,21,11,2.65,19.76
7786,23,10,2.54,14.57
7787,21,9,1.73,12.14
7788,21,7,1.97,8.33
7789,20,5,1.83,4.75
7790,22,4,2.21,0.73
7791,22,6,2.99,1.0
7792,21,8,3.18,1.43
7793,23,9,3.81,1.7
7794,22,12,3.74,2.32
7795,21,11,3.84,2.9
7796,22,12,3.92,3.32
7797,21,12,3.75,4.05
7798,21,12,4.02,4.62
7799,21,12,3.74,5.19
7800,21,12,4.04,5.76
7801,20,12,3.71,6.65
7802,22,12,4.44,6.59
7803,21,12,4.12,7.48
7804,22,12,4.37,7.68
7805,20,12,3.78,9.05
7806,21,12,4.29,9.19
7807,21,12,4.13,9.76
7808,22,12,4.82,9.86
7809,21,12,4.25,10.9
7810,21,12,4.46,11.48
7811,20,12,4.15,12.65
7812,21,12,4.41,12.62
7813,21,12,4.62,13.19
7814,22,12,4.7,13.14
7815,21,12,4.29,14.33
7816,21,12,4.43,14.9
7817,21,12,3.99,15.48
7818,20,12,3.67,16.85
7819,22,12,4.09,15.86
7820,20,12,3.4,18.05
7821,21,12,4.1,17.76
7822,21,12,3.92,18.33
7823,22,12,4.5,18.05
7824,20,12,3.87,20.45
7825,22,12,4.48,19.14
7826,21,12,4.05,20.62
7827,22,12,4.42,20.23
7828,21,12,3.9,21.76
7829,22,12,3.65,21.32
7830,23,12,3.77,20.91
7831,21,11,2.61,19.1
7832,22,10,1.81,14.73
7833,21,9,1.51,11.86
7834,21,8,1.93,8.24
7835,22,7,2.32,4.41
7836,22,7,3.06,1.0
7837,21,9,3.2,1.48
7838,21,9,3.84,1.9
7839,20,10,4.24,2.5
7840,20,10,4.56,3.0
7841,19,10,4.4,3.68
7842,20,10,4.91,4.0
7843,19,10,4.46,4.74
7844,19,10,4.68,5.26
7845,20,10,4.65,5.5
7846,20,10,4.84,6.0
7847,20,10,4.73,6.5
7848,20,10,4.34,7.0
7849,21,10,4.96,7.14
7850,20,10,4.49,8.0
7851,21,10,4.85,8.1
7852,19,10,3.91,9.47
7853,21,10,4.51,9.05
7854,20,10,4.09,10.0
7855,21,10,4.13,10.0
7856,21,10,4.27,10.48
7857,22,10,4.43,10.45
7858,21,10,4.24,11.43
7859,22,10,4.78,11.36
7860,20,10,4.34,13.0
7861,21,10,4.57,12.86
7862,21,10,5.0,13.33
7863,21,10,4.52,13.81
7864,21,10,4.73,14.29
7865,21,10,4.85,14.76
7866,21,10,4.79,15.24
7867,21,10,5.03,15.71
7868,20,10,4.84,17.0
7869,21,10,4.96,16.67
7870,20,10,4.89,18.0
7871,20,10,5.09,18.5
7872,20,10,4.87,19.0
7873,20,10,4.85,19.5
7874,20,11,4.1,20.05
7875,20,11,3.51,20.6
7876,20,9,2.72,16.65
7877,20,8,2.18,12.7
7878,20,6,2.39,8.7
7879,22,5,2.66,4.27
7880,22,4,3.21,0.64
7881,21,5,3.52,0.9
7882,20,7,3.45,1.3
7883,22,8,3.99,1.55
7884,21,9,3.51,2.05
7885,22,10,4.25,2.41
7886,21,11,3.46,3.05
7887,21,11,3.73,3.57
7888,22,12,4.2,3.95
7889,21,12,4.15,4.71
7890,21,12,4.21,5.29
7891,22,12,4.38,5.59
7892,21,12,4.23,6.43
7893,22,12,4.36,6.68
7894,21,12,4.03,7.57
7895,20,12,3.86,8.55
7896,22,12,4.54,8.32
7897,20,12,3.95,9.75
7898,22,12,4.44,9.41
7899,20,12,3.86,10.95
7900,21,12,4.54,11.0
7901,21,12,4.12,11.57
7902,21,12,4.33,12.14
7903,21,12,4.1,12.71
7904,22,12,4.75,12.68
7905,21,12,4.52,13.86
7906,21,12,4.21,14.43
7907,22,12,4.55,14.32
7908,22,12,4.31,14.86
7909,21,12,4.06,16.14
7910,20,12,3.76,17.55
7911,22,12,4.48,16.5
7912,21,12,4.26,17.86
7913,22,12,4.45,17.59
7914,20,12,3.75,19.95
7915,21,12,4.44,19.57
7916,21,12,4.19,20.14
7917,21,12,4.41,20.71
7918,20,12,4.09,22.35
7919,22,12,4.41,20.86
7920,21,12,3.69,22.43
7921,22,10,3.27,17.86
7922,21,8,2.17,15.05
7923,22,7,2.09,10.91
7924,21,7,1.7,7.86
7925,22,7,2.08,4.09
7926,22,6,2.73,0.68
7927,22,8,3.18,1.05
7928,21,8,3.51,1.48
7929,21,10,3.87,1.95
7930,23,10,4.4,2.22
7931,20,10,3.58,3.05
7932,20,10,3.85,3.55
7933,21,10,3.73,3.86
7934,21,10,4.0,4.33
7935,21,10,4.11,4.81
7936,22,10,4.5,5.05
7937,21,10,4.53,5.76
7938,21,10,4.89,6.24
7939,21,10,4.58,6.71
7940,21,10,4.86,7.19
7941,22,10,4.9,7.32
7942,20,10,4.49,8.55
7943,21,10,5.19,8.62
7944,20,10,4.72,9.55
7945,20,10,4.79,10.05
7946,19,10,4.48,11.11
7947,21,10,4.71,10.52
7948,20,10,4.56,11.55
7949,20,10,4.74,12.05
7950,20,10,4.49,12.55
7951,21,10,4.96,12.43
7952,19,10,4.53,14.26
7953,21,10,4.99,13.38
7954,20,10,5.01,14.55
7955,21,10,5.04,14.33
7956,20,10,4.99,15.55
7957,19,10,4.67,16.89
7958,20,10,4.93,16.55
7959,20,10,5.11,17.05
7960,21,10,5.11,16.71
7961,20,10,4.83,18.05
7962,20,10,4.95,18.55
7963,20,10,4.63,19.05
7964,21,10,4.62,18.62
7965,21,10,3.54,19.1
7966,21,8,3.47,15.43
7967,21,8,2.44,11.76
7968,20,6,1.82,8.4
7969,20,5,1.9,4.45
7970,20,4,2.47,0.55
7971,22,5,2.91,0.73
7972,21,6,3.02,1.05
7973,21,8,3.48,1.43
7974,21,9,3.29,1.86
7975,21,10,3.82,2.33
7976,21,11,3.92,2.86
7977,21,12,3.87,3.43
7978,22,12,4.19,3.82
7979,22,12,4.27,4.36
7980,21,12,4.1,5.14
7981,22,12,4.54,5.45
7982,20,12,3.9,6.6
7983,22,12,4.53,6.55
7984,21,12,4.08,7.43
7985,22,12,4.19,7.64
7986,21,12,3.93,8.57
7987,21,12,4.24,9.14
7988,21,12,3.96,9.71
7989,22,12,4.4,9.82
7990,20,12,3.65,11.4
7991,22,12,4.5,10.91
7992,20,12,3.7,12.6
7993,21,12,4.25,12.57
7994,21,12,3.89,13.14
7995,21,12,3.94,13.71
7996,20,12,3.78,15.0
7997,21,12,4.04,14.86
7998,20,12,3.66,16.2
7999,21,12,4.31,16.0
8000,20,12,3.72,17.4
8001,21,12,4.44,17.14
8002,21,12,4.31,17.71
8003,22,12,4.61,17.45
8004,21,12,4.01,18.86
8005,21,12,4.05,19.43
8006,20,12,3.88,21.0
8007,22,12,4.4,19.64
8008,20,12,3.56,22.2
8009,22,12,3.58,20.73
8010,21,12,2.95,22.29
8011,21,11,2.38,18.62
8012,21,9,1.92,15.0
8013,21,8,1.61,11.43
8014,21,7,2.01,7.86
8015,21,7,2.47,4.33
8016,22,7,2.96,0.86
8017,21,9,3.32,1.33
8018,21,10,3.8,1.81
8019,22,10,4.35,2.18
8020,21,10,4.17,2.76
8021,21,10,4.44,3.24
8022,21,10,4.02,3.71
8023,21,10,4.32,4.19
8024,21,10,4.29,4.67
8025,21,10,4.46,5.14
8026,21,10,4.72,5.62
8027,21,10,4.87,6.1
8028,21,10,4.6,6.57
8029,21,10,4.74,7.05
8030,21,10,4.94,7.52
8031,20,10,4.33,8.4
8032,21,10,4.93,8.48
8033,20,10,4.99,9.4
8034,21,10,5.25,9.43
8035,20,10,5.07,10.4
8036,20,10,5.36,10.9
8037,20,10,5.2,11.4
8038,19,10,5.05,12.53
8039,20,10,5.25,12.4
8040,20,10,5.34,12.9
8041,20,10,5.17,13.4
8042,20,10,5.26,13.9
8043,18,10,4.57,16.0
8044,20,10,5.3,14.9
8045,19,10,4.97,16.21
8046,20,10,5.26,15.9
8047,19,10,4.67,17.26
8048,20,10,4.92,16.9
8049,20,10,4.97,17.4
8050,20,10,5.13,17.9
8051,20,10,5.08,18.4
8052,20,10,5.37,18.9
8053,19,10,4.99,20.42
8054,20,10,4.88,19.9
8055,20,10,4.66,20.4
8056,20,8,3.99,16.45
8057,20,6,3.15,12.45
8058,20,5,2.83,8.45
8059,20,4,2.39,4.4
8060,20,3,2.82,0.3
8061,21,5,3.12,0.52
8062,20,6,3.32,0.85
8063,21,7,3.77,1.14
8064,21,7,3.66,1.48
8065,21,9,4.09,1.9
8066,22,11,4.05,2.32
8067,21,11,3.68,2.95
8068,21,12,3.95,3.52
8069,21,12,3.66,4.1
8070,21,12,3.94,4.67
8071,22,12,4.07,5.0
8072,22,12,3.96,5.55
8073,21,12,3.88,6.38
8074,22,12,4.22,6.64
8075,21,12,3.94,7.52
8076,21,12,3.99,8.1
8077,22,12,4.04,8.27
8078,22,12,4.2,8.82
8079,22,12,3.85,9.36
8080,21,12,3.7,10.38
8081,21,12,3.81,10.95
8082,22,12,3.87,11.0
8083,22,12,4.13,11.55
8084,21,12,4.04,12.67
8085,21,12,3.85,13.24
8086,22,12,4.66,13.18
8087,20,12,4.03,15.1
8088,22,12,4.53,14.27
8089,20,12,3.89,16.3
8090,22,12,4.62,15.36
8091,20,12,3.95,17.5
8092,21,12,4.55,17.24
8093,21,12,4.17,17.81
8094,22,12,4.7,17.55
8095,21,12,4.07,18.95
8096,21,12,4.25,19.52
8097,20,12,4.06,21.1
8098,22,12,4.48,19.73
8099,20,12,3.24,22.3
8100,22,13,2.97,20.86
8101,21,12,2.36,18.38
8102,21,11,2.04,14.95
8103,21,10,1.54,11.52
8104,21,9,1.98,8.1
8105,22,7,2.55,4.45
8106,21,7,2.78,1.29
8107,21,8,3.48,1.67
8108,21,8,4.05,2.05
8109,20,9,4.34,2.6
8110,21,10,4.67,2.95
8111,20,10,4.69,3.6
8112,20,10,4.54,4.1
8113,20,10,4.63,4.6
8114,20,10,4.89,5.1
8115,20,10,4.72,5.6
8116,20,10,4.81,6.1
8117,20,10,4.55,6.6
8118,20,10,4.6,7.1
8119,20,10,4.13,7.6
8120,20,10,4.26,8.1
8121,21,10,4.65,8.19
8122,20,10,3.94,9.1
8123,20,10,3.78,9.6
8124,20,10,3.84,10.1
8125,21,10,3.64,10.1
8126,21,10,4.07,10.57
8127,22,10,4.41,10.55
8128,21,10,4.26,11.52
8129,22,10,4.61,11.45
8130,21,10,4.12,12.48
8131,22,10,4.62,12.36
8132,21,10,4.45,13.43
8133,21,10,4.35,13.9
8134,21,10,4.65,14.38
8135,20,10,4.59,15.6
8136,21,10,4.87,15.33
8137,20,10,4.77,16.6
8138,20,10,4.89,17.1
8139,20,10,4.86,17.6
8140,21,10,5.42,17.24
8141,19,10,4.97,19.58
8142,20,10,5.18,19.1
8143,19,10,4.76,20.63
8144,20,10,4.59,20.1
8145,21,11,4.72,19.67
8146,21,9,3.65,15.81
8147,20,8,2.73,12.55
8148,21,7,2.27,8.14
8149,21,6,1.83,4.48
8150,21,4,2.29,0.71
8151,21,6,2.88,1.0
8152,20,6,3.08,1.35
8153,22,8,3.51,1.59
8154,22,10,3.61,2.05
8155,21,10,3.69,2.62
8156,22,10,4.33,2.95
8157,21,11,4.07,3.62
8158,21,12,4.2,4.19
8159,21,12,4.01,4.76
8160,21,12,4.28,5.33
8161,22,12,4.69,5.64
8162,21,12,4.34,6.48
8163,22,12,4.54,6.73
8164,21,12,4.29,7.62
8165,20,12,4.24,8.6
8166,22,12,4.9,8.36
8167,20,12,4.38,9.8
8168,22,12,5.16,9.45
8169,20,12,4.34,11.0
8170,22,12,5.09,10.55
8171,20,12,4.37,12.2
8172,20,12,4.52,12.8
8173,20,12,4.25,13.4
8174,20,12,4.4,14.0
8175,21,12,4.72,13.9
8176,20,12,4.34,15.2
8177,21,12,4.43,15.05
8178,20,12,3.95,16.4
8179,20,12,4.14,17.0
8180,21,12,4.16,16.76
8181,21,12,4.23,17.33
8182,20,12,3.85,18.8
8183,20,12,3.68,19.4
8184,20,12,3.9,20.0
8185,21,12,3.96,19.62
8186,22,12,4.14,19.27
8187,20,12,3.45,21.8
8188,22,12,3.87,20.36
8189,20,12,3.01,23.0
8190,22,12,2.77,21.45
8191,22,11,2.72,17.91
8192,23,10,2.19,13.83
8193,22,8,1.91,11.0
8194,23,8,2.22,7.26
8195,22,7,2.22,4.27
8196,22,6,2.93,0.91
8197,21,6,3.22,1.24
8198,21,9,3.89,1.67
8199,20,10,4.12,2.25
8200,21,10,4.48,2.62
8201,21,10,4.93,3.1
8202,19,10,4.41,3.95
8203,20,10,4.72,4.25
8204,19,10,4.76,5.0
8205,20,10,4.63,5.25
8206,20,10,4.74,5.75
8207,19,10,4.23,6.58
8208,20,10,4.25,6.75
8209,20,10,4.05,7.25
8210,20,10,3.72,7.75
8211,21,10,4.21,7.86
8212,21,10,4.26,8.33
8213,22,10,4.31,8.41
8214,20,10,3.8,9.75
8215,21,10,4.08,9.76
8216,21,10,3.85,10.24
8217,22,10,4.36,10.23
8218,21,10,4.2,11.19
8219,22,10,4.4,11.14
8220,21,10,4.34,12.14
8221,21,10,4.37,12.62
8222,21,10,4.33,13.1
8223,22,10,4.83,12.95
8224,20,10,4.45,14.75
8225,21,10,4.85,14.52
8226,20,10,4.76,15.75
8227,20,10,4.52,16.25
8228,21,10,5.01,15.95
8229,20,10,4.5,17.25
8230,21,10,5.02,16.9
8231,20,10,4.81,18.25
8232,21,10,5.17,17.86
8233,21,10,5.19,18.33
8234,20,10,3.99,19.75
8235,21,11,3.44,19.33
8236,21,10,2.4,15.57
8237,21,9,1.99,11.9
8238,20,9,1.55,8.7
8239,20,7,2.04,4.95
8240,22,7,2.31,1.05
8241,22,7,2.91,1.36
8242,21,9,3.04,1.86
8243,22,10,3.64,2.23
8244,21,11,3.21,2.86
8245,21,11,3.85,3.38
8246,22,12,4.28,3.77
8247,22,12,4.57,4.32
8248,21,12,4.25,5.1
8249,22,12,4.58,5.41
8250,21,12,4.41,6.24
8251,21,12,4.17,6.81
8252,21,12,4.27,7.38
8253,20,12,4.09,8.35
8254,21,12,4.23,8.52
8255,20,12,4.06,9.55
8256,22,12,4.82,9.23
8257,20,12,4.1,10.75
8258,22,12,4.77,10.32
8259,20,12,3.79,11.95
8260,21,12,3.91,11.95
8261,21,12,3.95,12.52
8262,21,12,4.03,13.1
8263,21,12,3.8,13.67
8264,21,12,3.9,14.24
8265,20,12,3.56,15.55
8266,22,12,4.23,14.68
8267,21,12,4.04,15.95
8268,21,12,4.3,16.52
8269,21,12,3.99,17.1
8270,22,12,4.35,16.86
8271,20,12,3.77,19.15
8272,21,12,4.29,18.81
8273,20,12,4.14,20.35
8274,22,12,4.54,19.05
8275,20,12,3.99,21.55
8276,22,12,4.58,20.14
8277,20,12,4.05,22.75
8278,21,12,4.42,22.24
8279,22,12,4.04,21.77
8280,21,12,3.15,23.38
8281,22,11,2.36,18.68
8282,21,10,1.8,15.81
8283,23,9,1.98,11.0
8284,23,8,2.23,7.61
8285,22,7,2.35,4.41
8286,22,5,3.01,0.91
8287,21,7,3.53,1.29
8288,21,8,4.2,1.67
8289,19,9,4.02,2.32
8290,21,10,4.79,2.57
8291,19,10,4.38,3.37
8292,21,10,4.89,3.52
8293,20,10,4.74,4.2
8294,20,10,4.97,4.7
8295,20,10,4.95,5.2
8296,21,10,5.54,5.43
8297,20,10,4.87,6.2
8298,21,10,5.48,6.38
8299,19,10,4.77,7.58
8300,21,10,5.29,7.33
8301,20,10,5.26,8.2
8302,20,10,5.06,8.7
8303,19,10,4.78,9.68
8304,20,10,4.86,9.7
8305,20,10,4.85,10.2
8306,20,10,4.79,10.7
8307,20,10,4.64,11.2
8308,20,10,4.66,11.7
8309,20,10,4.4,12.2
8310,20,10,4.36,12.7
8311,20,10,4.44,13.2
8312,21,10,4.36,13.05
8313,20,10,4.3,14.2
8314,21,10,5.0,14.0
8315,20,10,4.59,15.2
8316,21,10,5.02,14.95
8317,20,10,4.16,16.2
8318,21,10,4.65,15.9
8319,20,10,4.46,17.2
8320,22,10,5.07,16.09
8321,20,10,4.54,18.2
8322,21,10,5.15,17.81
8323,20,10,4.54,19.2
8324,20,10,4.18,19.7
8325,21,10,3.68,19.24
8326,20,9,2.91,16.2
8327,21,7,2.78,11.62
8328,20,6,1.87,8.3
8329,20,6,2.19,4.45
8330,20,4,2.74,0.6
8331,22,6,2.98,0.82
8332,21,7,2.99,1.19
8333,22,9,3.51,1.55
8334,21,9,3.17,2.05
8335,21,11,3.59,2.57
8336,22,12,3.9,3.0
8337,22,12,4.4,3.55
8338,21,12,4.06,4.29
8339,22,12,4.41,4.64
8340,21,12,4.34,5.43
8341,22,12,4.49,5.73
8342,21,12,4.21,6.57
8343,21,12,4.16,7.14
8344,22,12,4.56,7.36
8345,21,12,3.73,8.29
8346,22,12,4.18,8.45
8347,20,12,3.65,9.9
8348,22,12,4.35,9.55
8349,21,12,4.07,10.57
8350,21,12,4.06,11.14
8351,21,12,3.97,11.71
8352,21,12,4.07,12.29
8353,22,12,4.19,12.27
8354,22,12,4.25,12.82
8355,20,12,3.58,14.7
8356,22,12,4.44,13.91
8357,21,12,4.24,15.14
8358,21,12,4.38,15.71
8359,21,12,4.12,16.29
8360,21,12,4.33,16.86
8361,21,12,4.05,17.43
8362,21,12,4.0,18.0
8363,20,12,3.52,19.5
8364,22,12,4.19,18.27
8365,21,12,4.05,19.71
8366,22,12,4.24,19.36
8367,21,12,3.93,20.86
8368,21,12,3.96,21.43
8369,21,12,3.61,22.0
8370,22,12,3.47,21.55
8371,21,10,2.55,18.86
8372,21,9,1.88,15.19
8373,21,8,2.2,11.57
8374,22,7,2.31,7.59
8375,23,7,2.71,4.0
8376,22,5,2.9,0.73
8377,21,5,3.0,1.0
8378,21,7,3.48,1.33
8379,21,8,3.92,1.71
8380,22,10,4.18,2.09
8381,21,10,4.23,2.67
8382,20,10,4.17,3.3
8383,21,10,4.33,3.62
8384,21,10,4.78,4.1
8385,21,10,5.04,4.57
8386,20,10,4.67,5.3
8387,21,10,5.24,5.52
8388,20,10,4.64,6.3
8389,21,10,4.93,6.48
8390,21,10,4.84,6.95
8391,21,10,5.06,7.43
8392,20,10,4.79,8.3
8393,21,10,5.07,8.38
8394,20,10,4.81,9.3
8395,19,10,4.74,10.32
8396,20,10,4.82,10.3
8397,20,10,4.98,10.8
8398,19,10,4.74,11.89
8399,20,10,4.78,11.8
8400,19,10,4.34,12.95
8401,21,10,4.83,12.19
8402,20,10,4.53,13.3
8403,21,10,5.04,13.14
8404,20,10,4.65,14.3
8405,21,10,5.18,14.1
8406,20,10,5.01,15.3
8407,20,10,4.88,15.8
8408,19,10,4.86,17.16
8409,20,10,4.74,16.8
8410,20,10,4.89,17.3
8411,19,10,4.42,18.74
8412,20,10,4.71,18.3
8413,20,10,4.63,18.8
8414,20,10,3.93,19.3
8415,21,11,3.87,18.9
8416,22,9,3.2,14.5
8417,21,9,2.89,11.57
8418,21,7,2.38,7.95
8419,21,6,2.01,4.38
8420,21,6,2.44,0.86
8421,22,6,2.78,1.09
8422,21,7,2.96,1.48
8423,22,9,3.72,1.82
8424,21,10,3.22,2.38
8425,21,10,3.63,2.86
8426,22,11,3.97,3.23
8427,22,11,4.13,3.73
8428,21,12,4.05,4.48
8429,22,12,4.57,4.82
8430,21,12,4.35,5.62
8431,22,12,4.56,5.91
8432,21,12,4.08,6.76
8433,21,12,3.91,7.33
8434,22,12,4.6,7.55
8435,20,12,3.93,8.9
8436,22,12,4.83,8.64
8437,21,12,4.28,9.62
8438,20,12,4.05,10.7
8439,21,12,4.35,10.76
8440,20,12,3.94,11.9
8441,21,12,3.96,11.9
8442,21,12,4.22,12.48
8443,20,12,4.07,13.7
8444,21,12,4.14,13.62
8445,20,12,3.82,14.9
8446,22,12,4.48,14.09
8447,21,12,4.09,15.33
8448,21,12,4.08,15.9
8449,21,12,3.89,16.48
8450,21,12,4.02,17.05
8451,22,12,4.4,16.82
8452,21,12,3.97,18.19
8453,21,12,4.04,18.76
8454,22,12,4.17,18.45
8455,21,12,4.04,19.9
8456,22,12,4.19,19.55
8457,21,12,3.76,21.05
8458,21,12,3.58,21.62
8459,21,13,2.94,22.24
8460,21,13,2.21,22.86
8461,21,12,1.58,19.14
8462,22,10,1.49,14.77
8463,22,9,1.79,11.36
8464,21,9,1.54,8.33
8465,22,7,2.06,4.55
8466,22,8,2.72,1.23
8467,21,8,2.99,1.67
8468,21,8,3.57,2.05
8469,21,9,4.3,2.48
8470,21,10,3.92,2.95
8471,21,10,4.4,3.43
8472,20,10,4.65,4.1
8473,21,10,5.01,4.38
8474,19,10,4.57,5.37
8475,21,10,5.36,5.33
8476,20,10,5.06,6.1
8477,20,10,5.35,6.6
8478,20,10,5.02,7.1
8479,21,10,5.5,7.24
8480,20,10,4.75,8.1
8481,20,10,4.85,8.6
8482,20,10,5.05,9.1
8483,20,10,4.74,9.6
8484,20,10,4.96,10.1
8485,20,10,4.66,10.6
8486,19,10,4.2,11.68
8487,20,10,4.84,11.6
8488,20,10,4.52,12.1
8489,21,10,4.94,12.0
8490,19,10,4.52,13.79
8491,21,10,5.09,12.95
8492,20,10,4.93,14.1
8493,21,10,5.26,13.9
8494,20,10,5.0,15.1
8495,19,10,4.84,16.42
8496,20,10,5.11,16.1
8497,19,10,5.04,17.47
8498,20,10,5.3,17.1
8499,20,10,5.37,17.6
8500,20,10,5.24,18.1
8501,20,10,5.09,18.6
8502,19,10,4.98,20.11
8503,20,10,4.83,19.6
8504,19,10,4.43,21.16
8505,20,10,3.68,20.6
8506,21,8,3.49,15.76
8507,20,7,2.45,12.55
8508,20,6,1.99,8.5
8509,20,5,2.29,4.5
8510,20,4,2.57,0.5
8511,22,6,2.99,0.73
8512,22,6,3.66,1.0
8513,22,8,3.87,1.36
8514,22,10,3.97,1.82
8515,22,10,4.1,2.27
8516,21,11,3.77,2.9
8517,21,12,4.11,3.48
8518,21,12,3.75,4.05
8519,21,12,4.09,4.62
8520,22,12,4.42,4.95
8521,21,12,4.2,5.76
8522,21,12,4.39,6.33
8523,21,12,4.3,6.9
8524,21,12,4.6,7.48
8525,22,12,4.63,7.68
8526,21,12,4.29,8.62
8527,21,12,4.14,9.19
8528,21,12,4.21,9.76
8529,20,12,3.83,10.85
8530,22,12,4.37,10.41
8531,20,12,3.62,12.05
8532,21,12,4.11,12.05
8533,20,12,3.31,13.25
8534,21,12,4.11,13.19
8535,20,12,3.66,14.45
8536,22,12,4.41,13.68
8537,21,12,4.22,14.9
8538,22,12,4.15,14.77
8539,21,12,3.89,16.05
8540,21,12,4.11,16.62
8541,21,12,3.95,17.19
8542,20,12,3.51,18.65
8543,20,12,3.71,19.25
8544,21,12,3.81,18.9
8545,21,12,4.07,19.48
8546,21,12,4.37,20.05
8547,21,12,4.16,20.62
8548,21,12,4.03,21.19
8549,22,13,3.53,20.82
8550,21,14,2.61,22.48
8551,22,12,1.61,18.05
8552,22,11,1.63,14.68
8553,21,9,1.12,11.81
8554,22,8,1.68,7.91
8555,22,7,2.35,4.5
8556,22,6,2.98,1.18
8557,21,7,3.4,1.57
8558,21,8,4.0,1.95
8559,19,9,3.49,2.63
8560,21,10,4.2,2.86
8561,21,10,4.39,3.33
8562,21,10,4.66,3.81
8563,21,10,4.6,4.29
8564,21,10,4.74,4.76
8565,21,10,4.65,5.24
8566,21,10,4.78,5.71
8567,21,10,4.7,6.19
8568,21,10,4.55,6.67
8569,20,10,4.44,7.5
8570,21,10,4.99,7.62
8571,20,10,4.66,8.5
8572,20,10,4.76,9.0
8573,19,10,4.43,10.0
8574,20,10,4.32,10.0
8575,19,10,4.04,11.05
8576,21,10,4.39,10.48
8577,20,10,4.13,11.5
8578,21,10,4.54,11.43
8579,21,10,4.26,11.9
8580,22,10,4.5,11.82
8581,22,10,4.51,12.27
8582,22,10,4.65,12.73
8583,21,10,4.58,13.81
8584,21,10,4.49,14.29
8585,21,10,4.64,14.76
8586,20,10,4.35,16.0
8587,21,10,4.84,15.71
8588,20,10,4.62,17.0
8589,21,10,4.91,16.67
8590,21,10,4.77,17.14
8591,20,10,4.7,18.5
8592,21,10,4.89,18.1
8593,21,10,4.91,18.57
8594,21,10,4.0,19.05
8595,21,10,3.35,19.52
8596,21,8,2.84,15.57
8597,21,8,2.1,11.71
8598,21,6,2.31,7.95
8599,20,6,2.17,4.5
8600,21,5,2.66,0.62
8601,22,6,3.25,0.86
8602,21,7,3.45,1.24
8603,22,9,4.09,1.59
8604,21,11,3.76,2.19
8605,22,11,4.3,2.59
8606,21,12,3.8,3.29
8607,20,12,3.66,4.05
8608,22,12,4.55,4.23
8609,21,12,4.53,5.0
8610,22,12,4.67,5.32
8611,20,12,3.96,6.45
8612,22,12,4.51,6.41
8613,21,12,4.06,7.29
8614,21,12,4.32,7.86
8615,21,12,4.13,8.43
8616,21,12,4.23,9.0
8617,21,12,3.95,9.57
8618,22,12,4.31,9.68
8619,20,12,3.64,11.25
8620,22,12,4.21,10.77
8621,20,12,3.56,12.45
8622,21,12,4.19,12.43
8623,22,12,4.52,12.41
8624,21,12,4.46,13.57
8625,21,12,4.17,14.14
8626,21,12,4.21,14.71
8627,20,12,3.98,16.05
8628,21,12,4.4,15.86
8629,20,12,4.09,17.25
8630,22,12,4.56,16.23
8631,20,12,3.9,18.45
8632,21,12,4.5,18.14
8633,21,12,4.19,18.71
8634,21,12,4.36,19.29
8635,22,12,4.42,18.95
8636,22,12,4.64,19.5
8637,21,12,4.49,21.0
8638,21,12,3.95,21.57
8639,21,12,3.17,22.14
8640,23,13,2.91,20.78
8641,21,12,1.74,19.14
8642,21,10,1.84,15.52
8643,22,10,1.23,11.41
8644,22,8,1.68,8.0
8645,22,8,2.25,4.59
8646,22,7,2.92,1.18
8647,21,8,3.2,1.62
8648,21,9,3.69,2.05
8649,21,10,4.52,2.52
8650,21,10,4.56,3.0
8651,20,10,4.81,3.65
8652,20,10,4.67,4.15
8653,20,10,4.88,4.65
8654,19,10,4.7,5.42
8655,20,10,4.51,5.65
8656,20,10,4.78,6.15
8657,20,10,4.42,6.65
8658,20,10,4.51,7.15
8659,21,10,5.05,7.29
8660,20,10,4.55,8.15
8661,20,10,4.82,8.65
8662,19,10,4.54,9.63
8663,21,10,5.05,9.19
8664,20,10,4.76,10.15
8665,19,10,4.17,11.21
8666,19,10,4.34,11.74
8667,18,10,3.98,12.94
8668,19,10,4.38,12.79
8669,18,10,3.96,14.06
8670,18,10,4.11,14.61
8671,18,10,4.01,15.17
8672,18,10,4.03,15.72
8673,19,10,4.06,15.42
8674,19,10,4.4,15.95
8675,19,10,4.56,16.47
8676,20,10,4.59,16.15
8677,19,10,4.37,17.53
8678,20,10,4.53,17.15
8679,20,10,4.51,17.65
8680,20,10,4.65,18.15
8681,20,10,4.49,18.65
8682,21,10,4.9,18.24
8683,21,10,4.56,18.71
8684,21,10,4.37,19.19
8685,21,10,4.11,19.67
8686,22,9,3.85,15.05
8687,21,9,2.98,12.0
8688,21,8,3.12,8.29
8689,22,7,2.68,4.36
8690,21,5,2.81,0.86
8691,21,7,3.2,1.19
8692,20,7,3.3,1.6
8693,22,9,3.72,1.86
8694,21,9,3.15,2.38
8695,22,10,3.53,2.73
8696,22,11,3.7,3.23
8697,21,11,3.76,3.9
8698,21,12,3.95,4.48
8699,22,12,4.22,4.82
8700,22,12,4.28,5.36
8701,22,12,4.14,5.91
8702,22,12,4.21,6.45
8703,21,12,3.95,7.33
8704,22,12,4.14,7.55
8705,21,12,4.13,8.48
8706,21,12,4.19,9.05
8707,21,12,3.95,9.62
8708,22,12,4.45,9.73
8709,21,12,3.89,10.76
8710,22,12,4.42,10.82
8711,20,12,3.8,12.5
8712,22,12,4.22,11.91
8713,21,12,4.07,13.05
8714,22,12,4.28,13.0
8715,20,12,3.35,14.9
8716,21,12,3.95,14.76
8717,22,12,4.18,14.64
8718,21,12,4.07,15.9
8719,20,12,3.72,17.3
8720,22,12,4.26,16.27
8721,21,12,4.26,17.62
8722,22,12,4.56,17.36
8723,21,12,4.3,18.76
8724,22,12,4.44,18.45
8725,21,12,3.88,19.9
8726,21,12,3.87,20.48
8727,22,12,4.05,20.09
8728,22,12,3.84,20.64
8729,22,12,3.32,21.18
8730,22,12,2.69,21.73
8731,20,11,1.72,20.0
8732,22,9,1.68,14.68
8733,22,9,2.02,11.23
8734,22,8,1.87,7.77
8735,22,7,2.31,4.32
8736,22,6,2.9,0.91
8737,21,7,3.24,1.29
8738,21,8,3.83,1.67
8739,19,9,3.63,2.32
8740,20,10,4.3,2.7
8741,21,10,5.2,3.05
8742,19,10,4.86,3.89
8743,20,10,5.01,4.2
8744,19,10,5.02,4.95
8745,20,10,5.28,5.2
8746,19,10,5.25,6.0
8747,20,10,5.27,6.2
8748,19,10,5.08,7.05
8749,19,10,5.01,7.58
8750,19,10,4.51,8.11
8751,19,10,4.8,8.63
8752,20,10,4.92,8.7
8753,19,10,4.5,9.68
8754,19,10,4.52,10.21
8755,21,10,5.12,9.71
8756,20,10,4.97,10.7
8757,20,10,4.75,11.2
8758,19,10,4.43,12.32
8759,17,10,3.67,14.35
8760,18,10,3.97,14.11
8761,17,10,3.71,15.53
8762,16,10,3.42,17.12
8763,17,10,3.74,16.71
8764,16,10,3.4,18.38
8765,17,10,3.62,17.88
8766,17,10,3.84,18.47
8767,18,10,4.22,18.0
8768,18,10,4.22,18.56
8769,18,10,4.23,19.11
8770,19,10,4.37,18.63
8771,19,10,4.5,19.16
8772,20,10,4.65,18.7
8773,20,10,4.61,19.2
8774,20,10,4.0,19.7
8775,21,10,3.65,19.24
8776,20,9,3.19,16.25
8777,21,7,2.63,11.67
8778,20,6,2.42,8.3
8779,21,5,2.85,4.24
8780,21,5,2.82,0.57
8781,21,6,3.31,0.86
8782,21,7,3.39,1.19
8783,22,8,3.81,1.5
8784,21,9,3.64,2.0
8785,22,11,4.29,2.41
8786,22,11,4.39,2.91
8787,20,12,3.57,3.8
8788,22,12,4.03,4.0
8789,20,12,3.27,5.0
8790,21,12,3.55,5.33
8791,22,12,3.77,5.64
8792,21,12,3.57,6.48
8793,21,12,3.89,7.05
8794,22,12,4.1,7.27
8795,22,12,4.31,7.82
8796,22,12,3.98,8.36
8797,22,12,4.41,8.91
8798,22,12,4.08,9.45
8799,21,12,3.79,10.48
8800,21,12,3.95,11.05
8801,21,12,3.79,11.62
8802,22,12,4.14,11.64
8803,22,12,4.25,12.18
8804,22,12,4.1,12.73
8805,22,12,4.17,13.27
8806,21,12,3.94,14.48
8807,22,12,4.06,14.36
8808,22,12,4.34,14.91
8809,22,12,4.22,15.45
8810,22,12,4.23,16.0
8811,21,12,3.93,17.33
8812,22,12,4.23,17.09
8813,21,12,3.96,18.48
8814,22,12,4.25,18.18
8815,22,12,4.37,18.73
8816,20,12,3.78,21.2
8817,22,12,4.38,19.82
8818,20,12,3.67,22.4
8819,22,12,3.93,20.91
8820,22,13,3.44,21.5
8821,21,11,2.63,18.86
8822,22,9,1.85,14.55
8823,21,8,1.32,11.57
8824,21,8,1.45,8.05
8825,22,6,1.9,4.23
8826,22,5,2.54,0.82
8827,22,6,3.49,1.09
8828,21,7,3.78,1.48
8829,20,8,4.02,1.95
8830,21,9,4.25,2.29
8831,21,10,4.82,2.76
8832,19,10,4.26,3.58
8833,21,10,5.2,3.71
8834,19,10,4.76,4.63
8835,21,10,5.27,4.67
8836,20,10,4.8,5.4
8837,21,10,4.7,5.62
8838,20,10,4.42,6.4
8839,21,10,4.92,6.57
8840,20,10,4.41,7.4
8841,21,10,4.95,7.52
8842,20,10,4.67,8.4
8843,20,10,4.64,8.9
8844,19,10,4.53,9.89
8845,17,10,3.71,11.65
8846,19,10,4.44,10.95
8847,17,10,3.6,12.82
8848,18,10,4.11,12.67
8849,18,10,3.88,13.22
8850,18,10,4.14,13.78
8851,19,10,4.44,13.58
8852,19,10,4.62,14.11
8853,18,10,4.35,15.44
8854,20,10,4.92,14.4
8855,19,10,4.52,15.68
8856,21,10,5.03,14.67
8857,20,10,4.69,15.9
8858,21,10,5.37,15.62
8859,20,10,4.86,16.9
8860,20,10,5.06,17.4
8861,19,10,4.76,18.84
8862,20,10,4.82,18.4
8863,20,10,4.95,18.9
8864,20,10,4.33,19.4
8865,19,10,3.67,20.95
8866,21,9,3.57,15.19
8867,20,7,2.69,12.05
8868,20,6,2.81,8.2
8869,21,4,2.99,4.14
8870,21,4,2.63,0.48
8871,21,4,3.3,0.67
8872,20,5,3.6,0.95
8873,23,8,3.94,1.17
8874,22,8,3.92,1.59
8875,21,9,3.77,2.1
8876,22,10,3.99,2.45
8877,21,11,3.92,3.1
8878,22,11,4.08,3.45
8879,21,12,3.94,4.19
8880,21,12,4.24,4.76
8881,22,12,4.58,5.09
8882,21,12,4.34,5.9
8883,22,12,4.62,6.18
8884,21,12,4.34,7.05
8885,20,12,4.02,8.0
8886,22,12,4.55,7.82
8887,20,12,3.95,9.2
8888,21,12,4.13,9.33
8889,20,12,3.65,10.4
8890,20,12,3.34,11.0
8891,21,12,3.71,11.05
8892,22,12,4.14,11.09
8893,20,12,3.34,12.8
8894,22,12,3.86,12.18
8895,21,12,3.58,13.33
8896,22,12,4.14,13.27
8897,22,12,4.0,13.82
8898,22,12,4.21,14.36
8899,22,12,3.98,14.91
8900,23,12,4.37,14.78
8901,21,12,4.01,16.76
8902,22,12,4.12,16.55
8903,21,12,4.03,17.9
8904,21,12,4.06,18.48
8905,21,12,4.1,19.05
8906,21,12,4.16,19.62
8907,22,12,4.25,19.27
8908,22,12,4.01,19.82
8909,22,12,3.18,20.36
8910,21,13,2.27,21.95
8911,22,12,2.27,17.59
8912,22,10,1.66,14.27
8913,22,10,1.84,10.95
8914,22,9,1.56,7.73
8915,22,8,2.15,4.45
8916,22,7,2.73,1.23
8917,21,8,2.84,1.67
8918,21,9,3.53,2.1
8919,21,10,4.08,2.57
8920,19,10,3.68,3.37
8921,21,10,4.48,3.52
8922,20,10,4.47,4.2
8923,21,10,4.68,4.48
8924,20,10,4.65,5.2
8925,20,10,4.64,5.7
8926,20,10,4.47,6.2
8927,21,10,5.04,6.38
8928,20,10,4.43,7.2
8929,21,10,4.88,7.33
8930,20,10,4.14,8.2
8931,21,10,4.41,8.29
8932,21,10,4.62,8.76
8933,21,10,4.18,9.24
8934,21,10,4.28,9.71
8935,21,10,4.3,10.19
8936,22,10,4.67,10.18
8937,21,10,4.71,11.14
8938,21,10,4.96,11.62
8939,21,10,4.69,12.1
8940,20,10,4.57,13.2
8941,20,10,4.64,13.7
8942,21,10,4.96,13.52
8943,21,10,5.03,14.0
8944,20,10,4.57,15.2
8945,21,10,5.17,14.95
8946,20,10,4.95,16.2
8947,21,10,5.18,15.9
8948,19,10,4.53,18.11
8949,20,10,4.58,17.7
8950,20,10,4.76,18.2
8951,20,10,4.65,18.7
8952,20,10,4.5,19.2
8953,19,10,4.22,20.74
8954,20,10,3.77,20.2
8955,21,10,3.76,19.71
8956,20,9,3.42,16.6
8957,21,7,2.99,11.95
8958,20,7,2.52,8.55
8959,21,6,2.8,4.43
8960,21,4,2.63,0.62
8961,21,6,3.12,0.9
8962,21,6,3.61,1.19
8963,21,8,3.6,1.57
8964,21,9,3.35,2.0
8965,21,10,3.77,2.48
8966,22,11,4.0,2.86
8967,21,12,4.04,3.57
8968,22,12,4.06,3.95
8969,22,12,4.23,4.5
8970,21,12,3.75,5.29
8971,21,12,4.01,5.86
8972,22,12,4.15,6.14
8973,21,12,4.09,7.0
8974,22,12,4.22,7.23
8975,21,12,4.12,8.14
8976,21,12,4.29,8.71
8977,21,12,4.18,9.29
8978,21,12,4.53,9.86
8979,22,12,4.75,9.95
8980,21,12,4.35,11.0
8981,21,12,4.45,11.57
8982,22,12,4.53,11.59
8983,21,12,4.21,12.71
8984,21,12,3.85,13.29
8985,21,12,3.72,13.86
8986,21,12,3.75,14.43
8987,21,12,3.49,15.0
8988,21,12,3.74,15.57
8989,21,12,3.84,16.14
8990,21,12,3.65,16.71
8991,22,12,4.35,16.5
8992,22,12,4.16,17.05
8993,22,12,4.38,17.59
8994,20,12,3.83,19.95
8995,22,12,4.67,18.68
8996,21,12,4.43,20.14
8997,22,12,4.68,19.77
8998,21,12,3.76,21.29
8999,22,12,3.26,20.86
9000,21,12,1.56,22.43
9001,22,11,1.46,17.91
9002,22,10,1.41,14.5
9003,22,9,1.13,11.09
9004,22,8,1.6,7.73
9005,22,8,2.09,4.41
9006,22,7,2.81,1.05
9007,21,8,3.23,1.48
9008,21,10,3.87,1.95
9009,19,10,3.67,2.68
9010,20,10,4.31,3.05
9011,20,10,4.28,3.55
9012,19,10,4.21,4.26
9013,20,10,4.83,4.55
9014,19,10,4.64,5.32
9015,20,10,4.94,5.55
9016,20,10,5.11,6.05
9017,19,10,4.78,6.89
9018,20,10,4.97,7.05
9019,20,10,5.11,7.55
9020,20,10,4.75,8.05
9021,20,10,4.92,8.55
9022,19,10,4.6,9.53
9023,20,10,4.71,9.55
9024,20,10,5.07,10.05
9025,19,10,4.82,11.11
9026,20,10,4.85,11.05
9027,19,10,4.43,12.16
9028,21,10,4.92,11.48
9029,20,10,4.54,12.55
9030,22,10,5.04,11.86
9031,20,10,4.46,13.55
9032,20,10,4.81,14.05
9033,20,10,4.62,14.55
9034,20,10,4.53,15.05
9035,20,10,4.45,15.55
9036,21,10,5.03,15.29
9037,20,10,4.81,16.55
9038,21,10,4.67,16.24
9039,21,10,4.73,16.71
9040,22,10,4.76,16.41
9041,21,10,4.46,17.67
9042,22,10,5.06,17.32
9043,21,10,4.25,18.62
9044,20,10,3.92,20.05
9045,20,11,2.41,20.6
9046,20,9,2.51,16.6
9047,20,8,2.01,12.65
9048,20,7,1.84,8.7
9049,21,6,2.48,4.52
9050,21,6,2.9,0.81
9051,21,5,3.46,1.0
9052,21,7,3.41,1.33
9053,22,8,4.04,1.64
9054,21,10,3.7,2.19
9055,22,11,4.15,2.59
9056,22,11,4.32,3.09
9057,22,11,4.27,3.59
9058,22,12,4.51,4.14
9059,21,12,4.19,4.9
9060,22,12,4.46,5.23
9061,20,12,3.93,6.35
9062,22,12,4.64,6.32
9063,21,12,4.25,7.19
9064,21,12,4.47,7.76
9065,22,12,4.73,7.95
9066,21,12,4.38,8.9
9067,22,12,4.41,9.05
9068,22,12,4.32,9.59
9069,22,12,3.79,10.14
9070,21,12,3.48,11.19
9071,21,12,3.49,11.76
9072,21,12,3.6,12.33
9073,22,12,3.95,12.32
9074,22,12,4.15,12.86
9075,22,12,4.19,13.41
9076,21,12,3.66,14.62
9077,22,12,4.37,14.5
9078,20,12,4.03,16.55
9079,22,12,4.73,15.59
9080,20,12,4.22,17.75
9081,22,12,4.81,16.68
9082,20,12,4.09,18.95
9083,22,12,4.48,17.77
9084,20,12,3.6,20.15
9085,21,12,4.2,19.76
9086,21,12,3.84,20.33
9087,21,12,3.93,20.9
9088,22,13,3.54,20.55
9089,22,13,3.07,21.14
9090,21,14,1.42,22.81
9091,22,13,1.26,18.32
9092,23,11,1.42,14.22
9093,22,11,1.14,11.5
9094,22,9,1.65,8.18
9095,22,9,2.27,4.86
9096,21,8,2.48,1.67
9097,21,9,3.0,2.1
9098,21,10,3.63,2.57
9099,20,10,3.81,3.2
9100,21,10,4.12,3.52
9101,21,10,4.54,4.0
9102,20,10,4.65,4.7
9103,21,10,4.96,4.95
9104,19,10,4.68,6.0
9105,21,10,5.14,5.9
9106,19,10,4.43,7.05
9107,21,10,4.88,6.86
9108,20,10,4.68,7.7
9109,21,10,5.14,7.81
9110,20,10,4.61,8.7
9111,20,10,4.73,9.2
9112,19,10,4.45,10.21
9113,20,10,4.43,10.2
9114,19,10,4.16,11.26
9115,21,10,4.62,10.67
9116,20,10,4.48,11.7
9117,21,10,5.14,11.62
9118,20,10,4.9,12.7
9119,20,10,4.99,13.2
9120,20,10,4.83,13.7
9121,20,10,4.68,14.2
9122,19,10,4.27,15.47
9123,20,10,4.4,15.2
9124,20,10,4.61,15.7
9125,20,10,4.86,16.2
9126,20,10,4.51,16.7
9127,20,10,4.63,17.2
9128,20,10,4.34,17.7
9129,21,10,4.85,17.33
9130,20,10,4.61,18.7
9131,21,10,4.9,18.29
9132,20,10,4.82,19.7
9133,20,10,4.49,20.2
9134,20,10,4.17,20.7
9135,20,10,3.31,21.2
9136,21,9,2.71,16.14
9137,20,8,2.24,12.85
9138,21,7,2.4,8.38
9139,21,5,2.85,4.52
9140,21,5,2.67,0.67
9141,21,5,3.29,0.9
9142,20,7,3.51,1.3
9143,22,7,3.94,1.5
9144,21,9,3.64,2.0
9145,20,10,3.7,2.6
9146,22,11,4.32,2.86
9147,20,12,3.8,3.75
9148,22,12,4.35,3.95
9149,20,12,3.53,4.95
9150,21,12,4.04,5.29
9151,21,12,3.91,5.86
9152,21,12,4.12,6.43
9153,20,12,3.8,7.35
9154,22,12,4.35,7.23
9155,20,12,3.85,8.55
9156,22,12,4.43,8.32
9157,21,12,4.29,9.29
9158,22,12,4.43,9.41
9159,21,12,4.05,10.43
9160,21,12,4.03,11.0
9161,21,12,4.06,11.57
9162,21,12,4.34,12.14
9163,21,12,3.94,12.71
9164,22,12,4.35,12.68
9165,20,12,3.55,14.55
9166,22,12,4.38,13.77
9167,21,12,4.02,15.0
9168,21,12,4.32,15.57
9169,21,12,4.18,16.14
9170,22,12,4.8,15.95
9171,20,12,4.04,18.15
9172,21,12,4.22,17.86
9173,20,12,3.97,19.35
9174,21,12,4.06,19.0
9175,20,12,3.91,20.55
9176,21,12,4.45,20.14
9177,21,12,4.38,20.71
9178,22,12,4.55,20.32
9179,22,12,4.04,20.86
9180,21,12,3.35,22.43
9181,22,10,2.53,17.86
9182,21,8,1.91,14.95
9183,22,7,1.98,10.77
9184,23,7,2.18,7.04
9185,22,6,2.22,4.0
9186,22,6,2.89,0.64
9187,21,7,2.98,1.0
9188,21,8,3.58,1.38
9189,21,9,4.12,1.81
9190,21,9,4.18,2.24
9191,20,10,4.25,2.85
9192,19,10,4.21,3.53
9193,20,10,4.4,3.85
9194,19,10,4.35,4.58
9195,20,10,5.15,4.85
9196,20,10,4.98,5.35
9197,21,10,5.64,5.57
9198,20,10,5.08,6.35
9199,21,10,5.76,6.52
9200,19,10,4.83,7.74
9201,19,10,4.64,8.26
9202,19,10,4.88,8.79
9203,20,10,4.68,8.85
9204,19,10,4.49,9.84
9205,20,10,4.27,9.85
9206,20,10,4.34,10.35
9207,21,10,4.87,10.33
9208,20,10,4.29,11.35
9209,21,10,4.87,11.29
9210,20,10,4.77,12.35
9211,20,10,4.79,12.85
9212,19,10,4.56,14.05
9213,19,10,4.51,14.58
9214,19,10,4.6,15.11
9215,18,10,4.31,16.5
9216,19,10,4.56,16.16
9217,19,10,4.54,16.68
9218,18,10,4.43,18.17
9219,19,10,4.66,17.74
9220,19,10,4.84,18.26
9221,19,10,5.06,18.79
9222,20,10,5.18,18.35
9223,19,10,4.74,19.84
9224,19,10,3.86,20.37
9225,20,10,3.63,19.85
9226,21,9,2.95,15.29
9227,20,8,2.44,12.2
9228,20,7,2.12,8.35
9229,21,5,2.1,4.24
9230,21,5,2.42,0.67
9231,21,6,3.14,0.95
9232,21,8,3.33,1.33
9233,22,9,4.12,1.68
9234,21,11,3.73,2.29
9235,22,11,4.16,2.68
9236,21,12,3.61,3.38
9237,21,12,3.99,3.95
9238,22,12,4.26,4.32
9239,21,12,3.92,5.1
9240,21,12,4.24,5.67
9241,21,12,4.09,6.24
9242,22,12,4.63,6.5
9243,20,12,4.04,7.75
9244,22,12,4.74,7.59
9245,20,12,4.14,8.95
9246,22,12,4.67,8.68
9247,20,12,4.02,10.15
9248,22,12,4.49,9.77
9249,20,12,3.72,11.35
9250,21,12,4.22,11.38
9251,21,12,3.89,11.95
9252,21,12,4.02,12.52
9253,22,12,4.32,12.5
9254,21,12,4.21,13.67
9255,20,12,4.04,14.95
9256,22,12,4.7,14.14
9257,20,12,4.13,16.15
9258,22,12,4.79,15.23
9259,20,12,4.01,17.35
9260,22,12,4.71,16.32
9261,20,12,3.81,18.55
9262,21,12,4.31,18.24
9263,21,12,4.13,18.81
9264,21,12,4.27,19.38
9265,20,12,4.23,20.95
9266,21,12,4.64,20.52
9267,20,12,4.42,22.15
9268,22,12,4.64,20.68
9269,20,12,3.52,23.35
9270,21,13,2.48,22.86
9271,20,12,1.89,20.15
9272,21,10,1.88,15.62
9273,21,9,1.41,12.05
9274,22,9,1.82,8.05
9275,22,7,2.33,4.55
9276,22,7,2.98,1.14
9277,21,7,3.45,1.52
9278,21,9,4.13,1.95
9279,20,9,4.34,2.5
9280,21,10,4.54,2.86
9281,20,10,4.34,3.5
9282,20,10,4.59,4.0
9283,21,10,4.76,4.29
9284,21,10,5.05,4.76
9285,20,10,4.55,5.5
9286,21,10,4.97,5.71
9287,20,10,4.55,6.5
9288,21,10,5.08,6.67
9289,21,10,5.09,7.14
9290,21,10,5.03,7.62
9291,20,10,4.77,8.5
9292,20,10,4.55,9.0
9293,19,10,4.22,10.0
9294,19,10,4.36,10.53
9295,19,10,4.23,11.05
9296,19,10,4.48,11.58
9297,19,10,4.5,12.11
9298,18,10,3.88,13.33
9299,18,10,3.78,13.89
9300,19,10,3.92,13.68
9301,19,10,4.13,14.21
9302,19,10,4.41,14.74
9303,20,10,4.75,14.5
9304,18,10,4.06,16.67
9305,19,10,4.34,16.32
9306,20,10,4.56,16.0
9307,21,10,4.97,15.71
9308,20,10,4.36,17.0
9309,21,10,4.88,16.67
9310,21,10,4.72,17.14
9311,21,10,4.71,17.62
9312,20,10,4.39,19.0
9313,21,10,4.62,18.57
9314,20,10,4.18,20.0
9315,20,11,3.09,20.55
9316,21,10,2.86,15.71
9317,20,9,2.14,12.6
9318,22,8,1.94,7.91
9319,22,6,2.34,4.36
9320,21,6,2.38,0.95
9321,22,6,2.7,1.18
9322,21,8,2.86,1.62
9323,21,10,3.27,2.1
9324,23,10,4.06,2.35
9325,21,11,3.84,3.1
9326,21,12,3.89,3.67
9327,21,12,3.88,4.24
9328,20,12,3.78,5.05
9329,21,12,4.02,5.38
9330,21,12,4.5,5.95
9331,22,12,4.76,6.23
9332,21,12,4.46,7.1
9333,22,12,4.78,7.32
9334,20,12,3.99,8.65
9335,21,12,4.44,8.81
9336,20,12,3.82,9.85
9337,21,12,4.64,9.95
9338,21,12,4.26,10.52
9339,21,12,4.4,11.1
9340,21,12,4.32,11.67
9341,21,12,4.46,12.24
9342,20,12,4.17,13.45
9343,22,12,4.87,12.77
9344,20,12,4.35,14.65
9345,21,12,4.4,14.52
9346,20,12,4.15,15.85
9347,22,12,4.83,14.95
9348,20,12,4.05,17.05
9349,20,12,4.19,17.65
9350,21,12,4.27,17.38
9351,20,12,3.76,18.85
9352,21,12,4.06,18.52
9353,20,12,3.63,20.05
9354,20,12,3.81,20.65
9355,22,12,4.45,19.32
9356,21,12,4.31,20.81
9357,21,12,4.6,21.38
9358,21,12,4.29,21.95
9359,21,12,3.92,22.52
9360,22,12,3.45,22.05
9361,21,11,2.79,19.38
9362,21,9,1.95,15.62
9363,21,8,1.39,11.86
9364,21,7,1.86,8.14
9365,22,6,2.23,4.27
9366,22,6,2.77,0.77
9367,21,7,3.01,1.14
9368,21,7,3.57,1.48
9369,22,9,3.9,1.82
9370,22,10,4.09,2.27
9371,21,10,4.2,2.86
9372,22,10,4.55,3.18
9373,21,10,4.45,3.81
9374,20,10,4.47,4.5
9375,21,10,4.65,4.76
9376,20,10,4.4,5.5
9377,21,10,5.01,5.71
9378,19,10,4.29,6.84
9379,20,10,4.51,7.0
9380,20,10,4.63,7.5
9381,20,10,4.27,8.0
9382,20,10,4.41,8.5
9383,20,10,4.23,9.0
9384,20,10,3.91,9.5
9385,21,10,4.28,9.52
9386,21,10,3.97,10.0
9387,22,10,4.46,10.0
9388,21,10,4.48,10.95
9389,22,10,4.59,10.91
9390,21,10,4.5,11.9
9391,20,10,4.28,13.0
9392,21,10,4.29,12.86
9393,21,10,4.34,13.33
9394,22,10,4.48,13.18
9395,21,10,4.36,14.29
9396,21,10,4.39,14.76
9397,22,10,4.51,14.55
9398,21,10,4.53,15.71
9399,21,10,4.81,16.19
9400,21,10,4.81,16.67
9401,21,10,4.76,17.14
9402,21,10,4.97,17.62
9403,21,11,4.48,18.14
9404,20,11,3.8,19.6
9405,21,11,3.14,19.19
9406,20,9,2.64,16.25
9407,21,8,2.67,11.76
9408,21,8,2.31,8.14
9409,22,7,2.77,4.36
9410,21,6,2.95,1.0
9411,21,7,3.44,1.33
9412,21,9,3.21,1.76
9413,23,9,3.91,2.0
9414,22,10,4.04,2.55
9415,20,11,3.47,3.35
9416,22,12,4.22,3.59
9417,21,12,4.12,4.33
9418,22,12,4.34,4.68
9419,21,12,4.19,5.48
9420,21,12,4.38,6.05
9421,21,12,4.43,6.62
9422,21,12,4.7,7.19
9423,21,12,4.46,7.76
9424,21,12,4.39,8.33
9425,21,12,4.1,8.9
9426,21,12,4.05,9.48
9427,20,12,3.9,10.55
9428,21,12,4.13,10.62
9429,20,12,3.67,11.75
9430,20,12,3.7,12.35
9431,21,12,4.13,12.33
9432,21,12,4.13,12.9
9433,21,12,3.84,13.48
9434,22,12,4.35,13.41
9435,21,12,4.08,14.62
9436,21,12,3.76,15.19
9437,20,12,3.55,16.55
9438,22,12,3.92,15.59
9439,21,12,3.62,16.9
9440,21,12,3.8,17.48
9441,22,12,4.01,17.23
9442,21,12,3.89,18.62
9443,21,12,4.08,19.19
9444,22,12,4.27,18.86
9445,21,12,4.25,20.33
9446,22,12,4.53,19.95
9447,21,12,4.27,21.48
9448,21,12,4.18,22.05
9449,23,12,4.39,20.65
9450,21,12,3.12,23.19
9451,23,12,2.92,17.74
9452,21,10,1.89,15.76
9453,22,8,2.01,11.41
9454,22,8,1.69,7.91
9455,22,6,2.2,4.32
9456,22,5,3.01,0.73
9457,21,7,3.36,1.1
9458,21,7,4.03,1.43
9459,21,8,4.3,1.81
9460,21,9,4.48,2.24
9461,20,10,4.69,2.85
9462,20,10,4.79,3.35
9463,19,10,4.57,4.05
9464,20,10,5.07,4.35
9465,20,10,5.18,4.85
9466,20,10,5.04,5.35
9467,20,10,5.05,5.85
9468,19,10,4.88,6.68
9469,20,10,4.9,6.85
9470,19,10,4.83,7.74
9471,19,10,4.68,8.26
9472,20,10,4.94,8.35
9473,19,10,4.47,9.32
9474,19,10,4.2,9.84
9475,19,10,4.21,10.37
9476,19,10,4.32,10.89
9477,21,10,4.85,10.33
9478,20,10,4.59,11.35
9479,21,10,4.75,11.29
9480,20,10,4.38,12.35
9481,21,10,4.79,12.24
9482,20,10,4.41,13.35
9483,21,10,4.85,13.19
9484,20,10,4.41,14.35
9485,21,10,4.86,14.14
9486,19,10,4.28,16.16
9487,19,10,3.88,16.68
9488,19,10,3.92,17.21
9489,20,10,3.66,16.85
9490,20,10,3.82,17.35
9491,20,10,4.09,17.85
9492,21,10,4.02,17.48
9493,21,10,4.16,17.95
9494,20,10,4.09,19.35
9495,21,10,3.78,18.9
9496,21,8,3.56,15.1
9497,21,7,2.93,11.43
9498,21,6,2.47,7.71
9499,21,5,2.59,4.1
9500,21,4,3.12,0.48
9501,21,6,3.27,0.76
9502,21,6,3.4,1.05
9503,21,8,4.02,1.43
9504,21,10,3.76,1.9
9505,21,11,4.41,2.43
9506,21,12,4.16,3.0
9507,21,12,4.39,3.57
9508,21,12,3.89,4.14
9509,21,12,4.04,4.71
9510,22,12,4.11,5.05
9511,21,12,3.72,5.86
9512,21,12,3.82,6.43
9513,22,12,4.06,6.68
9514,21,12,3.66,7.57
9515,21,12,3.85,8.14
9516,22,12,4.15,8.32
9517,21,12,3.92,9.29
9518,21,12,4.05,9.86
9519,22,12,4.4,9.95
9520,21,12,4.23,11.0
9521,22,12,4.45,11.05
9522,21,12,4.22,12.14
9523,20,12,3.81,13.35
9524,22,12,4.47,12.68
9525,20,12,3.78,14.55
9526,21,12,4.54,14.43
9527,20,12,3.71,15.75
9528,21,12,4.26,15.57
9529,21,12,3.99,16.14
9530,22,12,4.53,15.95
9531,20,12,3.95,18.15
9532,22,12,4.66,17.05
9533,20,12,3.92,19.35
9534,22,12,4.47,18.14
9535,21,12,4.08,19.57
9536,20,12,3.82,21.15
9537,21,12,4.04,20.71
9538,20,12,3.44,22.35
9539,21,13,3.1,21.9
9540,22,13,2.89,21.5
9541,20,11,1.88,19.85
9542,22,11,1.72,14.68
9543,21,10,1.48,11.86
9544,21,9,1.82,8.38
9545,22,8,2.19,4.64
9546,22,7,2.81,1.27
9547,21,8,2.96,1.71
9548,21,8,3.54,2.1
9549,21,9,4.08,2.52
9550,22,10,4.27,2.86
9551,21,10,4.42,3.48
9552,21,10,4.86,3.95
9553,21,10,4.84,4.43
9554,20,10,4.75,5.15
9555,21,10,5.17,5.38
9556,20,10,4.76,6.15
9557,20,10,5.09,6.65
9558,20,10,5.06,7.15
9559,19,10,4.77,8.05
9560,20,10,4.77,8.15
9561,20,10,4.81,8.65
9562,20,10,4.95,9.15
9563,20,10,4.74,9.65
9564,20,10,4.92,10.15
9565,19,10,4.82,11.21
9566,20,10,4.88,11.15
9567,19,10,4.64,12.26
9568,20,10,4.72,12.15
9569,20,10,4.93,12.65
9570,20,10,5.18,13.15
9571,20,10,5.19,13.65
9572,19,10,4.9,14.89
9573,19,10,5.09,15.42
9574,19,10,4.92,15.95
9575,19,10,5.18,16.47
9576,19,10,4.91,17.0
9577,20,10,5.29,16.65
9578,19,10,4.56,18.05
9579,20,10,5.04,17.65
9580,18,10,4.22,20.17
9581,20,10,4.85,18.65
9582,19,10,4.58,20.16
9583,20,10,4.36,19.65
9584,20,11,4.12,20.2
9585,21,12,3.31,19.81
9586,21,11,2.91,16.0
9587,20,9,2.27,12.85
9588,22,8,2.24,8.09
9589,21,7,1.99,4.81
9590,21,7,2.46,1.19
9591,22,9,2.82,1.55
9592,21,9,2.96,2.05
9593,23,10,3.6,2.3
9594,22,11,3.66,2.91
9595,21,12,3.74,3.62
9596,22,12,4.13,4.0
9597,22,12,4.47,4.55
9598,21,12,4.26,5.33
9599,21,12,4.15,5.9
9600,21,12,4.37,6.48
9601,20,12,3.92,7.4
9602,21,12,4.33,7.62
9603,20,12,4.09,8.6
9604,22,12,4.58,8.36
9605,20,12,3.87,9.8
9606,22,12,4.37,9.45
9607,20,12,3.63,11.0
9608,21,12,4.25,11.05
9609,21,12,3.96,11.62
9610,22,12,4.54,11.64
9611,21,12,3.95,12.76
9612,22,12,4.36,12.73
9613,20,12,3.84,14.6
9614,22,12,4.31,13.82
9615,20,12,3.75,15.8
9616,21,12,4.36,15.62
9617,21,12,4.15,16.19
9618,21,12,4.14,16.76
9619,21,12,3.93,17.33
9620,21,12,4.07,17.9
9621,20,12,3.77,19.4
9622,22,12,4.41,18.18
9623,21,12,4.23,19.62
9624,22,12,4.36,19.27
9625,20,12,3.57,21.8
9626,21,12,4.15,21.33
9627,21,12,3.83,21.9
9628,21,12,3.84,22.48
9629,21,12,2.99,23.05
9630,22,12,2.74,22.55
9631,20,12,1.58,20.9
9632,22,10,1.57,15.41
9633,22,9,1.95,11.77
9634,22,8,1.9,8.23
9635,22,7,2.26,4.64
9636,22,6,2.76,1.0
9637,21,9,3.01,1.48
9638,21,9,3.63,1.9
9639,20,10,3.87,2.5
9640,20,10,4.09,3.0
9641,21,10,4.68,3.33
9642,20,10,4.15,4.0
9643,21,10,4.79,4.29
9644,19,10,4.28,5.26
9645,21,10,4.84,5.24
9646,20,10,4.68,6.0
9647,22,10,5.13,5.91
9648,20,10,4.76,7.0
9649,21,10,5.16,7.14
9650,20,10,4.64,8.0
9651,20,10,4.63,8.5
9652,19,10,4.54,9.47
9653,20,10,4.73,9.5
9654,20,10,4.9,10.0
9655,19,10,4.24,11.05
9656,20,10,4.51,11.0
9657,20,10,4.54,11.5
9658,20,10,4.27,12.0
9659,20,10,4.41,12.5
9660,22,10,5.07,11.82
9661,20,10,4.64,13.5
9662,20,10,4.8,14.0
9663,19,10,4.79,15.26
9664,20,10,5.02,15.0
9665,19,10,5.06,16.32
9666,20,10,5.13,16.0
9667,18,10,4.37,18.33
9668,20,10,4.78,17.0
9669,20,10,4.87,17.5
9670,19,10,4.45,18.95
9671,20,10,4.7,18.5
9672,20,10,4.86,19.0
9673,20,10,4.16,19.5
9674,20,10,3.31,20.0
9675,21,11,2.92,19.57
9676,19,9,1.81,17.37
9677,19,8,1.8,13.21
9678,19,7,2.03,9.11
9679,20,6,1.97,4.75
9680,20,6,2.74,0.85
9681,20,7,3.51,1.2
9682,20,8,3.64,1.6
9683,21,8,4.2,1.9
9684,20,9,3.88,2.45
9685,21,10,3.91,2.81
9686,22,10,4.3,3.14
9687,21,11,4.23,3.81
9688,22,11,4.29,4.14
9689,21,12,4.14,4.9
9690,22,12,4.34,5.23
9691,21,12,4.15,6.05
9692,21,12,4.17,6.62
9693,21,12,3.86,7.19
9694,22,12,4.35,7.41
9695,20,12,3.73,8.75
9696,22,12,4.4,8.5
9697,20,12,3.88,9.95
9698,20,12,3.9,10.55
9699,21,12,4.21,10.62
9700,21,12,4.17,11.19
9701,21,12,4.2,11.76
9702,22,12,4.85,11.77
9703,21,12,4.08,12.9
9704,22,12,4.61,12.86
9705,20,12,4.08,14.75
9706,22,12,4.76,13.95
9707,20,12,4.24,15.95
9708,22,12,4.74,15.05
9709,20,12,3.98,17.15
9710,22,12,4.46,16.14
9711,21,12,4.21,17.48
9712,22,12,4.17,17.23
9713,21,12,3.88,18.62
9714,21,12,3.89,19.19
9715,21,12,3.78,19.76
9716,22,12,4.28,19.41
9717,21,12,4.21,20.9
9718,22,12,4.21,20.5
9719,22,12,3.98,21.05
9720,22,12,3.15,21.59
9721,22,11,2.42,18.05
9722,21,9,1.75,15.19
9723,23,9,1.78,10.57
9724,22,8,1.56,7.64
9725,22,6,1.99,4.18
9726,22,6,2.66,0.86
9727,21,6,2.93,1.19
9728,21,9,3.71,1.62
9729,21,10,4.24,2.1
9730,22,10,4.6,2.45
9731,21,10,4.56,3.05
9732,20,10,4.44,3.7
9733,21,10,5.07,4.0
9734,19,10,4.6,4.95
9735,21,10,5.0,4.95
9736,19,10,4.35,6.0
9737,21,10,4.93,5.9
9738,20,10,4.63,6.7
9739,20,10,4.46,7.2
9740,20,10,4.44,7.7
9741,20,10,4.22,8.2
9742,20,10,3.81,8.7
9743,21,10,4.13,8.76
9744,21,10,4.2,9.24
9745,23,10,4.63,8.87
9746,21,10,4.38,10.19
9747,21,10,4.56,10.67
9748,21,10,4.47,11.14
9749,20,10,4.36,12.2
9750,19,10,4.26,13.37
9751,20,10,4.45,13.2
9752,20,10,4.83,13.7
9753,20,10,4.9,14.2
9754,19,10,4.58,15.47
9755,19,10,4.79,16.0
9756,19,10,4.6,16.53
9757,20,10,5.29,16.2
9758,19,10,4.69,17.58
9759,20,10,5.23,17.2
9760,18,10,4.45,19.67
9761,20,10,4.99,18.2
9762,19,10,4.74,19.68
9763,20,10,4.66,19.2
9764,20,10,4.71,19.7
9765,20,10,4.02,20.2
9766,20,8,3.54,16.2
9767,19,6,2.59,12.79
9768,20,5,2.97,8.2
9769,20,5,2.68,4.35
9770,20,5,2.91,0.45
9771,20,6,2.64,0.75
9772,20,6,3.17,1.05
9773,22,7,3.82,1.27
9774,22,8,3.86,1.64
9775,20,9,3.24,2.25
9776,22,11,3.95,2.55
9777,22,12,4.21,3.09
9778,21,12,4.11,3.81
9779,21,12,3.82,4.38
9780,21,12,4.01,4.95
9781,20,12,3.56,5.8
9782,22,12,4.37,5.82
9783,22,12,4.38,6.36
9784,22,12,4.27,6.91
9785,21,12,4.03,7.81
9786,21,12,4.08,8.38
9787,22,12,4.46,8.55
9788,21,12,4.2,9.52
9789,21,12,4.02,10.1
9790,21,12,4.31,10.67
9791,20,12,3.84,11.8
9792,22,12,4.36,11.27
9793,20,12,3.45,13.0
9794,21,12,3.86,12.95
9795,21,12,3.78,13.52
9796,21,12,4.08,14.1
9797,20,12,3.7,15.4
9798,22,12,4.33,14.55
9799,21,12,4.2,15.81
9800,22,12,4.4,15.64
9801,21,12,4.0,16.95
9802,21,12,4.14,17.52
9803,22,12,4.47,17.27
9804,21,12,4.1,18.67
9805,20,12,3.93,20.2
9806,22,12,4.72,18.91
9807,20,12,4.2,21.4
9808,22,12,4.47,20.0
9809,20,12,3.29,22.6
9810,22,12,2.82,21.09
9811,21,10,2.27,18.52
9812,21,10,1.72,14.95
9813,22,8,1.96,10.86
9814,21,7,1.81,7.76
9815,22,7,2.25,4.14
9816,22,6,2.98,0.82
9817,21,7,3.08,1.19
9818,21,8,3.83,1.57
9819,21,9,4.49,2.0
9820,21,10,4.29,2.48
9821,21,10,4.67,2.95
9822,19,10,4.33,3.79
9823,21,10,4.97,3.9
9824,20,10,4.89,4.6
9825,21,10,4.96,4.86
9826,20,10,4.71,5.6
9827,21,10,4.71,5.81
9828,20,10,4.34,6.6
9829,21,10,4.72,6.76
9830,21,10,4.43,7.24
9831,21,10,4.55,7.71
9832,20,10,4.36,8.6
9833,20,10,4.11,9.1
9834,20,10,4.4,9.6
9835,18,10,3.6,11.22
9836,20,10,4.07,10.6
9837,20,10,4.13,11.1
9838,21,10,4.03,11.05
9839,21,10,4.21,11.52
9840,21,10,4.39,12.0
9841,22,10,4.37,11.91
9842,22,10,4.67,12.36
9843,20,10,4.3,14.1
9844,22,10,4.95,13.27
9845,20,10,4.56,15.1
9846,20,10,4.79,15.6
9847,21,10,5.0,15.33
9848,21,10,5.09,15.81
9849,20,10,4.72,17.1
9850,20,10,4.74,17.6
9851,19,10,4.42,19.05
9852,19,10,4.28,19.58
9853,19,10,4.5,20.11
9854,19,10,4.27,20.63
9855,19,11,4.04,21.21
9856,19,9,3.31,17.05
9857,19,7,3.29,12.95
9858,20,6,3.59,8.35
9859,19,5,3.33,4.68
9860,20,4,3.2,0.6
9861,20,4,3.79,0.8
9862,20,6,3.71,1.1
9863,22,7,4.28,1.32
9864,20,8,3.39,1.85
9865,21,9,3.5,2.19
9866,22,10,3.64,2.55
9867,22,10,4.02,3.0
9868,21,11,3.85,3.67
9869,22,11,4.22,4.0
9870,22,12,4.44,4.55
9871,21,12,3.79,5.33
9872,22,12,4.35,5.64
9873,21,12,3.92,6.48
9874,22,12,4.1,6.73
9875,20,12,3.49,8.0
9876,21,12,4.06,8.19
9877,21,12,3.71,8.76
9878,21,12,3.81,9.33
9879,21,12,4.0,9.9
9880,22,12,4.26,10.0
9881,22,12,4.59,10.55
9882,21,12,4.41,11.62
9883,22,12,4.67,11.64
9884,20,12,3.86,13.4
9885,22,12,4.38,12.73
9886,20,12,3.52,14.6
9887,22,12,4.06,13.82
9888,22,12,4.34,14.36
9889,21,12,3.98,15.62
9890,21,12,3.85,16.19
9891,22,12,4.44,16.0
9892,20,12,3.83,18.2
9893,22,12,4.64,17.09
9894,20,12,3.95,19.4
9895,22,12,4.3,18.18
9896,20,12,3.3,20.6
9897,21,12,3.88,20.19
9898,22,12,3.86,19.82
9899,21,12,2.97,21.33
9900,22,12,2.77,20.91
9901,22,11,2.25,17.45
9902,21,10,1.75,14.76
9903,22,9,1.85,10.73
9904,22,8,1.58,7.45
9905,22,7,2.14,4.18
9906,22,6,2.91,0.95
9907,21,7,3.36,1.33
9908,21,8,4.07,1.71
9909,21,9,4.51,2.14
9910,21,10,4.68,2.62
9911,19,10,3.97,3.42
9912,20,10,4.36,3.75
9913,20,10,4.35,4.25
9914,20,10,4.56,4.75
9915,21,10,4.79,5.0
9916,19,10,4.36,6.05
9917,21,10,4.57,5.95
9918,20,10,4.41,6.75
9919,21,10,4.94,6.9
9920,21,10,4.78,7.38
9921,21,10,5.16,7.86
9922,20,10,4.75,8.75
9923,19,10,4.25,9.74
9924,19,10,4.45,10.26
9925,18,10,4.12,11.39
9926,19,10,4.57,11.32
9927,18,10,4.28,12.5
9928,18,10,3.97,13.06
9929,18,10,4.15,13.61
9930,18,10,4.05,14.17
9931,18,10,3.87,14.72
9932,19,10,4.54,14.47
9933,20,10,4.84,14.25
9934,19,10,4.65,15.53
9935,18,10,4.16,16.94
9936,19,10,4.57,16.58
9937,19,10,4.62,17.11
9938,19,10,4.75,17.63
9939,19,10,4.57,18.16
9940,19,10,4.87,18.68
9941,18,10,4.33,20.28
9942,19,10,5.07,19.74
9943,19,10,4.55,20.26
9944,19,10,3.82,20.79
9945,20,10,3.39,20.25
9946,19,8,2.71,17.05
9947,21,8,2.48,11.67
9948,19,8,1.62,8.84
9949,20,6,2.13,4.6
9950,20,4,2.71,0.7
9951,21,6,3.0,0.95
9952,21,6,3.62,1.24
9953,22,8,3.51,1.55
9954,22,9,3.7,1.95
9955,21,11,3.87,2.57
9956,23,12,4.46,2.87
9957,21,12,3.92,3.71
9958,22,12,3.92,4.09
9959,21,12,3.62,4.86
9960,22,12,4.12,5.18
9961,22,12,4.02,5.73
9962,22,12,4.21,6.27
9963,22,12,4.08,6.82
9964,21,12,3.53,7.71
9965,21,12,3.91,8.29
9966,22,12,4.06,8.45
9967,21,12,4.05,9.43
9968,22,12,4.17,9.55
9969,21,12,3.84,10.57
9970,21,12,3.82,11.14
9971,22,12,4.11,11.18
9972,22,12,4.3,11.73
9973,21,12,4.23,12.86
9974,22,12,4.43,12.82
9975,21,12,4.29,14.0
9976,22,12,4.6,13.91
9977,20,12,3.71,15.9
9978,21,12,4.13,15.71
9979,21,12,3.8,16.29
9980,21,12,4.01,16.86
9981,21,12,3.95,17.43
9982,21,12,3.86,18.0
9983,21,12,3.96,18.57
9984,22,12,4.21,18.27
9985,22,12,4.37,18.82
9986,21,12,4.12,20.29
9987,22,12,4.31,19.91
9988,21,12,3.84,21.43
9989,22,12,2.87,21.0
9990,21,12,2.1,22.57
9991,21,12,1.48,18.95
9992,22,11,1.65,14.59
9993,22,9,1.86,11.18
9994,22,8,1.76,7.82
9995,22,8,2.37,4.5
9996,22,6,3.01,1.09
9997,21,8,3.26,1.52
9998,21,9,3.98,1.95
9999,20,10,4.19,2.55
10000,21,10,4.59,2.9
10001,20,10,4.55,3.55
10002,20,10,4.24,4.05
10003,19,10,3.79,4.79
10004,20,10,3.92,5.05
10005,21,10,4.46,5.29
10006,21,10,4.56,5.76
10007,21,10,4.38,6.24
10008,21,10,4.55,6.71
10009,21,10,4.65,7.19
10010,21,10,4.73,7.67
10011,21,10,4.82,8.14
10012,21,10,4.9,8.62
10013,21,10,4.96,9.1
10014,20,10,4.63,10.05
10015,21,10,4.96,10.05
10016,20,10,4.65,11.05
10017,20,10,4.96,11.55
10018,20,10,4.87,12.05
10019,20,10,5.07,12.55
10020,20,10,4.69,13.05
10021,20,10,4.94,13.55
10022,19,10,4.86,14.79
10023,19,10,4.61,15.32
10024,20,10,5.29,15.05
10025,18,10,4.71,17.28
10026,20,10,5.35,16.05
10027,19,10,5.12,17.42
10028,20,10,5.36,17.05
10029,18,10,4.57,19.5
10030,20,10,5.19,18.05
10031,19,10,4.72,19.53
10032,19,10,5.02,20.05
10033,19,10,4.61,20.58
10034,19,10,4.6,21.11
10035,20,10,4.1,20.55
10036,20,8,3.54,16.45
10037,21,7,3.35,11.81
10038,20,7,3.19,8.45
10039,21,5,3.29,4.29
10040,21,4,2.94,0.52
10041,21,5,3.39,0.76
10042,20,7,3.51,1.15
10043,23,9,3.95,1.39
10044,22,9,4.0,1.86
10045,21,10,3.74,2.43
10046,22,11,4.12,2.82
10047,22,12,4.2,3.36
10048,22,12,4.24,3.91
10049,21,12,4.04,4.67
10050,21,12,4.14,5.24
10051,22,12,4.2,5.55
10052,21,12,4.06,6.38
10053,22,12,4.24,6.64
10054,21,12,4.03,7.52
10055,21,12,4.27,8.1
10056,22,12,4.5,8.27
10057,21,12,4.22,9.24
10058,21,12,4.03,9.81
10059,21,12,3.98,10.38
10060,21,12,4.28,10.95
10061,22,12,4.38,11.0
10062,20,12,3.7,12.7
10063,21,12,4.18,12.67
10064,20,12,3.5,13.9
10065,21,12,4.1,13.81
10066,21,12,3.78,14.38
10067,22,12,4.18,14.27
10068,20,12,3.48,16.3
10069,22,12,4.09,15.36
10070,21,12,3.88,16.67
10071,22,12,4.3,16.45
10072,21,12,3.8,17.81
10073,21,12,4.05,18.38
10074,22,12,4.02,18.09
10075,21,12,3.8,19.52
10076,21,12,4.06,20.1
10077,22,12,4.1,19.73
10078,22,12,3.8,20.27
10079,22,12,2.86,20.82
10080,23,13,2.43,20.48
10081,21,11,1.38,18.81
10082,22,11,1.33,14.55
10083,23,9,1.66,10.7
10084,22,8,1.7,7.77
10085,22,7,2.05,4.41
10086,22,6,2.81,1.05
10087,21,7,3.08,1.43
10088,21,9,3.9,1.86
10089,21,9,4.5,2.29
10090,21,10,4.55,2.76
10091,21,10,4.84,3.24
10092,20,10,4.49,3.9
10093,20,10,4.34,4.4
10094,19,10,4.25,5.16
10095,21,10,4.96,5.14
10096,20,10,4.78,5.9
10097,21,10,5.0,6.1
10098,20,10,4.73,6.9
10099,21,10,5.31,7.05
10100,20,10,4.65,7.9
10101,21,10,5.14,8.0
10102,20,10,4.72,8.9
10103,21,10,5.23,8.95
10104,20,10,5.15,9.9
10105,20,10,4.97,10.4
10106,20,10,5.11,10.9
10107,19,10,4.97,12.0
10108,20,10,5.24,11.9
10109,20,10,5.31,12.4
10110,19,10,4.56,13.58
10111,20,10,5.22,13.4
10112,18,10,4.7,15.44
10113,20,10,5.24,14.4
10114,18,10,4.61,16.56
10115,20,10,4.94,15.4
10116,18,10,4.21,17.67
10117,19,10,4.59,17.26
10118,20,10,4.84,16.9
10119,20,10,5.1,17.4
10120,20,10,4.94,17.9
10121,19,10,4.43,19.37
10122,20,10,4.24,18.9
10123,20,10,4.41,19.4
10124,20,10,4.53,19.9
10125,20,10,4.25,20.4
10126,20,9,3.68,16.35
10127,18,7,2.54,13.67
10128,19,5,2.61,8.79
10129,18,4,2.36,4.83
10130,18,3,2.8,0.44
10131,20,5,2.99,0.65
10132,19,5,3.31,0.95
10133,21,7,4.02,1.19
10134,22,7,4.36,1.45
10135,20,8,3.76,2.0
10136,22,9,4.4,2.23
10137,21,9,3.84,2.76
10138,23,10,4.39,2.96
10139,22,10,4.2,3.55
10140,21,12,3.72,4.29
10141,22,12,4.06,4.64
10142,21,12,3.94,5.43
10143,21,12,3.93,6.0
10144,22,12,4.23,6.27
10145,21,12,4.02,7.14
10146,22,12,4.31,7.36
10147,21,12,4.09,8.29
10148,21,12,4.12,8.86
10149,22,12,4.53,9.0
10150,22,12,4.77,9.55
10151,21,12,4.24,10.57
10152,21,12,4.41,11.14
10153,21,12,4.15,11.71
10154,21,12,3.95,12.29
10155,20,12,3.46,13.5
10156,22,12,4.15,12.82
10157,21,12,3.91,14.0
10158,21,12,4.14,14.57
10159,22,12,4.24,14.45
10160,21,12,4.08,15.71
10161,22,12,4.48,15.55
10162,21,12,4.15,16.86
10163,20,12,3.9,18.3
10164,22,12,4.43,17.18
10165,20,12,3.75,19.5
10166,22,12,4.38,18.27
10167,20,12,3.62,20.7
10168,21,12,3.87,20.29
10169,21,13,3.07,20.9
10170,22,13,2.78,20.55
10171,20,13,1.59,18.95
10172,22,12,1.58,13.95
10173,21,10,1.46,11.19
10174,21,9,1.88,7.95
10175,22,9,2.23,4.59
10176,21,8,2.41,1.57
10177,21,8,3.08,1.95
10178,21,9,3.87,2.38
10179,20,9,4.04,2.95
10180,21,10,4.31,3.29
10181,21,10,4.74,3.76
10182,19,10,4.31,4.68
10183,21,10,5.17,4.71
10184,19,10,4.75,5.74
10185,20,10,5.01,5.95
10186,18,10,4.27,7.17
10187,20,10,4.81,6.95
10188,19,10,4.48,7.84
10189,19,10,4.69,8.37
10190,19,10,4.38,8.89
10191,18,10,4.09,9.94
10192,19,10,4.42,9.95
10193,19,10,4.69,10.47
10194,19,10,4.83,11.0
10195,19,10,4.51,11.53
10196,18,10,4.26,12.72
10197,19,10,4.41,12.58
10198,19,10,4.53,13.11
10199,19,10,4.69,13.63
10200,19,10,4.72,14.16
10201,19,10,4.85,14.68
10202,18,10,4.82,16.06
10203,19,10,5.14,15.74
10204,18,10,4.85,17.17
10205,20,10,5.31,15.95
10206,18,10,4.61,18.28
10207,20,10,5.11,16.95
10208,19,10,4.6,18.37
10209,19,10,4.18,18.89
10210,18,10,3.66,20.5
10211,18,10,3.65,21.06
10212,19,10,3.94,20.47
10213,19,10,4.25,21.0
10214,20,10,4.25,20.45
10215,20,10,3.96,20.95
10216,20,8,3.3,16.75
10217,20,6,2.53,12.6
10218,19,6,1.92,8.95
10219,20,4,2.16,4.45
10220,21,3,2.48,0.33
10221,21,5,3.08,0.57
10222,21,5,3.04,0.76
10223,22,6,3.62,1.0
10224,22,7,3.96,1.32
10225,21,9,3.78,1.81
10226,22,10,4.22,2.18
10227,22,11,4.39,2.68
10228,22,11,4.23,3.18
10229,21,12,3.93,3.9
10230,21,12,4.06,4.48
10231,21,12,3.83,5.05
10232,22,12,4.42,5.36
10233,20,12,3.88,6.5
10234,22,12,4.61,6.45
10235,20,12,3.8,7.7
10236,21,12,4.24,7.9
10237,21,12,4.25,8.48
10238,21,12,4.33,9.05
10239,21,12,4.15,9.62
10240,21,12,4.2,10.19
10241,21,12,4.14,10.76
10242,21,12,3.99,11.33
10243,20,12,3.76,12.5
10244,22,12,4.3,11.91
10245,21,12,4.1,13.05
10246,22,12,4.16,13.0
10247,22,12,4.34,13.55
10248,21,12,4.08,14.76
10249,21,12,3.97,15.33
10250,21,12,3.97,15.9
10251,20,12,3.91,17.3
10252,22,12,4.52,16.27
10253,20,12,3.84,18.5
10254,22,12,4.42,17.36
10255,20,12,3.75,19.7
10256,21,12,4.27,19.33
10257,21,12,4.01,19.9
10258,21,12,3.73,20.48
10259,22,12,3.44,20.09
10260,21,13,2.4,21.67
10261,21,12,1.58,18.14
10262,22,11,1.52,14.05
10263,22,9,1.75,10.82
10264,23,9,2.1,7.26
10265,22,7,2.36,4.36
10266,22,7,3.05,1.18
10267,21,9,3.37,1.67
10268,21,9,4.11,2.1
10269,20,9,4.41,2.65
10270,21,10,4.8,3.0
10271,19,10,4.48,3.84
10272,20,10,4.87,4.15
10273,19,10,4.49,4.89
10274,20,10,4.66,5.15
10275,20,10,4.91,5.65
10276,20,10,4.96,6.15
10277,19,10,4.32,7.0
10278,20,10,5.0,7.15
10279,19,10,4.78,8.05
10280,20,10,5.19,8.15
10281,19,10,4.94,9.11
10282,19,10,5.07,9.63
10283,19,10,4.82,10.16
10284,19,10,5.04,10.68
10285,19,10,4.67,11.21
10286,19,10,4.76,11.74
10287,19,10,4.68,12.26
10288,20,10,4.94,12.15
10289,19,10,4.64,13.32
10290,20,10,4.72,13.15
10291,20,10,4.85,13.65
10292,20,10,4.44,14.15
10293,20,10,4.49,14.65
10294,20,10,4.58,15.15
10295,20,10,4.35,15.65
10296,21,10,4.63,15.38
10297,21,10,4.37,15.86
10298,21,10,4.4,16.33
10299,20,10,4.26,17.65
10300,22,10,4.81,16.5
10301,20,10,4.29,18.65
10302,21,10,4.81,18.24
10303,21,10,4.44,18.71
10304,21,10,3.84,19.19
10305,21,11,3.1,19.71
10306,20,10,2.05,16.65
10307,21,9,2.32,12.1
10308,20,8,1.79,8.8
10309,21,7,1.99,4.67
10310,21,6,2.58,1.0
10311,22,7,3.06,1.27
10312,21,7,3.28,1.67
10313,22,9,3.99,2.0
10314,21,11,3.76,2.62
10315,22,11,4.25,3.0
10316,22,12,4.49,3.55
10317,21,12,4.53,4.29
10318,22,12,4.91,4.64
10319,20,12,4.15,5.7
10320,22,12,4.47,5.73
10321,20,12,3.6,6.9
10322,22,12,4.16,6.82
10323,20,12,3.26,8.1
10324,20,12,3.31,8.7
10325,21,12,3.45,8.86
10326,22,12,3.92,9.0
10327,22,12,4.08,9.55
10328,21,12,4.0,10.57
10329,21,12,3.76,11.14
10330,21,12,4.04,11.71
10331,21,12,3.97,12.29
10332,22,12,4.53,12.27
10333,20,12,3.82,14.1
10334,22,12,4.37,13.36
10335,21,12,4.15,14.57
10336,22,12,4.25,14.45
10337,20,12,3.39,16.5
10338,21,12,3.8,16.29
10339,21,12,3.64,16.86
10340,22,12,4.43,16.64
10341,21,12,3.95,18.0
10342,22,12,4.4,17.73
10343,21,12,3.79,19.14
10344,22,12,4.02,18.82
10345,20,12,3.3,21.3
10346,21,12,3.98,20.86
10347,21,12,3.7,21.43
10348,22,12,4.0,21.0
10349,22,12,3.65,21.55
10350,22,12,2.8,22.09
10351,21,11,1.69,19.33
10352,22,10,1.75,14.91
10353,22,9,1.77,11.36
10354,22,7,1.64,7.82
10355,22,7,2.26,4.36
10356,22,5,2.89,0.86
10357,21,6,3.4,1.19
10358,21,8,4.04,1.57
10359,20,10,4.05,2.15
10360,21,10,4.29,2.52
10361,20,10,4.39,3.15
10362,19,10,4.59,3.84
10363,20,10,4.8,4.15
10364,19,10,4.93,4.89
10365,20,10,4.77,5.15
10366,20,10,4.94,5.65
10367,19,10,4.47,6.47
10368,20,10,4.8,6.65
10369,18,10,4.03,7.94
10370,19,10,4.2,8.05
10371,18,10,3.67,9.06
10372,18,10,3.81,9.61
10373,19,10,4.15,9.63
10374,18,10,3.94,10.72
10375,18,10,3.74,11.28
10376,17,10,3.42,12.53
10377,17,10,3.69,13.12
10378,17,10,3.36,13.71
10379,16,10,3.03,15.19
10380,17,10,3.7,14.88
10381,18,10,3.9,14.61
10382,17,10,3.55,16.06
10383,16,10,3.07,17.69
10384,18,10,3.99,16.28
10385,17,10,3.74,17.82
10386,19,10,4.3,16.47
10387,18,10,3.94,17.94
10388,20,10,4.52,16.65
10389,20,10,4.61,17.15
10390,20,10,5.01,17.65
10391,19,10,4.4,19.11
10392,19,10,4.54,19.63
10393,20,10,4.08,19.15
10394,20,10,3.52,19.65
10395,22,10,3.08,18.32
10396,21,10,2.44,15.43
10397,21,8,1.74,11.71
10398,20,7,1.43,8.45
10399,21,6,1.63,4.43
10400,21,4,2.19,0.71
10401,22,6,2.72,0.95
10402,21,8,3.04,1.38
10403,21,9,3.46,1.81
10404,21,11,3.27,2.33
10405,21,11,3.81,2.86
10406,22,12,3.88,3.27
10407,21,12,3.83,4.0
10408,21,12,3.98,4.57
10409,22,12,4.38,4.91
10410,21,12,4.17,5.71
10411,22,12,4.46,6.0
10412,22,12,4.65,6.55
10413,21,12,4.52,7.43
10414,21,12,4.26,8.0
10415,20,12,4.06,9.0
10416,22,12,4.66,8.73
10417,20,12,3.88,10.2
10418,21,12,4.35,10.29
10419,21,12,3.99,10.86
10420,21,12,4.19,11.43
10421,21,12,3.93,12.0
10422,21,12,3.97,12.57
10423,20,12,3.57,13.8
10424,22,12,4.29,13.09
10425,21,12,4.15,14.29
10426,21,12,4.25,14.86
10427,21,12,3.99,15.43
10428,22,12,4.54,15.27
10429,21,12,4.37,16.57
10430,21,12,4.25,17.14
10431,21,12,4.25,17.71
10432,22,12,4.58,17.45
10433,21,12,4.2,18.86
10434,21,12,4.08,19.43
10435,22,12,4.37,19.09
10436,21,12,4.18,20.57
10437,22,12,4.5,20.18
10438,21,12,4.27,21.71
10439,22,12,4.46,21.27
10440,21,12,3.72,22.86
10441,22,11,3.49,18.23
10442,22,9,2.75,14.68
10443,22,9,2.21,11.27
10444,22,8,2.48,7.82
10445,22,7,2.4,4.36
10446,22,6,3.07,0.91
10447,21,8,3.23,1.33
10448,21,8,3.73,1.71
10449,20,9,3.71,2.25
10450,21,10,3.93,2.62
10451,20,10,3.89,3.25
10452,20,10,3.82,3.75
10453,21,10,4.28,4.05
10454,21,10,4.55,4.52
10455,22,10,4.84,4.77
10456,20,10,4.37,5.75
10457,21,10,4.93,5.95
10458,20,10,4.39,6.75
10459,21,10,4.96,6.9
10460,19,10,4.35,8.16
10461,21,10,4.97,7.86
10462,20,10,4.86,8.75
10463,19,10,4.74,9.74
10464,20,10,5.08,9.75
10465,19,10,4.84,10.79
10466,20,10,5.16,10.75
10467,20,10,5.0,11.25
10468,20,10,4.87,11.75
10469,20,10,4.63,12.25
10470,21,10,4.97,12.14
10471,19,10,4.18,13.95
10472,19,10,4.25,14.47
10473,19,10,4.08,15.0
10474,19,10,4.13,15.53
10475,19,10,4.32,16.05
10476,19,10,3.97,16.58
10477,20,10,4.49,16.25
10478,20,10,4.28,16.75
10479,19,10,4.07,18.16
10480,19,10,4.31,18.68
10481,19,10,4.5,19.21
10482,20,10,4.67,18.75
10483,20,10,4.51,19.25
10484,20,10,3.88,19.75
10485,20,10,3.4,20.25
10486,21,9,2.63,15.52
10487,20,8,2.37,12.4
10488,20,7,2.28,8.5
10489,20,5,2.95,4.6
10490,21,5,2.91,0.67
10491,21,6,3.27,0.95
10492,20,6,3.34,1.3
10493,22,7,3.88,1.5
10494,22,8,4.04,1.86
10495,21,10,4.05,2.43
10496,22,10,4.39,2.77
10497,21,12,4.06,3.48
10498,23,12,4.54,3.7
10499,21,12,3.91,4.62
10500,23,12,4.42,4.74
10501,22,12,4.21,5.5
10502,21,12,3.69,6.33
10503,22,12,4.0,6.59
10504,21,12,3.7,7.48
10505,21,12,3.89,8.05
10506,22,12,3.99,8.23
10507,21,12,3.85,9.19
10508,21,12,4.09,9.76
10509,21,12,3.65,10.33
10510,21,12,4.01,10.9
10511,20,12,3.86,12.05
10512,22,12,4.56,11.5
10513,21,12,4.38,12.62
10514,22,12,4.42,12.59
10515,22,12,4.62,13.14
10516,22,12,4.36,13.68
10517,20,12,3.59,15.65
10518,22,12,4.14,14.77
10519,21,12,3.79,16.05
10520,21,12,3.7,16.62
10521,22,12,4.0,16.41
10522,21,12,3.71,17.76
10523,21,12,3.92,18.33
10524,22,12,4.21,18.05
10525,22,12,4.43,18.59
10526,22,12,4.26,19.14
10527,21,12,3.93,20.62
10528,21,12,4.05,21.19
10529,22,12,4.02,20.77
10530,21,12,3.22,22.33
10531,22,10,2.33,17.77
10532,22,10,2.52,14.27
10533,22,8,2.19,10.86
10534,23,7,2.29,7.13
10535,22,7,2.43,4.18
10536,22,6,2.96,0.82
10537,21,7,3.32,1.19
10538,21,9,3.99,1.62
10539,19,10,3.84,2.32
10540,21,10,4.68,2.57
10541,20,10,4.74,3.2
10542,20,10,4.81,3.7
10543,20,10,4.62,4.2
10544,19,10,4.41,4.95
10545,20,10,4.53,5.2
10546,20,10,4.74,5.7
10547,20,10,4.62,6.2
10548,20,10,4.73,6.7
10549,20,10,4.88,7.2
10550,20,10,4.83,7.7
10551,20,10,4.75,8.2
10552,20,10,4.52,8.7
10553,19,10,4.16,9.68
10554,19,10,4.28,10.21
10555,17,10,3.58,12.0
10556,19,10,4.28,11.26
10557,18,10,4.05,12.44
10558,19,10,4.1,12.32
10559,19,10,4.22,12.84
10560,20,10,4.31,12.7
10561,19,10,4.17,13.89
10562,19,10,4.44,14.42
10563,19,10,4.16,14.95
10564,18,10,3.68,16.33
10565,20,10,4.03,15.2
10566,19,10,3.69,16.53
10567,20,10,4.2,16.2
10568,20,10,4.12,16.7
10569,21,10,4.72,16.38
10570,21,10,4.61,16.86
10571,20,10,4.22,18.2
10572,19,10,3.98,19.68
10573,20,10,4.22,19.2
10574,19,10,3.73,20.74
10575,21,10,4.04,19.24
10576,19,9,3.05,17.11
10577,19,8,2.9,13.05
10578,18,6,2.29,9.44
10579,19,5,2.56,4.79
10580,18,5,2.66,0.72
10581,18,5,3.29,1.0
10582,17,7,3.58,1.47
10583,18,8,4.26,1.83
10584,17,8,3.82,2.41
10585,17,8,4.28,2.88
10586,18,8,4.61,3.17
10587,18,8,4.9,3.61
10588,17,8,5.01,4.29
10589,18,8,5.36,4.5
10590,18,8,5.5,4.94
10591,18,8,5.31,5.39
10592,18,8,5.41,5.83
10593,17,8,5.05,6.65
10594,18,8,5.23,6.72
10595,16,8,4.46,8.06
10596,18,8,5.02,7.61
10597,17,8,4.73,8.53
10598,18,8,5.19,8.5
10599,17,8,4.64,9.47
10600,17,8,4.88,9.94
10601,17,8,4.85,10.41
10602,18,8,5.08,10.28
10603,17,8,4.78,11.35
10604,17,8,5.13,11.82
10605,17,8,4.96,12.29
10606,17,8,4.99,12.76
10607,17,8,4.63,13.24
10608,18,8,5.31,12.94
10609,16,8,4.71,15.06
10610,18,8,5.38,13.83
10611,17,8,5.18,15.12
10612,18,8,5.17,14.72
10613,16,8,4.31,17.06
10614,18,8,4.96,15.61
10615,17,8,4.65,17.0
10616,17,8,4.89,17.47
10617,16,8,4.77,19.06
10618,18,8,4.95,17.39
10619,18,8,4.69,17.83
10620,18,9,3.65,18.33
10621,17,7,2.25,14.76
10622,18,7,2.23,9.61
10623,19,7,2.2,7.16
10624,19,7,2.43,5.21
10625,18,7,2.3,3.5
10626,17,8,2.27,1.65
10627,17,9,2.79,2.18
10628,17,10,3.44,2.76
10629,16,10,2.97,3.56
10630,17,10,3.62,3.94
10631,16,10,3.11,4.81
10632,16,10,3.3,5.44
10633,17,10,3.62,5.71
10634,17,10,3.97,6.29
10635,18,10,4.29,6.5
10636,18,10,4.32,7.06
10637,19,10,4.54,7.21
10638,19,10,4.53,7.74
10639,20,10,4.51,7.85
10640,21,10,4.84,7.95
10641,20,10,4.47,8.85
10642,21,10,4.82,8.9
10643,20,10,4.54,9.85
10644,20,10,4.39,10.35
10645,20,10,4.29,10.85
10646,21,10,4.78,10.81
10647,20,10,4.57,11.85
10648,20,10,4.28,12.35
10649,20,10,4.53,12.85
10650,20,10,4.64,13.35
10651,20,10,4.48,13.85
10652,21,10,4.92,13.67
10653,21,10,4.6,14.14
10654,20,10,4.33,15.35
10655,19,10,4.09,16.68
10656,20,10,4.58,16.35
10657,19,10,4.29,17.74
10658,19,10,4.58,18.26
10659,19,10,4.44,18.79
10660,20,10,5.02,18.35
10661,18,10,4.25,20.94
10662,19,10,4.63,20.37
10663,17,10,3.69,23.35
10664,19,10,3.39,21.42
10665,18,11,2.55,23.22
10666,19,10,1.98,17.79
10667,19,9,2.38,13.58
10668,19,8,2.24,9.47
10669,20,6,2.47,5.0
10670,21,4,2.91,0.86
10671,21,6,3.55,1.14
10672,20,7,3.56,1.55
10673,22,9,4.27,1.82
10674,21,9,3.38,2.33
10675,20,10,3.27,2.95
10676,22,10,4.01,3.14
10677,21,11,3.89,3.81
10678,21,12,4.22,4.38
10679,21,12,4.11,4.95
10680,22,12,4.63,5.27
10681,21,12,3.92,6.1
10682,22,12,4.37,6.36
10683,20,12,3.62,7.6
10684,22,12,4.25,7.45
10685,20,12,3.84,8.8
10686,21,12,4.36,8.95
10687,21,12,4.13,9.52
10688,22,12,4.63,9.64
10689,21,12,4.1,10.67
10690,21,12,4.1,11.24
10691,20,12,3.79,12.4
10692,22,12,4.46,11.82
10693,20,12,3.82,13.6
10694,22,12,4.4,12.91
10695,21,12,4.16,14.1
10696,21,12,4.22,14.67
10697,21,12,4.27,15.24
10698,21,12,4.49,15.81
10699,21,12,4.14,16.38
10700,21,12,4.31,16.95
10701,20,12,3.81,18.4
10702,22,12,4.43,17.27
10703,20,12,3.86,19.6
10704,22,12,4.32,18.36
10705,21,12,4.05,19.81
10706,21,12,4.33,20.38
10707,21,12,4.0,20.95
10708,22,12,4.33,20.55
10709,21,13,3.22,22.14
10710,22,13,2.92,21.73
10711,20,12,1.66,20.0
10712,22,11,1.71,14.73
10713,21,10,1.57,11.86
10714,21,8,1.92,8.33
10715,22,8,2.19,4.64
10716,22,6,2.93,1.23
10717,21,7,3.15,1.62
10718,21,8,4.03,2.0
10719,20,8,4.18,2.5
10720,21,9,4.52,2.81
10721,20,10,4.5,3.45
10722,19,10,4.29,4.16
10723,21,10,4.8,4.24
10724,20,10,4.64,4.95
10725,21,10,4.77,5.19
10726,20,10,4.52,5.95
10727,21,10,5.13,6.14
10728,20,10,4.52,6.95
10729,20,10,4.94,7.45
10730,20,10,5.1,7.95
10731,20,10,4.79,8.45
10732,20,10,5.11,8.95
10733,20,10,4.86,9.45
10734,20,10,4.97,9.95
10735,19,10,4.54,11.0
10736,20,10,4.79,10.95
10737,19,10,4.39,12.05
10738,20,10,4.62,11.95
10739,20,10,4.76,12.45
10740,20,10,4.84,12.95
10741,19,10,4.32,14.16
10742,20,10,4.83,13.95
10743,18,10,4.02,16.06
10744,20,10,4.72,14.95
10745,19,10,4.58,16.26
10746,18,10,4.17,17.72
10747,19,10,4.24,17.32
10748,19,10,4.42,17.84
10749,20,10,4.58,17.45
10750,20,10,4.63,17.95
10751,20,10,4.78,18.45
10752,20,10,4.81,18.95
10753,20,10,5.08,19.45
10754,20,10,4.48,19.95
10755,20,10,3.69,20.45
10756,20,8,2.9,16.3
10757,19,8,2.26,12.95
10758,18,7,1.57,9.33
10759,18,6,2.08,5.06
10760,20,5,2.52,0.7
10761,20,6,3.25,1.0
10762,19,7,3.44,1.42
10763,22,8,4.22,1.59
10764,20,9,3.71,2.2
10765,20,9,4.19,2.65
10766,22,9,4.13,2.82
10767,21,10,4.15,3.43
10768,22,10,4.35,3.73
10769,21,11,4.25,4.43
10770,22,11,4.23,4.73
10771,21,12,3.97,5.52
10772,21,12,4.04,6.1
10773,21,12,3.71,6.67
10774,21,12,3.73,7.24
10775,21,12,3.92,7.81
10776,22,12,4.03,8.0
10777,21,12,4.09,8.95
10778,22,12,4.31,9.09
10779,21,12,3.99,10.1
10780,21,12,4.03,10.67
10781,22,12,4.6,10.73
10782,21,12,4.49,11.81
10783,22,12,4.87,11.82
10784,21,12,4.47,12.95
10785,22,12,4.59,12.91
10786,21,12,4.37,14.1
10787,20,12,4.17,15.4
10788,21,12,4.18,15.24
10789,20,12,3.84,16.6
10790,22,12,4.11,15.64
10791,20,12,3.45,17.8
10792,21,12,4.03,17.52
10793,20,12,3.17,19.0
10794,21,12,3.76,18.67
10795,20,12,3.39,20.2
10796,22,12,4.04,18.91
10797,21,12,3.78,20.38
10798,23,12,4.39,19.13
10799,22,12,3.87,20.55
10800,23,12,3.09,20.17
10801,22,10,2.73,17.55
10802,21,10,1.8,14.76
10803,22,9,1.96,10.64
10804,21,9,1.78,7.76
10805,22,7,2.1,4.18
10806,21,5,2.31,0.95
10807,21,7,3.11,1.29
10808,21,8,3.7,1.67
10809,21,9,4.2,2.1
10810,20,9,4.02,2.65
10811,20,10,4.53,3.15
10812,20,10,4.47,3.65
10813,20,10,4.82,4.15
10814,20,10,5.17,4.65
10815,19,10,4.92,5.42
10816,20,10,5.19,5.65
10817,18,10,4.53,6.83
10818,19,10,4.7,7.0
10819,17,10,3.9,8.41
10820,17,10,3.9,9.0
10821,19,10,4.74,8.58
10822,17,10,3.92,10.18
10823,18,10,4.16,10.17
10824,18,10,4.05,10.72
10825,19,10,4.19,10.68
10826,19,10,4.55,11.21
10827,19,10,4.89,11.74
10828,19,10,4.72,12.26
10829,20,10,5.28,12.15
10830,19,10,4.56,13.32
10831,20,10,5.07,13.15
10832,19,10,4.71,14.37
10833,20,10,4.86,14.15
10834,20,10,5.04,14.65
10835,19,10,4.34,15.95
10836,19,10,4.41,16.47
10837,18,10,4.26,17.94
10838,18,10,4.1,18.5
10839,18,10,4.21,19.06
10840,17,10,3.87,20.76
10841,18,10,4.21,20.17
10842,18,10,4.42,20.72
10843,18,10,3.55,21.28
10844,19,10,3.6,20.68
10845,21,11,3.57,19.24
10846,20,9,3.01,16.25
10847,20,7,2.5,12.25
10848,20,7,1.97,8.35
10849,20,6,2.14,4.55
10850,21,5,2.67,0.71
10851,22,5,3.21,0.91
10852,21,7,3.37,1.29
10853,22,8,3.98,1.59
10854,21,9,3.63,2.1
10855,22,10,4.09,2.45
10856,21,11,3.73,3.1
10857,21,12,4.02,3.67
10858,22,12,4.01,4.05
10859,21,12,3.93,4.81
10860,21,12,4.1,5.38
10861,22,12,4.4,5.68
10862,21,12,4.17,6.52
10863,22,12,4.44,6.77
10864,21,12,4.2,7.67
10865,21,12,4.2,8.24
10866,22,12,4.52,8.41
10867,20,12,3.86,9.85
10868,22,12,4.58,9.5
10869,20,12,3.83,11.05
10870,22,12,4.39,10.59
10871,21,12,3.89,11.67
10872,21,12,3.94,12.24
10873,21,12,3.68,12.81
10874,21,12,3.68,13.38
10875,21,12,3.44,13.95
10876,22,12,3.84,13.86
10877,21,12,3.61,15.1
10878,22,12,4.07,14.95
10879,22,12,4.24,15.5
10880,21,12,3.95,16.81
10881,22,12,4.18,16.59
10882,22,12,4.27,17.14
10883,20,12,3.53,19.45
10884,22,12,4.24,18.23
10885,20,12,3.64,20.65
10886,21,12,4.03,20.24
10887,21,12,3.98,20.81
10888,22,12,4.35,20.41
10889,22,12,4.13,20.95
10890,21,12,3.08,22.52
10891,22,10,3.03,17.91
10892,22,9,2.74,14.36
10893,21,9,2.42,11.48
10894,21,8,2.07,7.9
10895,22,6,2.38,4.14
10896,21,6,2.62,0.86
10897,21,6,3.29,1.14
10898,21,7,3.83,1.48
10899,20,8,3.87,1.95
10900,21,10,4.13,2.33
10901,21,10,4.53,2.81
10902,20,10,4.43,3.45
10903,21,10,4.87,3.76
10904,20,10,4.87,4.45
10905,21,10,5.39,4.71
10906,20,10,4.97,5.45
10907,19,10,4.83,6.26
10908,20,10,4.88,6.45
10909,19,10,4.64,7.32
10910,20,10,4.84,7.45
10911,20,10,4.91,7.95
10912,20,10,5.12,8.45
10913,20,10,4.83,8.95
10914,19,10,4.54,9.95
10915,20,10,4.68,9.95
10916,20,10,4.67,10.45
10917,20,10,4.51,10.95
10918,20,10,4.48,11.45
10919,19,10,4.19,12.58
10920,19,10,4.5,13.11
10921,19,10,4.56,13.63
10922,19,10,4.86,14.16
10923,19,10,4.4,14.68
10924,19,10,4.53,15.21
10925,19,10,4.65,15.74
10926,19,10,4.36,16.26
10927,20,10,5.1,15.95
10928,18,10,4.4,18.28
10929,20,10,5.06,16.95
10930,19,10,4.76,18.37
10931,20,10,4.76,17.95
10932,19,10,4.31,19.42
10933,21,10,4.58,18.05
10934,19,10,3.6,20.47
10935,21,10,3.19,19.0
10936,21,8,2.74,15.24
10937,21,7,2.6,11.43
10938,20,6,2.33,8.1
10939,22,5,2.59,3.91
10940,21,4,2.7,0.48
10941,21,5,3.33,0.71
10942,21,7,3.21,1.05
10943,22,8,3.77,1.36
10944,21,9,3.49,1.86
10945,21,10,4.01,2.33
10946,22,10,4.15,2.68
10947,21,11,4.11,3.33
10948,22,12,4.45,3.73
10949,21,12,4.19,4.48
10950,21,12,4.35,5.05
10951,22,12,4.52,5.36
10952,21,12,4.29,6.19
10953,21,12,4.25,6.76
10954,21,12,4.32,7.33
10955,20,12,4.07,8.3
10956,22,12,4.46,8.09
10957,20,12,3.73,9.5
10958,22,12,4.32,9.18
10959,21,12,4.06,10.19
10960,21,12,4.17,10.76
10961,21,12,4.06,11.33
10962,21,12,4.26,11.9
10963,21,12,3.97,12.48
10964,22,12,4.54,12.45
10965,20,12,3.85,14.3
10966,22,12,4.49,13.55
10967,20,12,3.74,15.5
10968,22,12,4.48,14.64
10969,21,12,4.18,15.9
10970,21,12,4.32,16.48
10971,21,12,4.2,17.05
10972,21,12,4.2,17.62
10973,21,12,4.28,18.19
10974,21,12,4.31,18.76
10975,20,12,4.02,20.3
10976,22,12,4.65,19.0
10977,20,12,4.01,21.5
10978,22,12,4.46,20.09
10979,22,12,4.19,20.64
10980,22,12,3.05,21.18
10981,23,11,2.82,17.0
10982,21,10,1.95,15.0
10983,23,8,1.87,10.43
10984,22,8,1.82,7.55
10985,22,8,2.45,4.27
10986,22,6,3.14,0.95
10987,21,8,3.21,1.38
10988,21,9,3.98,1.81
10989,21,10,4.0,2.29
10990,21,10,4.14,2.76
10991,20,10,4.11,3.4
10992,21,10,4.55,3.71
10993,19,10,4.05,4.63
10994,19,10,4.39,5.16
10995,19,10,4.32,5.68
10996,19,10,4.39,6.21
10997,19,10,4.55,6.74
10998,19,10,4.37,7.26
10999,18,10,4.05,8.22
11000,19,10,4.4,8.32
11001,18,10,4.04,9.33
11002,19,10,4.48,9.37
11003,19,10,4.45,9.89
11004,19,10,4.52,10.42
11005,18,10,4.01,11.56
11006,18,10,4.03,12.11
11007,18,10,3.66,12.67
11008,17,10,3.31,14.0
11009,16,10,2.7,15.5
11010,18,10,3.49,14.33
11011,17,10,3.21,15.76
11012,17,10,3.25,16.35
11013,17,10,3.18,16.94
11014,18,10,3.63,16.56
11015,18,10,3.43,17.11
11016,19,10,3.98,16.74
11017,19,10,4.05,17.26
11018,19,10,3.78,17.79
11019,19,10,3.97,18.32
11020,20,10,4.04,17.9
11021,20,10,4.12,18.4
11022,20,10,4.21,18.9
11023,20,10,3.42,19.4
11024,19,10,2.86,20.95
11025,21,11,2.26,19.48
11026,21,9,2.23,15.67
11027,20,8,1.78,12.55
11028,20,8,2.44,8.65
11029,20,7,2.33,4.8
11030,20,6,2.87,0.95
11031,20,6,3.37,1.25
11032,19,7,3.34,1.68
11033,21,9,3.81,1.95
11034,20,10,3.86,2.55
11035,19,10,3.81,3.21
11036,20,10,4.13,3.55
11037,20,10,4.51,4.05
11038,19,10,4.5,4.79
11039,20,10,5.01,5.05
11040,20,10,5.15,5.55
11041,18,10,4.52,6.72
11042,20,10,5.4,6.55
11043,18,10,4.66,7.83
11044,20,10,5.37,7.55
11045,18,10,4.52,8.94
11046,20,10,5.05,8.55
11047,18,10,4.31,10.06
11048,19,10,5.01,10.05
11049,19,10,4.72,10.58
11050,19,10,4.79,11.11
11051,19,10,4.45,11.63
11052,19,10,4.73,12.16
11053,18,10,4.58,13.39
11054,19,10,4.73,13.21
11055,18,10,4.17,14.5
11056,20,10,4.79,13.55
11057,18,10,4.06,15.61
11058,19,10,4.69,15.32
11059,18,10,3.63,16.72
11060,19,10,4.15,16.37
11061,20,10,4.28,16.05
11062,21,10,4.65,15.76
11063,19,10,4.16,17.95
11064,21,10,4.75,16.71
11065,19,10,4.51,19.0
11066,20,10,4.53,18.55
11067,20,10,5.01,19.05
11068,19,10,4.53,20.58
11069,20,10,4.45,20.05
11070,19,10,3.44,21.63
11071,20,8,3.21,16.5
11072,19,8,2.5,13.16
11073,19,6,2.74,9.0
11074,20,6,2.13,4.65
11075,20,6,2.73,2.8
11076,20,7,3.25,1.0
11077,19,8,3.39,1.47
11078,19,9,4.02,1.95
11079,18,9,4.06,2.5
11080,18,10,3.9,3.06
11081,17,10,3.63,3.82
11082,16,10,3.28,4.69
11083,18,10,4.41,4.72
11084,16,10,3.75,5.94
11085,17,10,4.1,6.18
11086,16,10,3.59,7.19
11087,17,10,4.4,7.35
11088,17,10,4.26,7.94
11089,17,10,4.42,8.53
11090,19,10,5.07,8.16
11091,18,10,4.92,9.17
11092,19,10,4.99,9.21
11093,18,10,4.87,10.28
11094,19,10,4.96,10.26
11095,19,10,4.91,10.79
11096,18,10,4.47,11.94
11097,19,10,4.57,11.84
11098,19,10,4.75,12.37
11099,20,10,4.95,12.25
11100,20,10,5.02,12.75
11101,19,10,4.17,13.95
11102,20,10,4.62,13.75
11103,20,10,4.27,14.25
11104,20,10,4.29,14.75
11105,19,10,4.12,16.05
11106,18,10,3.87,17.5
11107,19,10,4.3,17.11
11108,19,10,4.54,17.63
11109,19,10,4.17,18.16
11110,19,10,4.41,18.68
11111,19,10,4.58,19.21
11112,19,10,4.41,19.74
11113,18,10,4.16,21.39
11114,19,10,3.66,20.79
11115,19,10,3.43,21.32
11116,20,9,3.01,16.3
11117,19,8,2.53,13.05
11118,20,7,2.79,8.5
11119,20,5,2.53,4.5
11120,21,4,2.96,0.62
11121,21,6,3.56,0.9
11122,20,8,3.38,1.35
11123,23,8,3.64,1.52
11124,21,9,3.22,2.1
11125,21,10,3.65,2.57
11126,22,11,3.96,2.95
11127,21,11,3.84,3.62
11128,22,12,4.03,4.0
11129,22,12,4.03,4.55
11130,22,12,4.15,5.09
11131,22,12,4.05,5.64
11132,22,12,4.33,6.18
11133,20,12,3.74,7.4
11134,22,12,4.18,7.27
11135,21,12,4.01,8.19
11136,21,12,4.2,8.76
11137,21,12,4.16,9.33
11138,20,12,3.76,10.4
11139,21,12,3.83,10.48
11140,22,12,4.29,10.55
11141,21,12,4.18,11.62
11142,22,12,4.36,11.64
11143,21,12,4.22,12.76
11144,22,12,4.47,12.73
11145,20,12,3.84,14.6
11146,21,12,4.59,14.48
11147,21,12,4.39,15.05
11148,21,12,4.34,15.62
11149,21,12,4.2,16.19
11150,21,12,4.1,16.76
11151,21,12,3.97,17.33
11152,21,12,4.02,17.9
11153,20,12,3.72,19.4
11154,22,12,4.44,18.18
11155,21,12,4.31,19.62
11156,21,12,4.45,20.19
11157,21,12,4.43,20.76
11158,21,12,4.33,21.33
11159,22,12,4.22,20.91
11160,21,12,3.35,22.48
11161,22,10,2.38,17.86
11162,22,10,2.51,14.45
11163,21,9,2.21,11.57
11164,23,9,2.4,7.39
11165,22,7,2.3,4.32
11166,21,7,2.56,1.05
11167,21,7,3.3,1.38
11168,21,8,4.05,1.76
11169,20,9,4.33,2.3
11170,21,10,4.62,2.67
11171,21,10,4.93,3.14
11172,20,10,4.27,3.8
11173,20,10,4.56,4.3
11174,19,10,4.31,5.05
11175,20,10,4.5,5.3
11176,19,10,4.26,6.11
11177,19,10,4.48,6.63
11178,19,10,4.39,7.16
11179,18,10,3.96,8.11
11180,19,10,4.26,8.21
11181,18,10,3.96,9.22
11182,19,10,4.53,9.26
11183,19,10,4.15,9.79
11184,20,10,4.74,9.8
11185,19,10,4.57,10.84
11186,20,10,4.85,10.8
11187,20,10,4.96,11.3
11188,20,10,4.84,11.8
11189,20,10,4.85,12.3
11190,20,10,4.65,12.8
11191,20,10,4.61,13.3
11192,20,10,4.69,13.8
11193,20,10,4.54,14.3
11194,20,10,4.51,14.8
11195,20,10,4.67,15.3
11196,20,10,4.48,15.8
11197,19,10,4.24,17.16
11198,17,10,3.67,19.76
11199,19,10,4.57,18.21
11200,18,10,4.31,19.78
11201,19,10,4.66,19.26
11202,18,10,3.98,20.89
11203,19,10,4.08,20.32
11204,20,10,4.12,19.8
11205,21,10,3.4,19.33
11206,20,9,2.34,16.35
11207,21,7,1.93,11.76
11208,20,7,1.42,8.4
11209,21,6,1.62,4.29
11210,21,6,2.19,0.71
11211,22,6,2.7,0.95
11212,21,8,2.77,1.38
11213,22,8,3.37,1.68
11214,22,10,3.45,2.14
11215,21,11,3.42,2.76
11216,21,12,3.61,3.33
11217,22,12,4.22,3.73
11218,22,12,4.39,4.27
11219,22,12,4.22,4.82
11220,22,12,4.55,5.36
11221,20,12,3.97,6.5
11222,22,12,4.45,6.45
11223,20,12,4.02,7.7
11224,21,12,4.5,7.9
11225,20,12,4.09,8.9
11226,21,12,4.62,9.05
11227,21,12,4.53,9.62
11228,21,12,4.66,10.19
11229,20,12,4.37,11.3
11230,20,12,4.01,11.9
11231,20,12,4.2,12.5
11232,21,12,4.23,12.48
11233,20,12,4.12,13.7
11234,22,12,4.63,13.0
11235,20,12,3.92,14.9
11236,21,12,4.52,14.76
11237,21,12,4.31,15.33
11238,20,12,4.16,16.7
11239,21,12,4.36,16.48
11240,21,12,4.38,17.05
11241,20,12,4.13,18.5
11242,21,12,4.34,18.19
11243,20,12,4.09,19.7
11244,21,12,4.03,19.33
11245,21,12,4.13,19.9
11246,21,12,4.28,20.48
11247,21,12,4.14,21.05
11248,21,12,4.04,21.62
11249,22,12,3.97,21.18
11250,21,12,3.07,22.76
11251,23,10,2.78,17.39
11252,21,9,1.72,15.38
11253,21,7,2.06,11.67
11254,23,7,2.33,7.3
11255,23,6,2.87,3.96
11256,22,6,3.14,0.68
11257,22,7,3.8,1.0
11258,21,8,4.13,1.43
11259,19,10,3.95,2.11
11260,21,10,4.67,2.38
11261,19,10,4.33,3.16
11262,21,10,4.72,3.33
11263,20,10,4.78,4.0
11264,20,10,5.03,4.5
11265,20,10,4.65,5.0
11266,21,10,5.04,5.24
11267,20,10,4.45,6.0
11268,21,10,5.01,6.19
11269,20,10,4.63,7.0
11270,20,10,4.57,7.5
11271,19,10,4.32,8.42
11272,21,10,5.07,8.1
11273,19,10,4.53,9.47
11274,18,10,4.24,10.56
11275,19,10,4.68,10.53
11276,18,10,4.22,11.67
11277,19,10,4.27,11.58
11278,18,10,4.1,12.78
11279,19,10,4.75,12.63
11280,19,10,4.71,13.16
11281,19,10,4.77,13.68
11282,18,10,4.49,15.0
11283,19,10,4.72,14.74
11284,18,10,4.48,16.11
11285,19,10,4.71,15.79
11286,19,10,4.69,16.32
11287,19,10,4.56,16.84
11288,19,10,4.73,17.37
11289,18,10,4.57,18.89
11290,19,10,4.79,18.42
11291,18,10,4.53,20.0
11292,19,10,4.76,19.47
11293,19,10,4.76,20.0
11294,19,10,4.31,20.53
11295,19,10,4.0,21.05
11296,19,9,2.76,17.0
11297,20,8,2.7,12.35
11298,19,8,2.18,9.0
11299,20,6,2.49,4.7
11300,21,6,2.7,0.81
11301,21,6,3.15,1.1
11302,20,7,3.3,1.5
11303,23,7,3.57,1.61
11304,21,8,3.06,2.14
11305,21,10,3.48,2.62
11306,23,11,3.92,2.87
11307,21,11,3.45,3.67
11308,21,12,3.7,4.24
11309,22,12,3.92,4.59
11310,22,12,3.86,5.14
11311,22,12,3.74,5.68
11312,22,12,4.02,6.23
11313,21,12,3.7,7.1
11314,22,12,3.96,7.32
11315,22,12,4.08,7.86
11316,22,12,4.04,8.41
11317,22,12,4.05,8.95
11318,22,12,4.3,9.5
11319,21,12,4.25,10.52
11320,21,12,4.03,11.1
11321,20,12,3.79,12.25
11322,22,12,4.43,11.68
11323,20,12,3.65,13.45
11324,21,12,4.22,13.38
11325,21,12,4.04,13.95
11326,21,12,4.16,14.52
11327,20,12,3.82,15.85
11328,21,12,4.07,15.67
11329,20,12,3.69,17.05
11330,22,12,4.16,16.05
11331,21,12,3.95,17.38
11332,22,12,4.08,17.14
11333,22,12,4.09,17.68
11334,21,12,3.77,19.1
11335,21,12,3.69,19.67
11336,22,12,4.25,19.32
11337,21,12,4.09,20.81
11338,22,12,4.15,20.41
11339,22,12,3.67,20.95
11340,22,12,2.98,21.5
11341,22,12,2.3,18.05
11342,21,10,1.78,15.24
11343,22,10,1.74,11.09
11344,22,9,1.57,7.73
11345,22,8,2.13,4.45
11346,22,7,2.69,1.18
11347,21,8,2.92,1.62
11348,21,9,3.61,2.05
11349,20,10,3.79,2.65
11350,20,10,3.92,3.15
11351,21,10,4.45,3.48
11352,19,10,4.15,4.37
11353,21,10,4.94,4.43
11354,20,10,4.82,5.15
11355,21,10,4.79,5.38
11356,20,10,4.57,6.15
11357,21,10,5.17,6.33
11358,20,10,4.6,7.15
11359,21,10,5.06,7.29
11360,20,10,4.26,8.15
11361,20,10,4.36,8.65
11362,20,10,4.25,9.15
11363,21,10,4.34,9.19
11364,21,10,4.52,9.67
11365,21,10,4.73,10.14
11366,21,10,4.73,10.62
11367,20,10,4.5,11.65
11368,18,10,3.92,13.5
11369,19,10,4.13,13.32
11370,18,10,3.7,14.61
11371,18,10,3.42,15.17
11372,17,10,3.09,16.65
11373,17,10,3.41,17.24
11374,17,10,3.36,17.82
11375,17,10,3.52,18.41
11376,16,10,3.39,20.19
11377,17,10,3.85,19.59
11378,17,10,4.08,20.18
11379,18,10,4.43,19.61
11380,18,10,4.41,20.17
11381,19,10,4.4,19.63
11382,20,10,4.69,19.15
11383,20,10,4.11,19.65
11384,20,10,3.5,20.15
11385,21,11,3.02,19.71
11386,19,10,1.88,17.58
11387,19,9,1.97,13.42
11388,20,9,1.37,8.85
11389,20,7,2.03,4.95
11390,20,6,2.8,1.1
11391,21,8,3.48,1.43
11392,20,8,3.59,1.9
11393,22,9,4.19,2.14
11394,21,10,3.4,2.71
11395,22,10,4.03,3.05
11396,22,11,3.91,3.55
11397,23,11,4.59,3.87
11398,22,12,4.07,4.59
11399,22,12,4.2,5.14
11400,21,12,3.81,5.95
11401,22,12,3.98,6.23
11402,21,12,3.96,7.1
11403,22,12,4.22,7.32
11404,22,12,4.29,7.86
11405,21,12,3.71,8.81
11406,22,12,3.91,8.95
11407,21,12,3.69,9.95
11408,21,12,4.0,10.52
11409,22,12,4.17,10.59
11410,22,12,4.43,11.14
11411,22,12,4.47,11.68
11412,21,12,4.3,12.81
11413,22,12,4.21,12.77
11414,22,12,4.31,13.32
11415,21,12,3.98,14.52
11416,22,12,4.0,14.41
11417,21,12,3.65,15.67
11418,21,12,3.89,16.24
11419,22,12,4.03,16.05
11420,21,12,4.07,17.38
11421,21,12,4.29,17.95
11422,21,12,4.19,18.52
11423,22,12,4.84,18.23
11424,21,12,4.27,19.67
11425,21,12,4.54,20.24
11426,20,12,4.16,21.85
11427,22,12,4.82,20.41
11428,20,12,3.92,23.05
11429,21,13,3.3,22.57
11430,21,13,2.87,23.19
11431,20,11,2.1,20.35
11432,22,10,1.93,14.91
11433,21,9,1.56,11.9
11434,21,8,1.9,8.29
11435,22,8,2.31,4.5
11436,22,7,3.03,1.14
11437,21,7,3.23,1.52
11438,21,7,3.69,1.86
11439,20,8,3.71,2.35
11440,21,9,3.73,2.67
11441,21,10,4.25,3.14
11442,21,10,4.29,3.62
11443,20,10,4.37,4.3
11444,19,10,4.33,5.05
11445,18,10,4.45,5.89
11446,19,10,4.77,6.11
11447,17,10,3.96,7.41
11448,19,10,4.35,7.16
11449,19,10,4.6,7.68
11450,19,10,4.22,8.21
11451,19,10,4.54,8.74
11452,18,10,4.28,9.78
11453,19,10,4.29,9.79
11454,19,10,4.44,10.32
11455,20,10,4.53,10.3
11456,21,10,5.02,10.29
11457,20,10,4.86,11.3
11458,19,10,4.33,12.42
11459,19,10,4.63,12.95
11460,17,10,3.83,15.06
11461,19,10,4.67,14.0
11462,17,10,3.79,16.24
11463,19,10,4.45,15.05
11464,18,10,3.92,16.44
11465,19,10,4.37,16.11
11466,18,10,3.9,17.56
11467,19,10,4.55,17.16
11468,19,10,4.32,17.68
11469,19,10,4.37,18.21
11470,19,10,3.87,18.74
11471,19,10,3.98,19.26
11472,18,10,3.51,20.89
11473,19,10,3.77,20.32
11474,18,11,3.31,22.06
11475,18,11,2.74,22.67
11476,17,10,2.05,19.35
11477,16,8,1.36,15.62
11478,16,6,1.71,10.75
11479,17,6,2.26,5.59
11480,17,5,3.08,1.0
11481,17,5,4.11,1.29
11482,17,6,4.18,1.65
11483,17,7,4.66,2.06
11484,16,7,4.09,2.62
11485,17,7,4.58,2.88
11486,16,7,4.45,3.5
11487,15,7,4.42,4.2
11488,17,7,5.2,4.12
11489,17,7,5.48,4.53
11490,17,7,5.54,4.94
11491,16,7,4.89,5.69
11492,17,7,5.46,5.76
11493,15,7,4.62,7.0
11494,17,7,5.34,6.59
11495,16,7,4.99,7.44
11496,16,7,5.26,7.88
11497,16,7,4.97,8.31
11498,17,7,5.64,8.24
11499,16,7,5.52,9.19
11500,17,7,5.76,9.06
11501,16,7,5.32,10.06
11502,17,7,5.4,9.88
11503,16,7,5.43,10.94
11504,16,7,5.77,11.38
11505,16,7,5.4,11.81
11506,16,7,5.63,12.25
11507,16,7,5.4,12.69
11508,17,7,5.96,12.35
11509,15,7,5.13,14.47
11510,16,7,5.41,14.0
11511,15,7,5.14,15.4
11512,15,7,5.11,15.87
11513,16,7,5.19,15.31
11514,16,7,5.46,15.75
11515,15,7,5.15,17.27
11516,17,7,5.85,15.65
11517,15,7,4.92,18.2
11518,16,7,5.03,17.5
11519,16,7,4.85,17.94
11520,16,7,3.74,18.38
11521,16,6,2.75,13.19
11522,17,6,2.79,10.06
11523,16,6,2.57,8.31
11524,18,6,2.44,5.28
11525,17,6,2.19,3.41
11526,17,6,2.57,1.24
11527,16,7,2.39,1.75
11528,16,9,2.59,2.31
11529,15,10,2.25,3.13
11530,17,10,3.26,3.35
11531,16,10,3.08,4.19
11532,16,10,3.24,4.81
11533,17,10,3.58,5.12
11534,18,10,4.41,5.39
11535,17,10,4.07,6.29
11536,18,10,4.37,6.5
11537,17,10,4.2,7.47
11538,18,10,4.63,7.61
11539,16,10,3.56,9.19
11540,18,10,4.18,8.72
11541,16,10,3.11,10.44
11542,17,10,3.84,10.41
11543,18,10,4.06,10.39
11544,18,10,4.23,10.94
11545,18,10,4.04,11.5
11546,19,10,4.64,11.42
11547,18,10,4.5,12.61
11548,20,10,5.13,11.85
11549,19,10,4.73,13.0
11550,19,10,4.39,13.53
11551,19,10,4.51,14.05
11552,19,10,4.23,14.58
11553,19,10,4.15,15.11
11554,19,10,4.06,15.63
11555,19,10,3.9,16.16
11556,19,10,3.82,16.68
11557,19,10,3.94,17.21
11558,19,10,3.54,17.74
11559,19,10,3.69,18.26
11560,20,10,4.01,17.85
11561,20,10,3.85,18.35
11562,19,10,3.55,19.84
11563,21,10,3.63,18.43
11564,21,11,3.56,18.95
11565,21,11,3.19,19.48
11566,23,9,2.96,14.3
11567,22,9,2.84,11.41
11568,22,7,2.76,7.86
11569,22,6,2.43,4.36
11570,22,6,2.9,0.86
11571,21,6,3.12,1.19
11572,20,7,3.36,1.6
11573,21,8,4.16,1.9
11574,20,10,3.71,2.5
11575,20,11,4.19,3.05
11576,21,11,4.61,3.43
11577,20,11,4.43,4.15
11578,21,11,4.6,4.48
11579,20,11,4.04,5.25
11580,20,11,3.97,5.8
11581,20,11,3.88,6.35
11582,20,11,4.04,6.9
11583,20,11,4.13,7.45
11584,21,11,4.3,7.62
11585,21,11,4.49,8.14
11586,20,11,4.09,9.1
11587,20,11,4.08,9.65
11588,20,11,4.12,10.2
11589,21,11,4.33,10.24
11590,21,11,4.39,10.76
11591,20,11,4.34,11.85
11592,20,11,4.49,12.4
11593,20,11,4.75,12.95
11594,21,11,4.81,12.86
11595,19,11,4.11,14.79
11596,21,11,4.66,13.9
11597,19,11,4.06,15.95
11598,20,11,4.75,15.7
11599,20,11,4.48,16.25
11600,20,11,4.62,16.8
11601,20,11,4.22,17.35
11602,20,11,4.26,17.9
11603,19,11,3.91,19.42
11604,21,11,4.54,18.1
11605,19,11,3.7,20.58
11606,20,11,4.17,20.1
11607,20,11,3.7,20.65
11608,20,11,3.76,21.2
11609,20,11,3.15,21.75
11610,21,12,2.83,21.29
11611,19,11,1.7,19.32
11612,21,10,1.56,13.81
11613,21,8,1.85,10.14
11614,21,7,2.26,6.48
11615,22,7,2.67,2.77
11616,21,7,3.04,1.24
11617,20,9,3.27,1.75
11618,20,9,3.83,2.2
11619,20,10,4.18,2.7
11620,20,10,4.05,3.2
11621,20,10,4.41,3.7
11622,20,10,4.39,4.2
11623,20,10,4.35,4.7
11624,20,10,4.58,5.2
11625,20,10,4.32,5.7
11626,19,10,4.21,6.53
11627,19,10,4.39,7.05
11628,19,10,4.25,7.58
11629,19,10,4.37,8.11
11630,19,10,4.07,8.63
11631,19,10,4.09,9.16
11632,19,10,3.9,9.68
11633,19,10,4.29,10.21
11634,18,10,3.78,11.33
11635,18,10,3.99,11.89
11636,17,10,3.67,13.18
11637,17,10,3.22,13.76
11638,17,10,3.45,14.35
11639,19,10,4.13,13.37
11640,18,10,3.83,14.67
11641,18,10,3.9,15.22
11642,18,10,3.84,15.78
11643,17,10,3.61,17.29
11644,18,10,3.91,16.89
11645,18,10,4.14,17.44
11646,18,10,4.4,18.0
11647,19,10,4.52,17.58
11648,19,10,4.81,18.11
11649,20,10,4.84,17.7
11650,19,10,4.6,19.16
11651,18,10,4.48,20.78
11652,19,10,4.68,20.21
11653,18,10,4.37,21.89
11654,19,10,3.87,21.26
11655,18,11,3.05,23.06
11656,19,9,2.69,17.53
11657,18,7,2.06,14.0
11658,19,7,2.06,9.11
11659,19,6,2.4,4.95
11660,20,4,2.82,0.7
11661,20,6,3.29,1.0
11662,19,7,3.39,1.42
11663,20,8,4.0,1.75
11664,19,9,3.87,2.32
11665,19,10,4.41,2.84
11666,20,10,4.64,3.2
11667,19,10,4.52,3.89
11668,20,10,4.78,4.2
11669,19,10,4.55,4.95
11670,20,10,4.88,5.2
11671,18,10,4.03,6.33
11672,19,10,4.73,6.53
11673,19,10,4.57,7.05
11674,20,10,5.07,7.2
11675,18,10,4.41,8.56
11676,19,10,4.46,8.63
11677,18,10,4.33,9.67
11678,19,10,4.84,9.68
11679,19,10,4.73,10.21
11680,19,10,4.93,10.74
11681,19,10,4.89,11.26
11682,19,10,4.91,11.79
11683,19,10,4.78,12.32
11684,19,10,4.94,12.84
11685,18,10,4.4,14.11
11686,19,10,4.45,13.89
11687,18,10,4.41,15.22
11688,20,10,5.22,14.2
11689,18,10,4.14,16.33
11690,19,10,4.75,16.0
11691,20,10,4.9,15.7
11692,18,10,4.3,18.0
11693,19,10,4.96,17.58
11694,19,10,4.71,18.11
11695,19,10,4.85,18.63
11696,19,10,4.47,19.16
11697,20,10,4.87,18.7
11698,19,10,4.52,20.21
11699,20,10,4.44,19.7
11700,19,10,4.06,21.26
11701,20,9,3.37,16.2
11702,19,7,3.02,12.95
11703,20,6,2.59,8.4
11704,20,5,2.99,4.55
11705,20,6,2.79,2.7
11706,19,5,2.82,0.89
11707,19,6,3.2,1.21
11708,19,8,3.75,1.63
11709,18,8,3.72,2.17
11710,19,9,4.1,2.53
11711,18,10,3.81,3.22
11712,19,10,4.51,3.58
11713,19,10,4.24,4.11
11714,18,10,4.07,4.89
11715,17,10,3.28,5.76
11716,17,10,3.51,6.35
11717,17,10,3.74,6.94
11718,16,10,3.43,8.0
11719,16,10,3.09,8.62
11720,15,10,2.69,9.87
11721,15,10,2.52,10.53
11722,15,10,2.63,11.2
11723,14,10,2.1,12.71
11724,16,10,3.2,11.75
11725,15,10,2.85,13.2
11726,17,10,3.72,12.24
11727,16,10,3.58,13.62
11728,17,10,3.74,13.41
11729,16,10,3.15,14.88
11730,18,10,3.85,13.78
11731,18,10,3.88,14.33
11732,18,10,3.48,14.89
11733,18,10,3.49,15.44
11734,18,10,3.62,16.0
11735,16,10,2.75,18.62
11736,18,10,3.58,17.11
11737,18,10,3.61,17.67
11738,18,10,3.59,18.22
11739,17,10,3.25,19.88
11740,16,10,2.94,21.75
11741,17,10,3.24,21.06
11742,17,10,3.46,21.65
11743,17,10,2.94,22.24
11744,17,10,2.72,22.82
11745,19,10,2.53,20.95
11746,18,9,1.68,17.78
11747,18,7,1.7,13.39
11748,18,7,2.12,9.17
11749,19,5,2.35,4.68
11750,19,4,2.65,0.63
11751,19,5,3.21,0.89
11752,18,5,3.51,1.22
11753,18,7,4.11,1.61
11754,19,9,4.54,2.0
11755,18,9,4.61,2.61
11756,19,9,4.88,2.95
11757,19,9,5.16,3.42
11758,18,9,4.9,4.11
11759,18,9,4.93,4.61
11760,18,9,5.13,5.11
11761,18,9,4.55,5.61
11762,18,9,4.87,6.11
11763,17,9,4.42,7.0
11764,19,9,4.9,6.74
11765,17,9,4.21,8.06
11766,18,9,4.83,8.11
11767,18,9,4.52,8.61
11768,19,9,5.04,8.63
11769,18,9,4.29,9.61
11770,19,9,4.81,9.58
11771,17,9,4.05,11.24
11772,19,9,4.56,10.53
11773,18,9,4.3,11.61
11774,18,9,4.23,12.11
11775,19,9,4.41,11.95
11776,19,9,4.5,12.42
11777,19,9,4.37,12.89
11778,19,9,4.61,13.37
11779,18,9,4.61,14.61
11780,19,9,4.66,14.32
11781,19,9,4.83,14.79
11782,18,9,4.61,16.11
11783,18,9,4.32,16.61
11784,18,9,4.68,17.11
11785,17,9,4.1,18.65
11786,19,9,4.83,17.16
11787,17,9,4.15,19.71
11788,18,9,4.82,19.11
11789,18,9,4.24,19.61
11790,18,9,3.29,20.11
11791,19,7,3.19,14.79
11792,18,6,2.26,11.33
11793,18,6,2.44,7.11
11794,19,6,2.69,4.79
11795,19,6,2.49,2.89
11796,19,6,3.08,1.0
11797,19,7,3.58,1.37
11798,18,8,3.33,1.89
11799,19,9,3.64,2.26
11800,17,10,2.75,3.12
11801,17,10,2.91,3.71
11802,18,10,3.39,4.06
11803,17,10,3.22,4.88
11804,17,10,3.51,5.47
11805,16,10,3.22,6.44
11806,18,10,4.17,6.28
11807,18,10,4.4,6.83
11808,19,10,4.73,7.0
11809,18,10,4.44,7.94
11810,19,10,4.99,8.05
11811,20,10,5.17,8.15
11812,18,10,4.37,9.61
11813,20,10,5.02,9.15
11814,19,10,4.73,10.16
11815,20,10,4.65,10.15
11816,19,10,4.31,11.21
11817,19,10,4.55,11.74
11818,19,10,4.15,12.26
11819,20,10,4.89,12.15
11820,18,10,4.12,14.06
11821,20,10,4.46,13.15
11822,19,10,4.39,14.37
11823,21,10,5.08,13.48
11824,20,10,4.76,14.65
11825,22,10,5.15,13.77
11826,20,10,4.52,15.65
11827,21,10,5.02,15.38
11828,20,10,4.55,16.65
11829,20,10,4.78,17.15
11830,20,10,4.89,17.65
11831,19,10,4.18,19.11
11832,19,10,4.32,19.63
11833,17,10,3.55,22.53
11834,18,10,3.35,21.83
11835,17,11,2.73,23.76
11836,18,9,2.64,18.11
11837,17,8,2.28,14.59
11838,18,6,2.98,9.39
11839,19,5,3.37,4.74
11840,20,3,4.13,0.6
11841,20,4,4.34,0.8
11842,19,5,4.24,1.11
11843,21,7,4.46,1.33
11844,20,7,3.94,1.75
11845,21,8,4.35,2.05
11846,22,8,4.22,2.32
11847,21,8,3.97,2.81
11848,22,9,4.21,3.09
11849,20,10,3.39,3.9
11850,21,10,3.96,4.19
11851,21,12,3.71,4.76
11852,22,11,4.18,5.0
11853,21,12,3.53,5.81
11854,22,12,3.87,6.09
11855,21,12,3.61,6.95
11856,22,12,3.72,7.18
11857,21,12,3.49,8.1
11858,22,12,3.97,8.27
11859,22,12,3.83,8.82
11860,23,12,4.36,8.96
11861,21,12,3.78,10.38
11862,22,12,4.17,10.45
11863,21,12,4.01,11.52
11864,22,12,4.19,11.55
11865,22,12,4.42,12.09
11866,21,12,4.16,13.24
11867,22,12,4.4,13.18
11868,21,12,4.26,14.38
11869,20,12,4.04,15.7
11870,21,12,4.23,15.52
11871,20,12,3.92,16.9
11872,22,12,4.33,15.91
11873,20,12,3.74,18.1
11874,21,12,4.37,17.81
11875,21,12,4.07,18.38
11876,21,12,4.09,18.95
11877,21,12,4.07,19.52
11878,21,12,3.87,20.1
11879,22,12,3.54,19.73
11880,22,12,2.91,20.27
11881,20,11,1.83,18.65
11882,22,11,1.68,13.73
11883,21,10,1.48,11.1
11884,22,9,1.74,7.45
11885,22,8,2.1,4.32
11886,22,7,2.64,1.18
11887,21,8,2.69,1.62
11888,21,9,3.16,2.05
11889,21,10,3.73,2.52
11890,23,10,4.34,2.74
11891,21,10,4.22,3.48
11892,20,10,4.1,4.15
11893,20,10,4.12,4.65
11894,20,10,4.34,5.15
11895,20,10,3.95,5.65
11896,20,10,4.06,6.15
11897,20,10,4.11,6.65
11898,21,10,4.36,6.81
11899,20,10,4.17,7.65
11900,19,10,3.98,8.58
11901,21,10,4.66,8.24
11902,19,10,4.03,9.63
11903,20,10,4.64,9.65
11904,20,10,4.48,10.15
11905,21,10,4.86,10.14
11906,19,10,4.2,11.74
11907,20,10,4.15,11.65
11908,19,10,4.0,12.79
11909,20,10,4.32,12.65
11910,18,10,3.69,14.61
11911,18,10,3.66,15.17
11912,18,10,3.52,15.72
11913,18,10,3.7,16.28
11914,18,10,3.77,16.83
11915,18,10,3.65,17.39
11916,18,10,3.94,17.94
11917,18,10,4.34,18.5
11918,19,10,4.61,18.05
11919,19,10,4.78,18.58
11920,20,10,4.85,18.15
11921,20,10,4.93,18.65
11922,19,10,4.7,20.16
11923,20,10,4.83,19.65
11924,19,10,4.1,21.21
11925,20,10,3.05,20.65
11926,19,8,2.38,17.47
11927,20,7,2.19,12.55
11928,19,6,2.04,8.95
11929,20,6,2.42,4.55
11930,21,4,2.7,0.52
11931,21,5,3.02,0.76
11932,20,6,3.26,1.1
11933,21,7,3.73,1.38
11934,21,9,3.94,1.81
11935,20,9,3.84,2.35
11936,21,11,3.92,2.76
11937,20,11,3.72,3.45
11938,22,11,4.23,3.64
11939,21,11,3.92,4.33
11940,21,11,4.18,4.86
11941,21,11,4.02,5.38
11942,21,11,4.09,5.9
11943,20,11,4.05,6.75
11944,21,11,4.3,6.95
11945,21,11,4.69,7.48
11946,20,11,4.57,8.4
11947,20,11,4.41,8.95
11948,20,11,4.61,9.5
11949,20,11,4.51,10.05
11950,21,11,4.98,10.1
11951,19,11,4.23,11.74
11952,21,11,4.75,11.14
11953,19,11,4.2,12.89
11954,21,11,4.83,12.19
11955,20,11,4.3,13.35
11956,20,11,4.33,13.9
11957,21,11,4.47,13.76
11958,20,11,4.2,15.0
11959,21,11,4.3,14.81
11960,21,11,4.38,15.33
11961,20,11,3.86,16.65
11962,21,11,4.07,16.38
11963,20,11,3.94,17.75
11964,20,11,4.18,18.3
11965,21,11,4.35,17.95
11966,20,11,4.19,19.4
11967,20,11,4.26,19.95
11968,21,11,4.35,19.52
11969,21,12,3.27,20.1
11970,21,12,2.85,20.67
11971,21,10,2.14,17.0
11972,21,10,1.52,13.38
11973,20,8,1.35,10.3
11974,21,8,1.63,6.33
11975,21,6,2.26,2.81
11976,21,7,2.89,1.24
11977,20,9,3.16,1.75
11978,20,9,3.99,2.2
11979,20,10,4.58,2.7
11980,20,10,4.29,3.2
11981,19,10,4.3,3.89
11982,20,10,4.42,4.2
11983,20,10,4.51,4.7
11984,21,10,4.84,4.95
11985,20,10,4.43,5.7
11986,20,10,4.67,6.2
11987,20,10,5.04,6.7
11988,19,10,4.39,7.58
11989,18,10,4.21,8.56
11990,19,10,4.17,8.63
11991,18,10,3.77,9.67
11992,19,10,4.03,9.68
11993,18,10,3.67,10.78
11994,18,10,3.91,11.33
11995,18,10,3.86,11.89
11996,17,10,3.5,13.18
11997,18,10,3.73,13.0
11998,18,10,3.96,13.56
11999,19,10,4.56,13.37
12000,19,10,4.23,13.89
12001,20,10,4.77,13.7
12002,20,10,4.52,14.2
12003,19,10,4.26,15.47
12004,19,10,4.53,16.0
12005,17,10,3.92,18.47
12006,18,10,4.31,18.0
12007,16,10,3.37,20.88
12008,17,10,3.66,20.24
12009,16,10,2.99,22.12
12010,17,10,3.72,21.41
12011,18,10,4.04,20.78
12012,18,10,4.54,21.33
12013,18,10,4.4,21.89
12014,18,10,4.34,22.44
12015,19,10,4.02,21.79
12016,19,9,3.67,17.47
12017,20,7,2.83,12.55
12018,19,6,2.52,9.0
12019,20,5,2.93,4.55
12020,19,3,2.97,0.53
12021,20,5,3.59,0.75
12022,19,5,3.54,1.05
12023,21,6,4.28,1.24
12024,20,8,4.08,1.7
12025,19,9,4.19,2.26
12026,20,10,4.26,2.65
12027,19,10,4.09,3.32
12028,19,10,4.25,3.84
12029,20,10,4.58,4.15
12030,19,10,4.52,4.89
12031,18,10,4.28,5.72
12032,20,10,4.86,5.65
12033,19,10,4.57,6.47
12034,20,10,4.62,6.65
12035,19,10,4.4,7.53
12036,19,10,4.71,8.05
12037,19,10,4.23,8.58
12038,19,10,4.44,9.11
12039,18,10,4.0,10.17
12040,20,10,4.55,9.65
12041,19,10,4.48,10.68
12042,18,10,4.16,11.83
12043,19,10,4.52,11.74
12044,19,10,4.83,12.26
12045,18,10,4.6,13.5
12046,19,10,4.65,13.32
12047,18,10,4.5,14.61
12048,20,10,5.03,13.65
12049,18,10,4.35,15.72
12050,20,10,5.08,14.65
12051,18,10,4.14,16.83
12052,19,10,4.98,16.47
12053,19,10,4.69,17.0
12054,18,10,4.36,18.5
12055,19,10,4.72,18.05
12056,20,10,5.15,17.65
12057,18,10,4.46,20.17
12058,20,10,4.73,18.65
12059,19,10,4.05,20.16
12060,19,10,2.95,20.68
12061,20,9,2.66,15.7
12062,20,7,1.86,11.85
12063,20,7,2.07,8.15
12064,21,6,2.42,4.24
12065,20,6,2.52,2.7
12066,20,7,3.19,1.05
12067,19,9,3.29,1.58
12068,19,9,3.89,2.05
12069,17,10,3.51,2.88
12070,19,10,4.59,3.11
12071,18,10,4.36,3.83
12072,18,10,4.43,4.39
12073,18,10,4.15,4.94
12074,18,10,4.41,5.5
12075,18,10,3.92,6.06
12076,19,10,4.64,6.26
12077,18,10,4.53,7.17
12078,20,10,5.25,6.95
12079,19,10,4.99,7.84
12080,19,10,4.58,8.37
12081,19,10,4.71,8.89
12082,19,10,4.4,9.42
12083,19,10,4.49,9.95
12084,18,10,3.87,11.06
12085,19,10,4.07,11.0
12086,19,10,4.22,11.53
12087,20,10,4.49,11.45
12088,19,10,4.15,12.58
12089,18,10,3.83,13.83
12090,20,10,4.43,12.95
12091,20,10,4.51,13.45
12092,20,10,4.05,13.95
12093,20,10,4.14,14.45
12094,19,10,3.85,15.74
12095,19,10,3.74,16.26
12096,18,10,3.59,17.72
12097,20,10,4.24,16.45
12098,18,10,3.44,18.83
12099,19,10,4.13,18.37
12100,19,10,4.21,18.89
12101,17,10,3.39,21.71
12102,17,10,3.68,22.29
12103,18,10,4.1,21.61
12104,18,10,4.24,22.17
12105,18,10,3.69,22.72
12106,18,8,3.55,18.28
12107,18,6,2.32,13.78
12108,18,5,2.59,9.33
12109,18,5,2.61,4.89
12110,18,4,3.67,0.44
12111,20,4,4.24,0.6
12112,19,4,4.33,0.84
12113,22,6,4.61,1.0
12114,21,6,4.45,1.33
12115,20,8,4.27,1.8
12116,22,9,4.27,2.05
12117,21,10,4.18,2.62
12118,22,11,4.37,3.0
12119,20,12,3.5,3.9
12120,21,12,3.94,4.29
12121,21,12,3.78,4.86
12122,21,12,3.96,5.43
12123,20,12,3.83,6.3
12124,22,12,4.48,6.27
12125,20,12,3.78,7.5
12126,22,12,3.98,7.36
12127,20,12,3.24,8.7
12128,22,12,3.72,8.45
12129,21,12,3.41,9.43
12130,21,12,3.34,10.0
12131,22,12,3.58,10.09
12132,23,12,3.84,10.17
12133,21,12,3.31,11.71
12134,23,12,3.98,11.22
12135,21,12,3.35,12.86
12136,21,12,3.35,13.43
12137,22,12,3.71,13.36
12138,22,12,3.82,13.91
12139,21,12,3.99,15.14
12140,22,12,4.09,15.0
12141,22,12,4.26,15.55
12142,22,12,3.88,16.09
12143,22,12,4.14,16.64
12144,21,12,3.8,18.0
12145,22,12,4.08,17.73
12146,22,12,4.15,18.27
12147,22,12,4.14,18.82
12148,22,12,4.24,19.36
12149,20,12,3.13,21.9
12150,22,12,3.11,20.45
12151,21,10,2.42,17.86
12152,21,10,1.97,14.43
12153,22,9,2.14,10.5
12154,21,9,2.07,7.71
12155,22,8,2.6,4.23
12156,22,7,3.41,1.05
12157,21,8,3.42,1.48
12158,21,9,4.12,1.9
12159,20,9,3.79,2.45
12160,21,9,4.35,2.76
12161,20,10,4.07,3.4
12162,20,10,4.13,3.9
12163,21,10,4.74,4.19
12164,20,10,4.29,4.9
12165,21,10,4.7,5.14
12166,20,10,4.45,5.9
12167,22,10,4.86,5.82
12168,20,10,4.43,6.9
12169,21,10,4.83,7.05
12170,20,10,4.72,7.9
12171,20,10,4.76,8.4
12172,19,10,4.66,9.37
12173,20,10,4.77,9.4
12174,20,10,4.81,9.9
12175,21,10,4.85,9.9
12176,20,10,4.68,10.9
12177,21,10,5.15,10.86
12178,20,10,4.61,11.9
12179,20,10,4.68,12.4
12180,20,10,5.11,12.9
12181,19,10,4.4,14.11
12182,19,10,4.68,14.63
12183,19,10,4.47,15.16
12184,19,10,4.46,15.68
12185,18,10,4.04,17.11
12186,18,10,3.7,17.67
12187,17,10,3.4,19.29
12188,17,10,3.57,19.88
12189,16,10,3.02,21.75
12190,16,10,3.17,22.38
12191,16,10,2.91,23.0
12192,16,10,3.0,23.62
12193,15,10,1.85,25.87
12194,15,10,1.59,26.53
12195,17,11,2.23,24.06
12196,16,9,1.53,20.62
12197,17,8,2.25,14.76
12198,17,6,2.7,10.0
12199,18,4,3.12,5.0
12200,19,3,3.46,0.58
12201,20,4,4.09,0.75
12202,19,5,4.19,1.05
12203,21,6,4.62,1.24
12204,20,8,4.09,1.7
12205,20,8,4.46,2.1
12206,22,9,4.37,2.32
12207,20,9,3.79,3.0
12208,22,10,4.6,3.18
12209,20,10,3.85,4.0
12210,21,11,4.38,4.33
12211,21,11,4.05,4.86
12212,21,12,4.19,5.43
12213,20,12,3.97,6.3
12214,21,12,4.22,6.57
12215,20,12,3.94,7.5
12216,22,12,4.32,7.36
12217,21,12,4.08,8.29
12218,22,12,4.05,8.45
12219,20,12,3.31,9.9
12220,21,12,3.63,10.0
12221,22,12,3.75,10.09
12222,21,12,3.49,11.14
12223,21,12,3.75,11.71
12224,22,12,3.97,11.73
12225,22,12,4.09,12.27
12226,22,12,4.14,12.82
12227,21,12,3.7,14.0
12228,22,12,4.51,13.91
12229,20,12,3.97,15.9
12230,22,12,4.79,15.0
12231,21,12,4.35,16.29
12232,22,12,4.45,16.09
12233,20,12,3.63,18.3
12234,21,12,4.15,18.0
12235,20,12,3.38,19.5
12236,21,12,4.09,19.14
12237,20,12,3.77,20.7
12238,22,12,4.09,19.36
12239,22,12,3.83,19.91
12240,22,12,2.96,20.45
12241,22,10,2.35,17.0
12242,21,9,1.81,14.29
12243,23,9,1.9,9.96
12244,22,8,1.7,7.23
12245,22,8,2.18,4.09
12246,22,5,2.87,0.82
12247,21,7,3.35,1.19
12248,21,9,3.93,1.62
12249,20,10,4.1,2.2
12250,20,10,4.24,2.7
12251,20,10,4.72,3.2
12252,18,10,4.17,4.11
12253,20,10,4.89,4.2
12254,18,10,4.14,5.22
12255,20,10,4.62,5.2
12256,19,10,4.33,6.0
12257,19,10,4.43,6.53
12258,19,10,4.21,7.05
12259,20,10,4.91,7.2
12260,19,10,4.39,8.11
12261,20,10,4.89,8.2
12262,20,10,4.45,8.7
12263,19,10,4.05,9.68
12264,19,10,4.23,10.21
12265,20,10,4.47,10.2
12266,19,10,4.22,11.26
12267,21,10,4.67,10.67
12268,19,10,3.93,12.32
12269,20,10,4.58,12.2
12270,20,10,4.22,12.7
12271,20,10,4.4,13.2
12272,20,10,4.5,13.7
12273,21,10,4.8,13.52
12274,20,10,4.58,14.7
12275,20,10,4.91,15.2
12276,20,10,4.62,15.7
12277,19,10,4.51,17.05
12278,18,10,4.28,18.56
12279,19,10,4.53,18.11
12280,18,10,4.17,19.67
12281,19,10,4.17,19.16
12282,19,10,4.24,19.68
12283,20,10,4.29,19.2
12284,19,10,3.71,20.74
12285,19,11,2.81,21.32
12286,19,9,2.11,17.21
12287,19,9,2.14,13.11
12288,19,9,2.0,9.16
12289,21,7,2.16,4.67
12290,20,5,2.54,1.0
12291,20,7,3.4,1.35
12292,20,7,3.43,1.7
12293,21,9,4.01,2.05
12294,21,9,4.0,2.48
12295,23,10,4.18,2.7
12296,21,10,3.81,3.43
12297,21,10,4.2,3.9
12298,21,10,4.29,4.38
12299,21,11,4.57,4.9
12300,21,12,4.38,5.48
12301,22,12,4.98,5.77
12302,22,12,4.65,6.32
12303,22,12,4.67,6.86
12304,21,12,4.16,7.76
12305,21,12,3.91,8.33
12306,21,12,4.03,8.9
12307,20,12,3.53,9.95
12308,22,12,4.15,9.59
12309,21,12,3.95,10.62
12310,22,12,4.1,10.68
12311,21,12,3.79,11.76
12312,21,12,3.98,12.33
12313,22,12,3.95,12.32
12314,22,12,4.09,12.86
12315,21,12,3.87,14.05
12316,22,12,3.97,13.95
12317,20,12,3.68,15.95
12318,21,12,4.39,15.76
12319,21,12,4.05,16.33
12320,22,12,4.67,16.14
12321,21,12,4.14,17.48
12322,21,12,4.24,18.05
12323,20,12,3.86,19.55
12324,22,12,4.64,18.32
12325,20,12,3.95,20.75
12326,21,12,4.02,20.33
12327,21,12,4.18,20.9
12328,21,12,4.12,21.48
12329,21,12,3.82,22.05
12330,21,12,3.02,22.62
12331,21,11,2.47,18.86
12332,22,9,2.63,14.36
12333,22,8,2.25,10.77
12334,22,8,2.5,7.41
12335,22,6,2.29,4.14
12336,21,6,2.57,0.86
12337,21,6,2.99,1.14
12338,21,8,3.82,1.52
12339,21,10,4.27,2.0
12340,20,10,4.03,2.6
12341,20,10,4.5,3.1
12342,19,10,4.39,3.79
12343,20,10,4.85,4.1
12344,19,10,4.62,4.84
12345,20,10,4.79,5.1
12346,19,10,4.38,5.89
12347,18,10,3.9,6.78
12348,19,10,4.06,6.95
12349,18,10,3.86,7.89
12350,19,10,3.98,8.0
12351,19,10,4.03,8.53
12352,19,10,4.22,9.05
12353,19,10,3.86,9.58
12354,20,10,4.47,9.6
12355,20,10,4.21,10.1
12356,21,10,4.36,10.1
12357,21,10,4.49,10.57
12358,21,10,4.44,11.05
12359,21,10,4.65,11.52
12360,21,10,4.13,12.0
12361,19,10,3.73,13.79
12362,18,10,3.41,15.11
12363,18,10,3.19,15.67
12364,17,10,2.9,17.18
12365,17,10,3.22,17.76
12366,17,10,3.27,18.35
12367,17,10,3.43,18.94
12368,16,10,2.68,20.75
12369,16,10,2.84,21.38
12370,16,10,2.99,22.0
12371,16,10,2.71,22.62
12372,16,10,2.96,23.25
12373,16,10,2.49,23.88
12374,16,10,2.32,24.5
12375,17,10,2.07,23.65
12376,15,9,0.8,21.53
12377,15,7,0.82,16.27
12378,15,5,1.52,11.0
12379,16,4,2.16,5.44
12380,16,3,2.96,0.5
12381,16,3,3.83,0.69
12382,15,5,4.3,1.07
12383,17,4,5.07,1.12
12384,16,5,5.23,1.5
12385,15,6,5.36,2.0
12386,16,6,5.36,2.25
12387,15,6,5.14,2.8
12388,16,6,5.31,3.0
12389,14,6,4.25,3.86
12390,15,6,4.91,4.0
12391,15,6,4.48,4.4
12392,16,6,5.21,4.5
12393,15,6,4.96,5.2
12394,17,6,5.46,4.94
12395,16,6,5.27,5.62
12396,16,6,5.46,6.0
12397,16,6,5.48,6.38
12398,15,6,5.2,7.2
12399,14,6,5.14,8.14
12400,16,6,5.63,7.5
12401,15,6,5.48,8.4
12402,16,6,6.14,8.25
12403,15,6,5.63,9.2
12404,16,6,6.37,9.0
12405,16,6,6.0,9.38
12406,15,6,5.71,10.4
12407,14,6,5.64,11.57
12408,16,6,6.18,10.5
12409,14,6,5.77,12.43
12410,16,6,6.43,11.25
12411,14,6,5.68,13.29
12412,16,6,6.18,12.0
12413,15,6,5.68,13.2
12414,15,6,5.48,13.6
12415,15,6,5.15,14.0
12416,15,6,5.48,14.4
12417,14,6,5.21,15.86
12418,16,6,5.81,14.25
12419,15,6,5.16,15.6
12420,16,6,4.1,15.0
12421,15,6,3.36,13.4
12422,16,6,2.33,10.25
12423,16,6,2.13,7.94
12424,16,5,1.41,5.62
12425,16,6,1.65,3.44
12426,16,5,1.94,1.19
12427,15,7,1.75,1.73
12428,15,8,2.03,2.27
12429,14,9,1.81,3.07
12430,16,10,3.04,3.31
12431,15,10,2.42,4.2
12432,17,10,3.35,4.29
12433,17,10,3.32,4.88
12434,18,10,3.89,5.17
12435,18,10,4.05,5.72
12436,18,10,4.26,6.28
12437,18,10,4.06,6.83
12438,17,10,3.48,7.82
12439,18,10,3.61,7.94
12440,18,10,3.57,8.5
12441,17,10,3.07,9.59
12442,17,10,3.12,10.18
12443,16,10,2.92,11.44
12444,15,10,2.56,12.87
12445,15,10,2.26,13.53
12446,15,10,2.48,14.2
12447,15,10,2.33,14.87
12448,15,10,2.41,15.53
12449,14,10,2.18,17.36
12450,15,10,2.64,16.87
12451,14,10,2.14,18.79
12452,16,10,3.18,17.06
12453,16,10,3.13,17.69
12454,16,10,2.77,18.31
12455,16,10,2.87,18.94
12456,16,10,3.06,19.56
12457,16,10,2.93,20.19
12458,16,10,3.29,20.81
12459,16,10,2.96,21.44
12460,16,10,2.94,22.06
12461,15,10,2.49,24.2
12462,15,10,2.18,24.87
12463,15,10,2.41,25.53
12464,16,10,2.25,24.56
12465,16,11,2.13,25.25
12466,17,9,2.09,19.06
12467,16,7,1.8,15.31
12468,16,6,1.74,10.44
12469,18,5,1.86,5.0
12470,18,4,2.51,0.67
12471,19,5,3.47,0.89
12472,18,6,4.1,1.28
12473,19,7,4.7,1.58
12474,20,7,4.72,1.85
12475,20,7,4.97,2.2
12476,21,8,4.61,2.48
12477,21,8,5.01,2.86
12478,21,9,4.78,3.29
12479,22,9,4.53,3.55
12480,22,9,4.53,3.95
12481,21,10,4.03,4.62
12482,22,11,4.62,4.91
12483,21,12,4.01,5.71
12484,22,12,4.42,6.0
12485,21,12,3.66,6.86
12486,22,12,4.19,7.09
12487,20,12,3.26,8.4
12488,21,12,3.91,8.57
12489,21,12,3.86,9.14
12490,22,12,4.48,9.27
12491,21,12,4.02,10.29
12492,22,12,4.41,10.36
12493,21,12,4.14,11.43
12494,22,12,4.27,11.45
12495,20,12,3.53,13.2
12496,21,12,4.1,13.14
12497,20,12,3.25,14.4
12498,21,12,4.0,14.29
12499,20,12,3.61,15.6
12500,22,12,4.19,14.73
12501,21,12,4.05,16.0
12502,23,12,4.55,15.13
12503,21,12,3.91,17.14
12504,22,12,4.54,16.91
12505,21,12,4.02,18.29
12506,21,12,4.22,18.86
12507,20,12,4.06,20.4
12508,21,12,3.88,20.0
12509,21,12,3.59,20.57
12510,22,13,3.07,20.23
12511,21,11,1.96,17.62
12512,22,11,1.87,13.68
12513,22,9,1.23,10.5
12514,22,10,1.66,7.45
12515,22,8,2.31,4.36
12516,22,7,2.9,1.23
12517,21,8,3.25,1.67
12518,21,9,3.94,2.1
12519,20,10,4.0,2.7
12520,22,10,4.57,2.91
12521,20,10,4.42,3.7
12522,20,10,4.24,4.2
12523,20,10,4.57,4.7
12524,19,10,4.31,5.47
12525,20,10,4.74,5.7
12526,19,10,4.46,6.53
12527,19,10,4.52,7.05
12528,19,10,4.39,7.58
12529,18,10,4.12,8.56
12530,18,10,3.97,9.11
12531,17,10,3.59,10.24
12532,16,10,3.33,11.5
12533,18,10,4.0,10.78
12534,17,10,3.64,12.0
12535,18,10,3.76,11.89
12536,18,10,3.88,12.44
12537,19,10,4.44,12.32
12538,18,10,3.83,13.56
12539,18,10,4.0,14.11
12540,19,10,4.28,13.89
12541,19,10,4.25,14.42
12542,20,10,4.64,14.2
12543,19,10,4.09,15.47
12544,19,10,4.18,16.0
12545,20,10,4.4,15.7
12546,19,10,4.09,17.05
12547,19,10,4.07,17.58
12548,18,10,4.05,19.11
12549,19,10,4.23,18.63
12550,18,10,4.14,20.22
12551,18,10,3.92,20.78
12552,18,10,4.05,21.33
12553,16,10,3.1,24.62
12554,18,10,3.91,22.44
12555,17,10,3.49,24.35
12556,18,8,3.43,18.44
12557,18,6,3.39,13.89
12558,17,5,2.51,9.94
12559,17,5,2.4,5.12
12560,19,3,2.99,0.37
12561,19,4,3.62,0.58
12562,20,5,4.08,0.8
12563,21,6,3.89,1.05
12564,22,7,4.34,1.32
12565,22,7,4.17,1.64
12566,23,9,4.21,1.96
12567,21,9,3.83,2.57
12568,20,10,3.82,3.2
12569,22,11,4.45,3.41
12570,20,12,3.98,4.35
12571,22,12,4.61,4.5
12572,20,12,3.86,5.55
12573,21,12,4.48,5.86
12574,21,12,4.2,6.43
12575,21,12,4.41,7.0
12576,21,12,4.19,7.57
12577,21,12,4.35,8.14
12578,20,12,3.89,9.15
12579,21,12,4.06,9.29
12580,21,12,4.39,9.86
12581,22,12,4.66,9.95
12582,20,12,3.88,11.55
12583,20,12,4.03,12.15
12584,19,12,3.19,13.42
12585,19,12,3.51,14.05
12586,19,12,3.23,14.68
12587,18,12,2.71,16.17
12588,18,12,2.9,16.83
12589,18,12,2.63,17.5
12590,17,12,2.38,19.24
12591,18,12,2.68,18.83
12592,17,12,2.23,20.65
12593,18,12,2.65,20.17
12594,18,12,2.59,20.83
12595,17,12,2.01,22.76
12596,18,12,2.21,22.17
12597,17,12,1.88,24.18
12598,17,12,2.15,24.88
12599,18,12,2.46,24.17
12600,18,12,2.57,24.83
12601,18,10,2.07,20.67
12602,18,8,2.49,16.5
12603,17,7,2.24,13.12
12604,18,5,2.5,8.28
12605,17,4,2.74,4.53
12606,17,3,3.69,0.41
12607,16,3,4.13,0.62
12608,16,4,4.98,0.88
12609,15,4,4.76,1.2
12610,15,5,4.56,1.53
12611,15,5,4.99,1.87
12612,14,5,4.84,2.36
12613,14,5,4.52,2.71
12614,13,5,4.17,3.31
12615,15,5,4.97,3.2
12616,15,5,4.94,3.53
12617,15,5,5.43,3.87
12618,15,5,5.42,4.2
12619,14,5,5.55,4.86
12620,14,5,5.4,5.21
12621,13,5,5.2,6.0
12622,12,5,4.75,6.92
12623,13,5,4.88,6.77
12624,13,5,5.2,7.15
12625,12,5,4.8,8.17
12626,12,5,4.3,8.58
12627,12,5,4.58,9.0
12628,12,5,4.33,9.42
12629,11,5,4.07,10.73
12630,11,5,4.15,11.18
12631,11,5,3.78,11.64
12632,11,5,3.99,12.09
12633,10,5,3.37,13.8
12634,11,5,4.11,13.0
12635,11,5,4.22,13.45
12636,12,5,4.79,12.75
12637,12,5,4.66,13.17
12638,13,5,5.57,12.54
12639,13,5,5.24,12.92
12640,13,5,5.58,13.31
12641,12,5,5.23,14.83
12642,13,5,5.67,14.08
12643,12,5,5.1,15.67
12644,12,5,4.24,16.08
12645,12,5,4.0,16.5
12646,11,5,2.25,14.55
12647,11,4,2.51,11.09
12648,10,3,1.82,8.3
12649,10,3,2.12,4.5
12650,11,2,2.39,0.64
12651,11,3,2.69,0.91
12652,11,4,3.27,1.27
12653,12,4,3.83,1.5
12654,11,5,3.36,2.09
12655,11,5,3.34,2.55
12656,12,6,3.95,2.83
12657,12,6,4.49,3.33
12658,11,6,3.69,4.18
12659,11,6,3.53,4.73
12660,11,6,3.73,5.27
12661,12,6,3.99,5.33
12662,11,6,3.47,6.36
12663,12,6,3.85,6.33
12664,11,6,2.89,7.45
12665,11,6,2.94,8.0
12666,12,6,3.6,7.83
12667,12,6,3.72,8.33
12668,11,6,3.57,9.64
12669,12,6,3.79,9.33
12670,11,6,3.44,10.73
12671,12,6,3.96,10.33
12672,11,6,2.97,11.82
12673,11,6,3.13,12.36
12674,12,6,3.92,11.83
12675,12,6,4.25,12.33
12676,12,6,3.83,12.83
12677,12,6,3.89,13.33
12678,11,6,3.05,15.09
12679,12,6,3.7,14.33
12680,11,6,2.89,16.18
12681,11,6,3.14,16.73
12682,12,6,3.59,15.83
12683,12,6,3.92,16.33
12684,11,6,3.43,18.36
12685,12,6,3.82,17.33
12686,11,6,3.35,19.45
12687,12,6,4.05,18.33
12688,11,6,3.28,20.55
12689,12,6,3.02,19.33
12690,12,7,2.74,19.92
12691,11,6,2.0,18.18
12692,12,6,1.99,13.58
12693,11,5,1.16,11.45
12694,11,4,1.65,8.0
12695,11,4,2.3,4.64
12696,11,4,2.8,1.36
12697,10,5,2.42,2.0
12698,10,5,3.15,2.5
12699,9,5,2.88,3.33
12700,10,5,3.78,3.5
12701,9,5,2.86,4.44
12702,10,5,3.36,4.5
12703,10,5,3.39,5.0
12704,11,5,3.78,5.0
12705,10,5,3.03,6.0
12706,10,5,3.17,6.5
12707,10,5,2.92,7.0
12708,10,5,3.41,7.5
12709,9,5,3.01,8.89
12710,11,5,4.36,7.73
12711,10,5,3.73,9.0
12712,11,5,4.26,8.64
12713,11,5,4.32,9.09
12714,10,5,3.9,10.5
12715,11,5,4.16,10.0
12716,11,5,4.39,10.45
12717,11,5,3.99,10.91
12718,11,5,4.11,11.36
12719,10,5,3.58,13.0
12720,11,5,3.91,12.27
12721,10,5,3.46,14.0
12722,11,5,3.92,13.18
12723,11,5,4.05,13.64
12724,12,5,4.78,12.92
12725,12,5,4.55,13.33
12726,12,5,4.85,13.75
12727,11,5,4.57,15.45
12728,13,5,5.47,13.46
12729,13,5,5.67,13.85
12730,13,5,5.42,14.23
12731,13,5,5.4,14.62
12732,11,5,4.36,17.73
12733,13,5,5.25,15.38
12734,13,5,5.41,15.77
12735,12,5,4.12,17.5
12736,12,4,3.97,14.0
12737,12,3,2.91,10.5
12738,12,3,2.72,7.17
12739,11,3,2.12,4.18
12740,11,2,2.75,0.45
12741,12,3,3.05,0.67
12742,12,5,3.33,1.08
12743,13,5,3.86,1.38
12744,12,6,3.51,2.0
12745,13,6,3.95,2.31
12746,12,7,3.17,3.08
12747,13,7,3.43,3.38
12748,13,7,3.46,3.92
12749,12,7,2.93,4.83
12750,13,7,3.17,5.0
12751,12,7,2.58,6.0
12752,12,7,2.74,6.58
12753,13,7,3.18,6.62
12754,13,7,3.54,7.15
12755,12,7,3.25,8.33
12756,13,7,3.49,8.23
12757,13,7,3.8,8.77
12758,12,7,3.21,10.08
12759,12,7,2.88,10.67
12760,12,7,3.19,11.25
12761,13,7,3.59,10.92
12762,13,7,3.82,11.46
12763,12,7,3.22,13.0
12764,13,7,3.81,12.54
12765,12,7,3.32,14.17
12766,12,7,3.56,14.75
12767,12,7,3.12,15.33
12768,12,7,3.46,15.92
12769,13,7,3.79,15.23
12770,12,7,3.27,17.08
12771,13,7,3.62,16.31
12772,13,7,3.6,16.85
12773,12,7,3.1,18.83
12774,13,7,3.81,17.92
12775,12,7,3.36,20.0
12776,13,7,3.71,19.0
12777,13,7,4.07,19.54
12778,12,7,3.59,21.75
12779,13,7,3.88,20.62
12780,12,7,2.95,22.92
12781,13,6,3.06,15.31
12782,12,5,2.64,13.42
12783,13,4,2.75,9.46
12784,13,4,3.16,6.54
12785,12,4,2.75,4.0
12786,12,4,3.5,1.0
12787,11,5,3.34,1.55
12788,11,5,3.89,2.0
12789,10,5,3.58,2.7
12790,10,5,3.07,3.2
12791,10,5,3.39,3.7
12792,11,5,4.04,3.82
12793,11,5,4.48,4.27
12794,10,5,4.08,5.2
12795,11,5,4.5,5.18
12796,10,5,3.78,6.2
12797,10,5,3.93,6.7
12798,11,5,4.48,6.55
12799,10,5,4.16,7.7
12800,11,5,4.64,7.45
12801,11,5,4.6,7.91
12802,10,5,3.16,9.2
12803,10,5,3.2,9.7
12804,10,5,3.54,10.2
12805,10,5,3.17,10.7
12806,10,5,3.65,11.2
12807,9,5,2.71,13.0
12808,10,5,3.23,12.2
12809,10,5,3.69,12.7
12810,9,5,3.02,14.67
12811,10,5,3.72,13.7
12812,9,5,3.42,15.78
12813,10,5,3.97,14.7
12814,9,5,3.24,16.89
12815,11,5,4.41,14.27
12816,10,5,3.83,16.2
12817,11,5,4.56,15.18
12818,12,5,5.04,14.33
12819,11,5,4.94,16.09
12820,12,5,5.2,15.17
12821,12,5,5.19,15.58
12822,12,5,4.95,16.0
12823,12,5,5.02,16.42
12824,13,5,4.53,15.54
12825,13,5,4.33,15.92
12826,13,5,3.95,12.85
12827,13,4,3.36,9.85
12828,13,3,3.07,6.77
12829,13,3,2.69,3.69
12830,14,2,2.77,0.5
12831,15,4,2.65,0.73
12832,15,5,2.84,1.07
12833,15,6,3.02,1.47
12834,16,7,3.12,1.81
12835,15,9,2.79,2.53
12836,16,10,3.28,3.0
12837,15,10,2.78,3.87
12838,15,10,2.81,4.53
12839,16,10,3.23,4.88
12840,15,10,2.97,5.87
12841,16,10,3.32,6.12
12842,15,10,2.65,7.2
12843,15,10,2.79,7.87
12844,15,10,2.28,8.53
12845,15,10,2.67,9.2
12846,16,10,2.89,9.25
12847,16,10,3.18,9.88
12848,15,10,2.83,11.2
12849,16,10,3.25,11.12
12850,15,10,2.78,12.53
12851,16,10,3.17,12.38
12852,15,10,2.78,13.87
12853,16,10,3.06,13.62
12854,16,10,3.11,14.25
12855,15,10,2.47,15.87
12856,16,10,2.76,15.5
12857,15,10,2.14,17.2
12858,16,10,2.44,16.75
12859,16,10,2.64,17.38
12860,15,10,2.18,19.2
12861,15,10,2.37,19.87
12862,16,10,2.83,19.25
12863,16,10,3.03,19.88
12864,17,10,3.35,19.29
12865,16,10,3.06,21.12
12866,16,10,2.87,21.75
12867,16,10,2.91,22.38
12868,15,10,2.47,24.53
12869,16,10,2.73,23.62
12870,15,10,2.17,25.87
12871,16,8,2.34,19.44
12872,16,7,2.8,14.75
12873,15,5,2.65,10.73
12874,16,4,3.21,5.25
12875,16,4,3.97,2.94
12876,15,3,4.12,0.67
12877,14,4,4.38,1.0
12878,14,4,4.96,1.29
12879,13,5,4.84,1.77
12880,13,5,4.78,2.15
12881,13,5,4.99,2.54
12882,11,5,3.9,3.45
12883,12,5,3.94,3.58
12884,12,5,4.31,4.0
12885,12,5,3.99,4.42
12886,11,5,3.47,5.27
12887,10,5,3.13,6.3
12888,10,5,3.01,6.8
12889,10,5,3.4,7.3
12890,9,5,2.55,8.67
12891,11,5,3.9,7.55
12892,11,5,3.96,8.0
12893,11,5,3.97,8.45
12894,11,5,3.95,8.91
12895,11,5,4.3,9.36
12896,11,5,3.93,9.82
12897,11,5,4.11,10.27
12898,11,5,3.76,10.73
12899,11,5,3.89,11.18
12900,11,5,3.97,11.64
12901,11,5,3.5,12.09
12902,10,5,3.03,13.8
12903,11,5,3.32,13.0
12904,10,5,2.72,14.8
12905,10,5,2.91,15.3
12906,11,5,3.74,14.36
12907,10,5,3.4,16.3
12908,10,5,3.5,16.8
12909,10,5,3.24,17.3
12910,10,5,3.59,17.8
12911,9,5,3.21,20.33
12912,10,5,3.95,18.8
12913,9,5,3.01,21.44
12914,10,5,2.63,19.8
12915,9,5,1.33,22.56
12916,10,5,1.41,16.4
12917,10,5,1.6,12.6
12918,10,4,1.55,8.7
12919,11,4,1.95,4.45
12920,11,3,2.43,1.0
12921,11,4,3.23,1.36
12922,11,5,3.77,1.82
12923,12,5,4.4,2.08
12924,11,6,3.81,2.82
12925,11,6,3.97,3.36
12926,11,6,3.71,3.91
12927,11,6,4.12,4.45
12928,12,6,4.54,4.58
12929,11,6,4.09,5.55
12930,12,6,4.31,5.58
12931,11,6,3.61,6.64
12932,11,6,3.57,7.18
12933,12,6,4.04,7.08
12934,11,6,3.53,8.27
12935,12,6,3.83,8.08
12936,11,6,3.27,9.36
12937,11,6,3.66,9.91
12938,12,6,4.25,9.58
12939,12,6,4.42,10.08
12940,12,6,4.16,10.58
12941,11,6,3.51,12.09
12942,12,6,3.82,11.58
12943,12,6,4.12,12.08
12944,11,6,3.44,13.73
12945,12,6,3.75,13.08
12946,11,6,3.26,14.82
12947,11,6,3.5,15.36
12948,12,6,3.91,14.58
12949,11,6,3.25,16.45
12950,11,6,3.72,17.0
12951,11,6,3.29,17.55
12952,11,6,3.75,18.09
12953,12,6,3.8,17.08
12954,12,6,4.18,17.58
12955,11,6,3.94,19.73
12956,12,6,4.47,18.58
12957,11,6,4.11,20.82
12958,12,6,4.19,19.58
12959,11,6,3.19,21.91
12960,12,6,3.07,20.58
12961,11,5,1.99,18.82
12962,11,5,2.11,15.18
12963,12,4,2.24,10.58
12964,11,4,1.54,8.0
12965,11,3,1.88,4.36
12966,11,3,2.43,0.82
12967,10,4,2.28,1.3
12968,10,5,2.99,1.8
12969,9,5,2.83,2.56
12970,9,5,3.29,3.11
12971,10,5,4.01,3.3
12972,9,5,3.37,4.22
12973,10,5,3.85,4.3
12974,9,5,2.96,5.33
12975,10,5,3.23,5.3
12976,10,5,3.59,5.8
12977,9,5,2.91,7.0
12978,10,5,3.46,6.8
12979,9,5,2.89,8.11
12980,10,5,3.49,7.8
12981,10,5,3.42,8.3
12982,12,5,4.62,7.33
12983,11,5,3.93,8.45
12984,12,5,5.18,8.17
12985,12,5,5.09,8.58
12986,12,5,5.19,9.0
12987,11,5,4.6,10.27
12988,12,5,4.98,9.83
12989,11,5,4.82,11.18
12990,12,5,5.02,10.67
12991,11,5,4.52,12.09
12992,12,5,4.59,11.5
12993,12,5,4.53,11.92
12994,13,5,5.11,11.38
12995,12,5,4.31,12.75
12996,12,5,4.54,13.17
12997,11,5,4.2,14.82
12998,12,5,4.63,14.0
12999,12,5,4.73,14.42
13000,12,5,4.36,14.83
13001,12,5,4.44,15.25
13002,11,5,3.68,17.09
13003,12,5,3.58,16.08
13004,11,5,2.93,18.0
13005,12,6,2.68,17.0
13006,10,5,0.94,16.5
13007,10,5,1.05,12.7
13008,12,4,1.88,7.42
13009,12,4,2.2,4.25
13010,13,3,3.36,0.92
13011,13,4,3.53,1.23
13012,14,5,3.94,1.5
13013,16,5,4.29,1.62
13014,16,7,3.89,2.06
13015,16,7,2.99,2.5
13016,17,8,2.79,2.82
13017,17,8,2.81,3.29
13018,16,9,2.21,4.06
13019,18,9,2.4,4.11
13020,17,10,2.09,4.94
13021,17,10,2.36,5.53
13022,18,11,2.73,5.83
13023,18,11,2.96,6.44
13024,18,12,2.78,7.11
13025,18,12,2.93,7.78
13026,18,12,2.7,8.44
13027,18,12,2.84,9.11
13028,17,12,2.11,10.35
13029,18,12,2.27,10.44
13030,17,12,2.02,11.76
13031,17,12,2.2,12.47
13032,18,12,2.63,12.44
13033,18,12,2.79,13.11
13034,18,12,2.67,13.78
13035,18,12,2.78,14.44
13036,17,12,2.34,16.0
13037,18,12,2.7,15.78
13038,17,12,2.36,17.41
13039,17,12,2.5,18.12
13040,17,12,2.29,18.82
13041,17,12,2.57,19.53
13042,18,12,2.98,19.11
13043,17,12,2.58,20.94
13044,18,12,2.79,20.44
13045,17,12,2.22,22.35
13046,18,12,2.48,21.78
13047,18,12,2.73,22.44
13048,17,12,2.3,24.47
13049,18,12,2.73,23.78
13050,18,12,2.74,24.44
13051,18,10,2.18,20.39
13052,18,9,2.49,16.39
13053,17,8,2.13,13.18
13054,18,6,2.6,8.5
13055,17,4,2.82,4.76
13056,17,3,3.75,0.59
13057,16,3,4.19,0.81
13058,16,4,5.14,1.06
13059,16,5,5.77,1.38
13060,15,5,5.93,1.8
13061,16,5,6.4,2.0
13062,14,5,6.16,2.64
13063,16,5,7.04,2.62
13064,15,5,7.03,3.13
13065,15,5,6.69,3.47
13066,13,5,5.67,4.38
13067,13,5,5.15,4.77
13068,13,5,5.16,5.15
13069,12,5,4.61,6.0
13070,12,5,4.3,6.42
13071,11,5,3.87,7.45
13072,11,5,3.06,7.91
13073,11,5,3.31,8.36
13074,10,5,2.68,9.7
13075,11,5,3.18,9.27
13076,10,5,2.81,10.7
13077,10,5,3.38,11.2
13078,11,5,3.94,10.64
13079,11,5,3.96,11.09
13080,11,5,4.09,11.55
13081,12,5,4.4,11.0
13082,12,5,4.87,11.42
13083,13,5,5.09,10.92
13084,13,5,5.21,11.31
13085,13,5,5.47,11.69
13086,14,5,5.42,11.21
13087,15,5,5.9,10.8
13088,15,5,5.48,11.13
13089,15,5,5.38,11.47
13090,15,5,5.46,11.8
13091,16,5,5.5,11.38
13092,15,5,5.14,12.47
13093,15,5,5.23,12.8
13094,15,5,4.15,13.13
13095,14,6,3.27,14.5
13096,16,5,2.8,10.25
13097,14,5,1.87,8.93
13098,14,5,2.21,6.29
13099,14,5,1.88,3.71
13100,15,4,2.52,1.0
13101,15,6,2.72,1.4
13102,15,6,2.75,1.8
13103,15,7,2.89,2.27
13104,15,7,2.5,2.73
13105,15,9,2.76,3.33
13106,16,9,3.11,3.69
13107,15,10,2.69,4.6
13108,15,10,2.82,5.27
13109,16,10,3.28,5.56
13110,15,10,3.04,6.6
13111,16,10,3.24,6.81
13112,15,10,2.68,7.93
13113,15,10,3.03,8.6
13114,15,10,2.81,9.27
13115,15,10,3.13,9.93
13116,16,10,3.44,9.94
13117,15,10,2.74,11.27
13118,15,10,2.16,11.93
13119,15,10,2.21,12.6
13120,15,10,2.28,13.27
13121,16,10,2.8,13.06
13122,15,10,2.22,14.6
13123,15,10,2.27,15.27
13124,16,10,2.78,14.94
13125,16,10,3.12,15.56
13126,16,10,2.86,16.19
13127,16,10,2.99,16.81
13128,15,10,2.45,18.6
13129,16,10,2.89,18.06
13130,16,10,3.19,18.69
13131,15,10,2.84,20.6
13132,16,10,3.36,19.94
13133,15,10,2.72,21.93
13134,16,10,3.01,21.19
13135,16,10,3.16,21.81
13136,16,10,2.89,22.44
13137,16,10,2.98,23.06
13138,16,11,2.07,23.75
13139,16,11,1.97,24.44
13140,15,11,1.09,26.8
13141,16,10,1.05,20.12
13142,16,8,1.51,15.19
13143,16,7,1.93,10.62
13144,15,5,2.0,6.33
13145,15,5,2.86,3.87
13146,15,5,3.68,1.47
13147,14,5,4.15,1.93
13148,14,5,4.91,2.29
13149,15,5,5.23,2.47
13150,13,5,4.61,3.23
13151,13,5,4.82,3.62
13152,12,5,4.67,4.33
13153,12,5,4.44,4.75
13154,11,5,3.93,5.64
13155,11,5,3.28,6.09
13156,11,5,3.55,6.55
13157,10,5,3.14,7.7
13158,10,5,2.88,8.2
13159,10,5,3.57,8.7
13160,9,5,3.29,10.22
13161,11,5,4.74,8.82
13162,10,5,4.09,10.2
13163,11,5,4.91,9.73
13164,11,5,4.71,10.18
13165,11,5,4.29,10.64
13166,11,5,4.28,11.09
13167,10,5,3.55,12.7
13168,12,5,4.36,11.0
13169,11,5,3.86,12.45
13170,12,5,4.03,11.83
13171,12,5,4.23,12.25
13172,12,5,4.38,12.67
13173,12,5,4.37,13.08
13174,12,5,4.73,13.5
13175,12,5,5.28,13.92
13176,12,5,4.8,14.33
13177,11,5,4.09,16.09
13178,12,5,4.4,15.17
13179,11,5,3.98,17.0
13180,11,5,4.45,17.45
13181,11,5,4.12,17.91
13182,11,5,4.24,18.36
13183,10,5,2.63,20.7
13184,10,5,2.34,21.2
13185,11,5,1.9,19.73
13186,10,5,0.77,17.4
13187,10,4,1.06,13.2
13188,10,4,1.24,9.1
13189,10,3,1.62,5.0
13190,12,3,2.71,0.75
13191,12,4,3.12,1.08
13192,13,4,4.39,1.31
13193,14,5,4.81,1.57
13194,15,6,4.88,1.87
13195,14,6,4.18,2.43
13196,16,6,3.92,2.5
13197,15,7,3.33,3.13
13198,16,7,3.3,3.38
13199,16,8,2.56,3.88
13200,16,8,2.7,4.38
13201,18,9,2.8,4.39
13202,18,10,2.93,4.94
13203,17,10,2.72,5.82
13204,18,11,2.86,6.11
13205,17,12,2.37,7.18
13206,18,12,2.71,7.44
13207,17,12,2.34,8.59
13208,17,12,2.45,9.29
13209,17,12,2.02,10.0
13210,17,12,2.34,10.71
13211,17,12,2.45,11.41
13212,17,12,2.4,12.12
13213,17,12,2.67,12.82
13214,18,12,3.06,12.78
13215,17,12,2.64,14.24
13216,18,12,2.81,14.11
13217,17,12,2.37,15.65
13218,18,12,2.66,15.44
13219,17,12,2.03,17.06
13220,17,12,2.24,17.76
13221,18,12,2.5,17.44
13222,18,12,2.72,18.11
13223,18,12,2.28,18.78
13224,18,12,2.4,19.44
13225,17,12,1.97,21.29
13226,17,12,2.28,22.0
13227,18,12,2.55,21.44
13228,17,12,2.32,23.41
13229,18,12,2.61,22.78
13230,18,12,2.55,23.44
13231,18,10,2.21,19.61
13232,18,8,2.52,15.78
13233,17,7,2.05,12.71
13234,18,6,2.45,8.17
13235,18,4,3.13,4.33
13236,17,3,3.51,0.47
13237,16,3,3.72,0.69
13238,16,4,4.7,0.94
13239,15,5,4.9,1.33
13240,16,5,5.46,1.56
13241,14,5,5.28,2.14
13242,16,5,5.73,2.19
13243,15,5,5.69,2.67
13244,16,5,5.97,2.81
13245,14,5,5.31,3.57
13246,14,5,5.25,3.93
13247,13,5,4.44,4.62
13248,13,5,4.67,5.0
13249,12,5,4.35,5.83
13250,13,5,4.52,5.77
13251,11,5,3.57,7.27
13252,11,5,3.86,7.73
13253,11,5,3.39,8.18
13254,11,5,3.61,8.64
13255,12,5,4.61,8.33
13256,12,5,4.4,8.75
13257,12,5,4.7,9.17
13258,11,5,4.23,10.45
13259,12,5,4.39,10.0
13260,12,5,4.76,10.42
13261,12,5,4.56,10.83
13262,12,5,4.54,11.25
13263,11,5,3.77,12.73
13264,12,5,4.05,12.08
13265,12,5,4.46,12.5
13266,12,5,4.6,12.92
13267,12,5,4.27,13.33
13268,12,5,4.46,13.75
13269,12,5,4.17,14.17
13270,12,5,4.33,14.58
13271,12,5,4.56,15.0
13272,12,5,4.27,15.42
13273,12,5,4.56,15.83
13274,11,5,3.93,17.73
13275,11,5,3.06,18.18
13276,11,5,3.23,14.73
13277,11,4,2.27,11.18
13278,10,4,1.67,8.5
13279,10,3,1.58,4.7
13280,10,3,2.2,0.9
13281,11,3,2.54,1.09
13282,11,3,3.4,1.36
13283,11,5,3.97,1.82
13284,12,6,4.57,2.17
13285,11,6,3.79,2.91
13286,12,6,4.12,3.17
13287,11,6,3.46,4.0
13288,12,6,3.62,4.17
13289,11,6,2.61,5.09
13290,11,6,2.61,5.64
13291,12,6,2.99,5.67
13292,12,6,3.26,6.17
13293,11,6,2.84,7.27
13294,11,6,3.03,7.82
13295,12,6,3.53,7.67
13296,12,6,3.68,8.17
13297,12,6,3.96,8.67
13298,12,6,4.13,9.17
13299,12,6,4.62,9.67
13300,12,6,4.38,10.17
13301,11,6,3.97,11.64
13302,12,6,4.09,11.17
13303,11,6,3.55,12.73
13304,12,6,3.97,12.17
13305,12,6,4.13,12.67
13306,11,6,3.32,14.36
13307,12,6,3.51,13.67
13308,11,6,2.97,15.45
13309,11,6,3.37,16.0
13310,12,6,3.81,15.17
13311,12,6,4.09,15.67
13312,11,6,3.64,17.64
13313,12,6,4.02,16.67
13314,11,6,3.81,18.73
13315,11,6,3.91,19.27
13316,11,6,3.63,19.82
13317,11,6,4.01,20.36
13318,12,6,4.07,19.17
13319,11,6,3.22,21.45
13320,12,6,3.14,20.17
13321,11,6,1.97,18.45
13322,12,5,1.83,13.67
13323,12,5,2.05,10.5
13324,11,5,1.65,8.18
13325,11,4,2.12,4.73
13326,11,4,2.6,1.27
13327,10,5,2.24,1.9
13328,10,5,2.91,2.4
13329,10,5,3.46,2.9
13330,10,5,3.33,3.4
13331,10,5,3.84,3.9
13332,9,5,3.02,4.89
13333,10,5,3.84,4.9
13334,9,5,3.53,6.0
13335,10,5,4.02,5.9
13336,9,5,3.32,7.11
13337,10,5,3.67,6.9
13338,10,5,3.82,7.4
13339,9,5,2.95,8.78
13340,10,5,3.54,8.4
13341,10,5,3.94,8.9
13342,10,5,3.49,9.4
13343,10,5,3.77,9.9
13344,10,5,3.23,10.4
13345,10,5,3.35,10.9
13346,9,5,2.48,12.67
13347,11,5,3.86,10.82
13348,11,5,4.27,11.27
13349,11,5,4.53,11.73
13350,12,5,4.91,11.17
13351,12,5,5.24,11.58
13352,13,5,5.4,11.08
13353,13,5,5.45,11.46
13354,12,5,4.93,12.83
13355,13,5,5.11,12.23
13356,13,5,5.29,12.62
13357,13,5,4.99,13.0
13358,12,5,4.51,14.5
13359,12,5,4.64,14.92
13360,11,5,3.67,16.73
13361,11,5,4.06,17.18
13362,10,5,3.6,19.4
13363,10,5,3.21,19.9
13364,10,5,3.78,20.4
13365,10,5,2.48,20.9
13366,10,4,2.51,16.8
13367,11,4,2.52,11.64
13368,10,3,1.86,8.7
13369,10,3,2.05,4.7
13370,11,3,2.36,0.64
13371,11,4,2.81,1.0
13372,11,4,3.39,1.36
13373,12,5,3.85,1.67
13374,11,5,3.26,2.27
13375,11,6,3.43,2.82
13376,12,6,4.26,3.08
13377,11,6,3.74,3.91
13378,12,6,4.12,4.08
13379,12,6,3.95,4.58
13380,11,6,3.25,5.55
13381,11,6,2.65,6.09
13382,11,6,3.2,6.64
13383,11,6,3.56,7.18
13384,12,6,3.9,7.08
13385,12,6,4.18,7.58
13386,12,6,3.67,8.08
13387,11,6,3.09,9.36
13388,11,6,3.49,9.91
13389,12,6,4.14,9.58
13390,11,6,3.84,11.0
13391,12,6,3.98,10.58
13392,12,6,4.02,11.08
13393,11,6,3.46,12.64
13394,12,6,3.8,12.08
13395,11,6,3.27,13.73
13396,11,6,3.51,14.27
13397,12,6,4.14,13.58
13398,11,6,3.83,15.36
13399,12,6,4.07,14.58
13400,11,6,3.46,16.45
13401,12,6,3.81,15.58
13402,12,6,3.86,16.08
13403,11,6,3.34,18.09
13404,12,6,3.87,17.08
13405,11,6,3.12,19.18
13406,11,6,3.62,19.73
13407,12,6,3.91,18.58
13408,11,6,3.63,20.82
13409,11,6,3.96,21.36
13410,12,6,4.14,20.08
13411,11,5,3.37,18.36
13412,12,5,3.44,13.67
13413,11,4,2.88,11.36
13414,11,4,3.19,7.82
13415,11,3,2.32,4.27
13416,11,3,2.85,0.82
13417,10,3,2.35,1.2
13418,10,3,3.28,1.5
13419,9,4,3.01,2.11
13420,10,5,3.54,2.4
13421,9,5,2.95,3.22
13422,10,5,3.54,3.4
13423,10,5,3.55,3.9
13424,9,5,2.94,4.89
13425,10,5,3.7,4.9
13426,9,5,3.3,6.0
13427,10,5,3.84,5.9
13428,9,5,2.68,7.11
13429,10,5,3.1,6.9
13430,10,5,3.22,7.4
13431,10,5,3.38,7.9
13432,10,5,2.99,8.4
13433,10,5,3.36,8.9
13434,9,5,2.82,10.44
13435,10,5,3.42,9.9
13436,10,5,3.7,10.4
13437,9,5,3.02,12.11
13438,10,5,3.48,11.4
13439,9,5,3.1,13.22
13440,10,5,3.77,12.4
13441,10,5,3.96,12.9
13442,10,5,3.61,13.4
13443,10,5,3.72,13.9
13444,9,5,3.15,16.0
13445,10,5,3.71,14.9
13446,9,5,3.25,17.11
13447,10,5,3.78,15.9
13448,10,5,4.05,16.4
13449,10,5,3.54,16.9
13450,10,5,3.46,17.4
13451,9,5,2.61,19.89
13452,10,5,2.98,18.4
13453,10,5,3.43,18.9
13454,10,5,2.6,19.4
13455,10,5,2.41,19.9
13456,10,5,1.37,16.0
13457,10,4,1.49,12.1
13458,10,5,1.55,8.4
13459,11,3,1.8,4.18
13460,11,3,2.2,0.82
13461,11,3,2.66,1.09
13462,11,4,2.84,1.45
13463,12,6,3.06,1.83
13464,11,6,2.45,2.55
13465,11,6,2.98,3.09
13466,12,6,3.32,3.33
13467,12,6,3.42,3.83
13468,12,6,3.77,4.33
13469,12,6,3.88,4.83
13470,12,6,4.51,5.33
13471,11,6,4.25,6.36
13472,12,6,4.51,6.33
13473,11,6,4.08,7.45
13474,12,6,4.29,7.33
13475,11,6,3.64,8.55
13476,11,6,3.85,9.09
13477,11,6,3.57,9.64
13478,11,6,4.22,10.18
13479,12,6,4.55,9.83
13480,12,6,4.5,10.33
13481,12,6,4.26,10.83
13482,11,6,3.8,12.36
13483,11,6,3.94,12.91
13484,11,6,3.39,13.45
13485,11,6,3.75,14.0
13486,12,6,4.3,13.33
13487,11,6,3.53,15.09
13488,11,6,3.69,15.64
13489,12,6,4.03,14.83
13490,11,6,3.47,16.73
13491,12,6,3.86,15.83
13492,11,6,3.46,17.82
13493,11,6,3.59,18.36
13494,12,6,3.8,17.33
13495,12,6,4.11,17.83
13496,12,6,4.05,18.33
13497,11,6,3.65,20.55
13498,11,6,4.01,21.09
13499,12,6,4.16,19.83
13500,11,6,3.33,22.18
13501,12,5,3.29,17.0
13502,11,4,2.54,14.91
13503,12,4,2.54,10.42
13504,12,4,2.83,7.25
13505,11,3,2.21,4.36
13506,11,3,2.72,0.73
13507,10,4,2.6,1.2
13508,10,5,3.23,1.7
13509,9,5,2.65,2.44
13510,10,5,3.23,2.7
13511,9,5,2.64,3.56
13512,10,5,3.09,3.7
13513,10,5,3.28,4.2
13514,10,5,3.67,4.7
13515,10,5,3.51,5.2
13516,10,5,3.8,5.7
13517,10,5,3.03,6.2
13518,10,5,3.32,6.7
13519,9,5,2.46,8.0
13520,11,5,3.83,7.0
13521,11,5,4.23,7.45
13522,12,5,4.6,7.25
13523,11,5,4.24,8.36
13524,10,5,3.49,9.7
13525,11,5,4.22,9.27
13526,11,5,4.55,9.73
13527,11,5,3.78,10.18
13528,11,5,3.66,10.64
13529,10,5,3.09,12.2
13530,11,5,3.67,11.55
13531,10,5,3.27,13.2
13532,10,5,3.5,13.7
13533,10,5,3.29,14.2
13534,10,5,3.95,14.7
13535,9,5,3.53,16.89
13536,10,5,4.15,15.7
13537,9,5,3.48,18.0
13538,10,5,3.9,16.7
13539,9,5,3.19,19.11
13540,11,5,4.25,16.09
13541,11,5,4.24,16.55
13542,11,5,3.78,17.0
13543,11,5,3.66,17.45
13544,11,5,3.64,17.91
13545,11,5,2.3,18.36
13546,11,4,2.35,14.82
13547,11,5,1.45,11.36
13548,11,4,1.59,7.91
13549,11,4,1.77,4.45
13550,11,3,2.24,0.91
13551,12,5,2.46,1.25
13552,12,4,2.94,1.5
13553,12,5,3.42,1.92
13554,12,6,3.1,2.42
13555,12,7,3.28,3.0
13556,13,7,3.5,3.31
13557,13,7,3.61,3.85
13558,12,7,3.04,4.75
13559,13,7,3.27,4.92
13560,12,7,2.54,5.92
13561,12,7,2.7,6.5
13562,13,7,2.92,6.54
13563,12,7,2.56,7.67
13564,12,7,2.73,8.25
13565,13,7,3.22,8.15
13566,13,7,3.55,8.69
13567,12,7,3.27,10.0
13568,13,7,3.75,9.77
13569,12,7,3.33,11.17
13570,13,7,3.51,10.85
13571,12,7,2.84,12.33
13572,12,7,3.1,12.92
13573,13,7,3.38,12.46
13574,12,7,3.12,14.08
13575,12,7,3.4,14.67
13576,13,7,3.79,14.08
13577,12,7,3.39,15.83
13578,13,7,3.72,15.15
13579,12,7,3.17,17.0
13580,12,7,3.58,17.58
13581,13,7,3.77,16.77
13582,12,7,3.24,18.75
13583,13,7,3.78,17.85
13584,12,7,3.28,19.92
13585,12,7,3.47,20.5
13586,13,7,3.84,19.46
13587,12,7,3.35,21.67
13588,13,7,3.77,20.54
13589,12,7,2.87,22.83
13590,13,7,2.66,21.62
13591,13,5,2.63,15.23
13592,12,5,2.06,13.33
13593,13,4,2.15,9.38
13594,13,4,2.75,6.54
13595,12,4,2.53,4.0
13596,12,3,3.24,0.83
13597,11,3,2.66,1.18
13598,11,4,3.01,1.55
13599,11,5,3.31,2.0
13600,12,5,3.79,2.25
13601,10,5,2.99,3.2
13602,10,5,3.43,3.7
13603,11,5,3.79,3.82
13604,11,5,3.79,4.27
13605,12,5,4.97,4.33
13606,12,5,4.8,4.75
13607,12,5,5.2,5.17
13608,11,5,4.83,6.09
13609,12,5,5.07,6.0
13610,11,5,4.64,7.0
13611,12,5,4.79,6.83
13612,12,5,4.87,7.25
13613,11,5,4.58,8.36
13614,11,5,4.29,8.82
13615,11,5,4.86,9.27
13616,10,5,3.65,10.7
13617,10,5,3.96,11.2
13618,9,5,3.13,13.0
13619,10,5,3.71,12.2
13620,9,5,2.99,14.11
13621,11,5,4.07,12.0
13622,11,5,4.39,12.45
13623,11,5,4.72,12.91
13624,12,5,5.14,12.25
13625,11,5,5.04,13.82
13626,12,5,5.23,13.08
13627,11,5,4.54,14.73
13628,12,5,4.45,13.92
13629,12,5,4.55,14.33
13630,12,5,4.95,14.75
13631,13,5,5.3,14.0
13632,12,5,4.84,15.58
13633,12,5,5.14,16.0
13634,12,5,4.75,16.42
13635,11,5,3.67,18.36
13636,12,4,3.09,13.5
13637,11,4,2.14,11.18
13638,12,4,1.98,7.0
13639,12,4,2.3,3.92
13640,12,4,2.7,0.83
13641,13,5,2.85,1.15
13642,13,5,3.44,1.54
13643,14,6,3.91,1.86
13644,13,6,3.21,2.46
13645,14,7,3.54,2.79
13646,13,8,2.59,3.62
13647,13,8,2.81,4.23
13648,14,8,3.23,4.5
13649,13,8,2.55,5.46
13650,13,8,2.89,6.08
13651,14,8,3.09,6.21
13652,14,8,3.28,6.79
13653,13,8,2.71,7.92
13654,14,8,3.19,7.93
13655,13,8,2.79,9.15
13656,14,8,3.2,9.07
13657,14,8,3.26,9.64
13658,13,8,2.63,11.0
13659,14,8,2.89,10.79
13660,14,8,3.55,11.36
13661,13,8,3.06,12.85
13662,14,8,3.79,12.5
13663,14,8,3.93,13.07
13664,14,8,3.8,13.64
13665,13,8,3.17,15.31
13666,14,8,3.54,14.79
13667,13,8,2.72,16.54
13668,13,8,3.15,17.15
13669,14,8,3.62,16.5
13670,13,8,3.17,18.38
13671,14,8,3.44,17.64
13672,14,8,3.58,18.21
13673,13,8,3.26,20.23
13674,14,8,3.54,19.36
13675,13,8,3.15,21.46
13676,14,8,3.51,20.5
13677,13,8,2.85,22.69
13678,14,8,3.31,21.64
13679,14,8,3.22,22.21
13680,13,8,2.24,24.54
13681,14,6,2.61,17.0
13682,13,5,2.23,12.15
13683,13,4,2.93,9.23
13684,14,4,3.19,5.93
13685,13,3,3.13,3.54
13686,12,3,2.99,0.75
13687,12,4,3.59,1.08
13688,12,4,4.02,1.42
13689,12,4,4.4,1.75
13690,13,5,4.79,2.0
13691,12,5,4.54,2.58
13692,13,5,5.24,2.77
13693,12,5,4.6,3.42
13694,12,5,4.8,3.83
13695,12,5,4.41,4.25
13696,12,5,4.75,4.67
13697,13,5,4.86,4.69
13698,12,5,4.57,5.5
13699,12,5,4.48,5.92
13700,12,5,3.97,6.33
13701,11,5,3.51,7.36
13702,11,5,3.75,7.82
13703,10,5,3.02,9.1
13704,10,5,3.31,9.6
13705,9,5,3.09,11.22
13706,10,5,3.64,10.6
13707,9,5,2.65,12.33
13708,10,5,2.92,11.6
13709,10,5,3.06,12.1
13710,10,5,3.17,12.6
13711,10,5,3.01,13.1
13712,10,5,3.3,13.6
13713,9,5,2.68,15.67
13714,11,5,4.15,13.27
13715,11,5,4.44,13.73
13716,11,5,3.92,14.18
13717,11,5,4.08,14.64
13718,10,5,3.6,16.6
13719,12,5,4.71,14.25
13720,12,5,4.82,14.67
13721,13,5,4.88,13.92
13722,13,5,5.0,14.31
13723,14,5,4.83,13.64
13724,13,5,4.06,15.08
13725,12,5,2.75,16.75
13726,14,5,2.4,11.57
13727,13,5,2.06,9.54
13728,13,5,2.35,6.69
13729,14,4,2.82,3.5
13730,15,5,3.09,0.93
13731,15,5,3.36,1.27
13732,15,5,3.57,1.6
13733,16,7,3.39,1.94
13734,16,8,2.7,2.44
13735,16,8,2.6,2.94
13736,18,9,2.59,3.11
13737,17,10,1.95,3.88
13738,17,10,2.02,4.47
13739,18,10,2.32,4.78
13740,18,11,2.72,5.39
13741,17,12,2.13,6.41
13742,18,12,2.65,6.72
13743,18,12,2.77,7.39
13744,18,12,2.58,8.06
13745,18,12,2.77,8.72
13746,17,12,2.38,9.94
13747,18,12,2.65,10.06
13748,17,12,2.35,11.35
13749,18,12,2.62,11.39
13750,18,12,2.8,12.06
13751,17,12,2.42,13.47
13752,18,12,2.96,13.39
13753,17,12,2.31,14.88
13754,18,12,2.61,14.72
13755,17,12,2.1,16.29
13756,17,12,2.24,17.0
13757,18,12,2.62,16.72
13758,17,12,2.27,18.41
13759,17,12,2.42,19.12
13760,18,12,2.88,18.72
13761,17,12,2.59,20.53
13762,18,12,2.8,20.06
13763,17,12,2.46,21.94
13764,18,12,2.81,21.39
13765,17,12,2.19,23.35
13766,18,12,2.58,22.72
13767,18,12,2.55,23.39
13768,17,12,1.81,25.47
13769,18,13,1.73,24.78
13770,18,14,1.74,25.56
13771,17,12,1.19,22.59
13772,18,10,1.33,17.22
13773,18,9,1.97,13.28
13774,17,7,2.01,9.71
13775,17,6,2.83,5.53
13776,17,5,3.71,1.29
13777,16,5,3.94,1.69
13778,16,5,4.64,2.0
13779,16,5,5.14,2.31
13780,16,5,5.17,2.62
13781,15,5,5.34,3.13
13782,14,5,5.32,3.71
13783,14,5,5.29,4.07
13784,13,5,5.07,4.77
13785,13,5,5.21,5.15
13786,12,5,4.28,6.0
13787,12,5,4.46,6.42
13788,11,5,4.37,7.45
13789,11,5,3.95,7.91
13790,10,5,3.56,9.2
13791,10,5,3.21,9.7
13792,10,5,3.49,10.2
13793,11,5,3.94,9.73
13794,11,5,3.88,10.18
13795,11,5,3.98,10.64
13796,12,5,4.18,10.17
13797,12,5,4.58,10.58
13798,12,5,4.52,11.0
13799,13,5,4.84,10.54
13800,13,5,5.26,10.92
13801,14,5,5.83,10.5
13802,14,5,5.64,10.86
13803,13,5,5.22,12.08
13804,13,5,4.86,12.46
13805,13,5,5.23,12.85
13806,12,5,5.01,14.33
13807,12,5,4.38,14.75
13808,12,5,4.64,15.17
13809,12,5,4.11,15.58
13810,11,5,3.38,17.45
13811,11,5,3.55,17.91
13812,11,5,3.64,18.36
13813,10,5,3.03,20.7
13814,10,5,3.16,21.2
13815,11,5,3.34,19.73
13816,11,4,3.3,15.82
13817,11,3,2.48,11.82
13818,11,3,2.29,8.0
13819,11,3,2.09,4.27
13820,11,2,2.17,0.45
13821,12,3,2.3,0.67
13822,12,3,2.7,0.92
13823,12,4,3.07,1.25
13824,13,5,3.42,1.54
13825,13,6,3.93,2.0
13826,13,7,3.59,2.54
13827,12,7,3.21,3.33
13828,12,7,3.29,3.92
13829,13,7,3.69,4.15
13830,13,7,4.05,4.69
13831,13,7,3.62,5.23
13832,12,7,3.21,6.25
13833,12,7,3.34,6.83
13834,13,7,3.98,6.85
13835,12,7,3.36,8.0
13836,13,7,3.57,7.92
13837,13,7,3.79,8.46
13838,13,7,3.53,9.0
13839,13,7,3.59,9.54
13840,12,7,3.07,10.92
13841,12,7,3.49,11.5
13842,13,7,3.96,11.15
13843,12,7,3.75,12.67
13844,13,7,4.31,12.23
13845,12,7,3.65,13.83
13846,13,7,3.85,13.31
13847,12,7,3.28,15.0
13848,13,7,3.74,14.38
13849,13,7,3.91,14.92
13850,12,7,3.13,16.75
13851,13,7,3.56,16.0
13852,12,7,3.2,17.92
13853,13,7,3.45,17.08
13854,13,7,3.48,17.62
13855,12,7,2.72,19.67
13856,13,7,3.16,18.69
13857,12,7,2.57,20.83
13858,12,7,2.45,21.42
13859,13,8,2.33,20.38
13860,13,8,2.18,21.0
13861,14,6,2.36,14.14
13862,13,6,1.9,12.38
13863,12,5,1.57,10.33
13864,12,5,2.08,7.42
13865,12,5,2.89,4.5
13866,12,4,3.49,1.5
13867,11,5,3.2,2.09
13868,11,5,3.66,2.55
13869,12,5,4.07,2.75
13870,10,5,2.86,3.8
13871,10,5,3.19,4.3
13872,10,5,2.65,4.8
13873,10,5,3.0,5.3
13874,10,5,3.45,5.8
13875,10,5,3.27,6.3
13876,10,5,3.45,6.8
13877,9,5,2.8,8.11
13878,10,5,3.33,7.8
13879,10,5,3.8,8.3
13880,10,5,3.44,8.8
13881,10,5,3.47,9.3
13882,9,5,2.54,10.89
13883,10,5,3.05,10.3
13884,10,5,3.56,10.8
13885,9,5,2.91,12.56
13886,10,5,3.74,11.8
13887,9,5,3.35,13.67
13888,11,5,4.57,11.64
13889,10,5,3.77,13.3
13890,11,5,3.9,12.55
13891,11,5,4.22,13.0
13892,10,5,3.79,14.8
13893,12,5,4.8,12.75
13894,11,5,4.29,14.36
13895,12,5,4.53,13.58
13896,12,5,4.47,14.0
13897,12,5,4.61,14.42
13898,12,5,4.27,14.83
13899,11,5,4.01,16.64
13900,12,5,4.52,15.67
13901,11,5,3.81,17.55
13902,11,5,3.82,18.0
13903,11,5,3.06,18.45
13904,10,5,2.06,20.8
13905,10,5,2.01,21.3
13906,10,5,0.97,17.1
13907,10,4,1.07,13.0
13908,10,4,1.44,9.0
13909,11,3,1.47,4.45
13910,11,3,2.1,0.82
13911,11,4,2.58,1.18
13912,11,4,3.21,1.55
13913,12,5,3.5,1.83
13914,12,6,3.91,2.33
13915,11,6,3.33,3.09
13916,12,6,3.92,3.33
13917,12,6,4.26,3.83
13918,11,6,3.74,4.73
13919,11,6,3.34,5.27
13920,11,6,3.66,5.82
13921,12,6,3.89,5.83
13922,11,6,3.41,6.91
13923,12,6,3.71,6.83
13924,12,6,3.69,7.33
13925,11,6,3.29,8.55
13926,12,6,3.76,8.33
13927,12,6,4.13,8.83
13928,11,6,3.81,10.18
13929,12,6,3.93,9.83
13930,11,6,3.4,11.27
13931,12,6,3.92,10.83
13932,11,6,2.89,12.36
13933,11,6,2.97,12.91
13934,12,6,3.39,12.33
13935,12,6,3.77,12.83
13936,11,6,3.36,14.55
13937,12,6,3.86,13.83
13938,12,6,4.09,14.33
13939,12,6,3.69,14.83
13940,12,6,4.01,15.33
13941,11,6,3.48,17.27
13942,12,6,3.72,16.33
13943,11,6,2.83,18.36
13944,11,6,3.1,18.91
13945,12,6,3.81,17.83
13946,11,6,3.45,20.0
13947,12,6,3.84,18.83
13948,12,6,3.64,19.33
13949,12,6,3.43,19.83
13950,12,6,2.49,20.33
13951,11,5,2.08,18.55
13952,11,5,2.25,15.0
13953,12,4,2.16,10.5
13954,11,4,1.73,7.91
13955,11,4,2.27,4.45
13956,11,3,2.92,0.91
13957,10,4,2.51,1.4
13958,10,4,3.05,1.8
13959,11,5,3.97,2.09
13960,10,5,3.51,2.8
13961,9,5,3.02,3.67
13962,11,5,4.26,3.45
13963,11,5,4.35,3.91
13964,11,5,3.86,4.36
13965,11,5,4.04,4.82
13966,10,5,3.63,5.8
13967,11,5,4.17,5.73
13968,11,5,4.22,6.18
13969,10,5,3.68,7.3
13970,11,5,3.96,7.09
13971,11,5,4.31,7.55
13972,11,5,3.86,8.0
13973,10,5,3.2,9.3
13974,11,5,3.5,8.91
13975,10,5,3.27,10.3
13976,10,5,3.5,10.8
13977,10,5,3.34,11.3
13978,10,5,3.61,11.8
13979,9,5,2.59,13.67
13980,11,5,3.88,11.64
13981,11,5,4.25,12.09
13982,11,5,3.85,12.55
13983,11,5,3.96,13.0
13984,11,5,4.53,13.45
13985,12,5,4.85,12.75
13986,12,5,4.95,13.17
13987,13,5,5.12,12.54
13988,13,5,5.04,12.92
13989,13,5,4.53,13.31
13990,13,5,4.55,13.69
13991,12,5,4.41,15.25
13992,13,5,4.47,14.46
13993,12,5,4.09,16.08
13994,12,5,4.31,16.5
13995,13,5,4.36,15.62
13996,11,4,3.19,14.82
13997,11,3,3.52,11.18
13998,10,3,1.95,8.3
13999,10,2,2.4,4.3
14000,10,2,2.89,0.4
14001,11,3,3.07,0.64
14002,11,4,3.34,1.0
14003,12,4,4.15,1.25
14004,11,5,3.71,1.82
14005,11,5,4.03,2.27
14006,12,6,4.66,2.58
14007,11,6,4.27,3.36
14008,11,6,3.64,3.91
14009,11,6,3.86,4.45
14010,12,6,3.9,4.58
14011,11,6,3.18,5.55
14012,11,6,3.58,6.09
14013,12,6,3.97,6.08
14014,11,6,3.49,7.18
14015,11,6,3.55,7.73
14016,12,6,4.06,7.58
14017,11,6,3.54,8.82
14018,12,6,3.97,8.58
14019,11,6,3.34,9.91
14020,11,6,3.65,10.45
14021,12,6,3.65,10.08
14022,11,6,3.21,11.55
14023,12,6,3.55,11.08
14024,11,6,2.85,12.64
14025,11,6,2.96,13.18
14026,12,6,3.21,12.58
14027,12,6,3.48,13.08
14028,11,6,2.95,14.82
14029,12,6,3.27,14.08
14030,12,6,3.53,14.58
14031,11,6,3.12,16.45
14032,12,6,3.75,15.58
14033,12,6,4.1,16.08
14034,11,6,3.84,18.09
14035,12,6,4.41,17.08
14036,11,6,4.27,19.18
14037,12,6,4.67,18.08
14038,11,6,3.85,20.27
14039,12,6,4.11,19.08
14040,11,6,2.97,21.36
14041,12,5,2.72,16.42
14042,12,5,3.17,13.33
14043,11,4,2.42,11.09
14044,12,3,2.5,6.92
14045,12,3,3.08,3.75
14046,12,2,3.66,0.58
14047,10,3,2.69,1.0
14048,10,4,3.3,1.4
14049,9,5,2.86,2.11
14050,11,5,4.22,2.18
14051,10,5,3.74,2.9
14052,12,5,4.38,2.83
14053,12,5,4.62,3.25
14054,14,5,5.22,3.14
14055,13,5,5.11,3.77
14056,12,5,4.68,4.5
14057,13,5,4.69,4.54
14058,13,5,4.9,4.92
14059,14,5,5.25,4.93
14060,13,5,4.9,5.69
14061,13,5,4.82,6.08
14062,12,5,3.84,7.0
14063,12,5,4.33,7.42
14064,11,5,3.95,8.55
14065,11,5,3.42,9.0
14066,10,5,2.97,10.4
14067,11,5,3.52,9.91
14068,10,5,2.85,11.4
14069,10,5,3.13,11.9
14070,10,5,2.97,12.4
14071,10,5,3.49,12.9
14072,9,5,2.62,14.89
14073,10,5,2.95,13.9
14074,10,5,3.25,14.4
14075,9,5,2.61,16.56
14076,10,5,3.11,15.4
14077,10,5,3.59,15.9
14078,9,5,3.15,18.22
14079,10,5,3.64,16.9
14080,9,5,2.96,19.33
14081,10,5,3.28,17.9
14082,10,5,3.32,18.4
14083,11,5,3.25,17.18
14084,11,5,3.18,17.64
14085,12,6,2.89,16.67
14086,11,6,1.8,14.73
14087,11,5,1.38,11.36
14088,11,5,1.41,8.09
14089,12,5,1.56,4.42
14090,12,4,2.18,1.25
14091,12,5,2.55,1.67
14092,12,6,3.23,2.17
14093,13,7,3.72,2.54
14094,12,7,3.13,3.33
14095,12,7,3.37,3.92
14096,12,7,2.56,4.5
14097,12,7,2.96,5.08
14098,13,7,3.48,5.23
14099,13,7,3.42,5.77
14100,12,7,2.77,6.83
14101,13,7,3.3,6.85
14102,13,7,3.55,7.38
14103,12,7,3.28,8.58
14104,13,7,3.6,8.46
14105,12,7,3.16,9.75
14106,13,7,3.36,9.54
14107,13,7,3.6,10.08
14108,12,7,3.03,11.5
14109,13,7,3.58,11.15
14110,12,7,3.12,12.67
14111,12,7,3.19,13.25
14112,13,7,3.71,12.77
14113,13,7,3.86,13.31
14114,13,7,3.47,13.85
14115,13,7,3.88,14.38
14116,12,7,3.52,16.17
14117,13,7,3.74,15.46
14118,12,7,3.39,17.33
14119,13,7,3.79,16.54
14120,12,7,3.21,18.5
14121,12,7,3.64,19.08
14122,13,7,4.05,18.15
14123,12,7,3.4,20.25
14124,13,7,3.86,19.23
14125,12,7,3.35,21.42
14126,12,7,3.73,22.0
14127,13,7,4.15,20.85
14128,12,7,3.74,23.17
14129,13,7,3.67,21.92
14130,12,7,2.85,24.33
14131,13,5,2.99,16.15
14132,12,5,2.44,14.08
14133,12,4,2.85,10.67
14134,13,3,3.02,6.77
14135,12,3,2.91,4.0
14136,11,3,2.86,0.73
14137,11,3,3.36,1.0
14138,11,3,3.81,1.27
14139,10,4,3.55,1.8
14140,10,5,3.15,2.3
14141,10,5,3.39,2.8
14142,10,5,3.06,3.3
14143,10,5,3.15,3.8
14144,10,5,3.21,4.3
14145,10,5,3.0,4.8
14146,10,5,3.39,5.3
14147,9,5,2.89,6.44
14148,10,5,3.52,6.3
14149,10,5,3.75,6.8
14150,10,5,3.29,7.3
14151,10,5,3.46,7.8
14152,9,5,2.83,9.22
14153,10,5,3.28,8.8
14154,10,5,3.59,9.3
14155,9,5,2.7,10.89
14156,10,5,3.25,10.3
14157,9,5,2.75,12.0
14158,10,5,3.22,11.3
14159,10,5,3.37,11.8
14160,10,5,2.75,12.3
14161,10,5,2.55,12.8
14162,10,5,2.84,13.3
14163,11,5,3.62,12.55
14164,10,5,3.01,14.3
14165,10,5,3.19,14.8
14166,10,5,2.55,15.3
14167,10,5,3.19,15.8
14168,10,5,3.5,16.3
14169,10,5,3.03,16.8
14170,10,5,3.49,17.3
14171,10,5,3.08,17.8
14172,10,5,3.18,18.3
14173,9,5,2.22,20.89
14174,10,5,2.18,19.3
14175,10,5,2.2,19.8
14176,11,5,2.04,14.45
14177,10,4,1.33,12.1
14178,10,4,1.4,8.3
14179,10,3,1.91,4.6
14180,11,3,2.27,0.82
14181,11,3,2.75,1.09
14182,11,4,3.16,1.45
14183,12,5,3.61,1.75
14184,12,5,3.79,2.17
14185,11,6,3.56,2.91
14186,12,6,3.95,3.17
14187,11,6,3.58,4.0
14188,12,6,3.8,4.17
14189,12,6,3.7,4.67
14190,11,6,3.18,5.64
14191,12,6,3.74,5.67
14192,11,6,3.27,6.73
14193,11,6,3.66,7.27
14194,12,6,3.84,7.17
14195,12,6,4.15,7.67
14196,11,6,3.77,8.91
14197,12,6,4.25,8.67
14198,11,6,4.03,10.0
14199,12,6,4.22,9.67
14200,11,6,3.68,11.09
14201,12,6,4.23,10.67
14202,11,6,3.41,12.18
14203,11,6,3.47,12.73
14204,12,6,4.02,12.17
14205,11,6,3.79,13.82
14206,11,6,3.96,14.36
14207,11,6,3.49,14.91
14208,11,6,3.9,15.45
14209,12,6,4.16,14.67
14210,11,6,3.62,16.55
14211,11,6,3.79,17.09
14212,12,6,4.05,16.17
14213,11,6,3.75,18.18
14214,11,6,4.04,18.73
14215,11,6,3.85,19.27
14216,11,6,4.31,19.82
14217,12,6,4.76,18.67
14218,11,6,4.13,20.91
14219,12,6,4.53,19.67
14220,11,6,3.42,22.0
14221,12,5,3.16,16.83
14222,11,5,2.4,14.82
14223,11,4,2.64,11.27
14224,12,4,2.95,7.17
14225,11,3,2.33,4.27
14226,11,3,2.88,0.82
14227,10,3,2.41,1.2
14228,10,4,2.83,1.6
14229,10,5,3.66,2.1
14230,10,5,3.6,2.6
14231,10,5,3.77,3.1
14232,10,5,3.4,3.6
14233,10,5,3.41,4.1
14234,10,5,3.0,4.6
14235,10,5,3.31,5.1
14236,10,5,3.42,5.6
14237,10,5,3.45,6.1
14238,10,5,3.76,6.6
14239,9,5,2.99,7.89
14240,10,5,3.29,7.6
14241,10,5,3.7,8.1
14242,10,5,3.5,8.6
14243,10,5,3.45,9.1
14244,11,5,3.95,8.73
14245,10,5,3.18,10.1
14246,10,5,3.33,10.6
14247,10,5,3.02,11.1
14248,10,5,3.36,11.6
14249,9,5,2.71,13.44
14250,10,5,3.23,12.6
14251,10,5,3.66,13.1
14252,10,5,3.45,13.6
14253,10,5,3.76,14.1
14254,9,5,3.19,16.22
14255,10,5,3.55,15.1
14256,9,5,2.8,17.33
14257,10,5,3.21,16.1
14258,10,5,3.47,16.6
14259,9,5,2.69,19.0
14260,10,5,3.2,17.6
14261,10,5,3.59,18.1
14262,10,5,3.47,18.6
14263,10,5,3.49,19.1
14264,10,5,2.61,19.6
14265,10,5,2.25,20.1
14266,10,5,2.4,16.2
14267,10,4,1.25,12.3
14268,10,3,1.6,8.4
14269,10,3,1.71,4.6
14270,11,3,1.54,0.73
14271,11,4,2.36,1.09
14272,11,5,2.92,1.55
14273,12,6,3.7,1.92
14274,12,6,3.89,2.42
14275,12,6,4.06,2.92
14276,12,6,3.49,3.42
14277,12,6,3.94,3.92
14278,11,6,3.8,4.82
14279,11,6,3.57,5.36
14280,11,6,3.72,5.91
14281,12,6,3.86,5.92
14282,12,6,4.27,6.42
14283,12,6,3.53,6.92
14284,12,6,3.71,7.42
14285,11,6,3.13,8.64
14286,12,6,3.6,8.42
14287,11,6,2.94,9.73
14288,11,6,3.02,10.27
14289,12,6,3.63,9.92
14290,12,6,4.09,10.42
14291,11,6,3.79,11.91
14292,12,6,4.18,11.42
14293,11,6,3.71,13.0
14294,12,6,4.13,12.42
14295,11,6,3.32,14.09
14296,12,6,3.88,13.42
14297,12,6,3.93,13.92
14298,11,6,3.2,15.73
14299,12,6,3.79,14.92
14300,12,6,3.7,15.42
14301,11,6,3.09,17.36
14302,12,6,3.64,16.42
14303,11,6,3.42,18.45
14304,11,6,3.7,19.0
14305,12,6,3.73,17.92
14306,11,6,3.37,20.09
14307,11,6,3.67,20.64
14308,11,6,3.03,21.18
14309,11,6,2.99,21.73
14310,12,6,2.78,20.42
14311,11,6,1.99,18.73
14312,12,6,1.93,14.08
14313,12,5,2.0,10.92
14314,11,4,1.57,8.36
14315,11,4,2.11,4.82
14316,11,4,2.5,1.27
14317,10,4,2.15,1.8
14318,10,5,2.83,2.3
14319,10,5,3.34,2.8
14320,10,5,3.02,3.3
14321,10,5,3.46,3.8
14322,10,5,3.89,4.3
14323,10,5,3.33,4.8
14324,9,5,2.77,5.89
14325,10,5,3.05,5.8
14326,10,5,3.1,6.3
14327,10,5,3.25,6.8
14328,10,5,2.87,7.3
14329,10,5,3.14,7.8
14330,11,5,3.64,7.55
14331,10,5,2.93,8.8
14332,10,5,3.26,9.3
14333,11,5,3.75,8.91
14334,11,5,3.9,9.36
14335,11,5,4.05,9.82
14336,12,5,4.26,9.42
14337,12,5,4.78,9.83
14338,12,5,4.47,10.25
14339,12,5,4.67,10.67
14340,11,5,4.59,12.09
14341,12,5,5.42,11.5
14342,11,5,4.83,13.0
14343,12,5,4.75,12.33
14344,12,5,4.68,12.75
14345,13,5,4.57,12.15
14346,12,5,4.54,13.58
14347,12,5,4.77,14.0
14348,11,5,3.72,15.73
14349,10,5,3.51,17.8
14350,10,5,2.86,18.3
14351,10,5,3.26,18.8
14352,10,5,3.39,19.3
14353,10,5,2.84,19.8
14354,10,5,3.43,20.3
14355,10,5,2.51,20.8
14356,10,4,2.59,16.7
14357,10,4,2.09,12.6
14358,10,3,1.86,8.6
14359,10,3,2.26,4.6
14360,10,3,2.52,0.7
14361,11,3,3.01,0.91
14362,11,4,3.69,1.27
14363,12,4,4.07,1.5
14364,11,5,3.34,2.09
14365,12,6,3.64,2.42
14366,11,6,2.92,3.18
14367,11,6,3.16,3.73
14368,12,6,3.68,3.92
14369,12,6,4.08,4.42
14370,11,6,3.63,5.36
14371,12,6,3.84,5.42
14372,12,6,4.01,5.92
14373,12,6,3.58,6.42
14374,11,6,2.99,7.55
14375,11,6,3.19,8.09
14376,12,6,3.77,7.92
14377,12,6,4.14,8.42
14378,12,6,4.04,8.92
14379,12,6,4.01,9.42
14380,11,6,3.38,10.82
14381,12,6,3.78,10.42
14382,11,6,3.29,11.91
14383,11,6,3.47,12.45
14384,12,6,3.95,11.92
14385,12,6,4.27,12.42
14386,12,6,4.17,12.92
14387,11,6,3.28,14.64
14388,11,6,3.34,15.18
14389,12,6,3.9,14.42
14390,11,6,3.36,16.27
14391,12,6,3.63,15.42
14392,12,6,3.91,15.92
14393,11,6,3.5,17.91
14394,12,6,4.13,16.92
14395,11,6,3.52,19.0
14396,12,6,4.01,17.92
14397,12,6,4.22,18.42
14398,11,6,3.47,20.64
14399,12,6,3.87,19.42
14400,11,6,3.33,21.73
14401,12,6,3.21,16.75
14402,12,6,3.46,13.67
14403,12,5,2.38,10.5
14404,12,4,2.62,7.33
14405,11,4,2.05,4.64
14406,11,3,2.77,1.18
14407,10,4,2.5,1.7
14408,10,5,2.91,2.2
14409,9,5,2.1,3.0
14410,10,5,2.82,3.2
14411,10,5,3.13,3.7
14412,11,5,3.48,3.82
14413,10,5,2.61,4.7
14414,10,5,2.86,5.2
14415,10,5,3.38,5.7
14416,10,5,3.19,6.2
14417,10,5,3.66,6.7
14418,10,5,3.22,7.2
14419,10,5,3.41,7.7
14420,10,5,3.82,8.2
14421,10,5,3.49,8.7
14422,9,5,3.0,10.22
14423,9,5,3.22,10.78
14424,10,5,3.56,10.2
14425,9,5,3.07,11.89
14426,10,5,3.7,11.2
14427,9,5,3.13,13.0
14428,10,5,3.6,12.2
14429,10,5,3.69,12.7
14430,9,5,2.99,14.67
14431,10,5,3.58,13.7
14432,9,5,3.0,15.78
14433,10,5,3.34,14.7
14434,10,5,3.76,15.2
14435,9,5,3.09,17.44
14436,10,5,3.48,16.2
14437,9,5,2.92,18.56
14438,10,5,3.18,17.2
14439,10,5,3.53,17.7
14440,10,5,3.03,18.2
14441,10,5,3.44,18.7
14442,9,5,2.48,21.33
14443,10,5,2.87,19.7
14444,10,5,3.38,20.2
14445,9,5,2.43,23.0
14446,10,4,2.53,16.6
14447,10,4,2.56,12.5
14448,10,3,1.97,8.5
14449,10,2,2.35,4.5
14450,10,2,2.58,0.5
14451,10,2,3.05,0.7
14452,11,3,3.24,0.91
14453,12,3,3.85,1.08
14454,11,4,3.37,1.55
14455,11,4,3.76,1.91
14456,12,5,4.18,2.17
14457,11,6,3.84,2.91
14458,12,6,4.44,3.17
14459,11,6,3.66,4.0
14460,11,6,3.64,4.55
14461,12,6,4.14,4.67
14462,11,6,3.49,5.64
14463,12,6,3.88,5.67
14464,11,6,3.05,6.73
14465,11,6,3.15,7.27
14466,12,6,3.43,7.17
14467,12,6,3.87,7.67
14468,12,6,3.54,8.17
14469,12,6,3.9,8.67
14470,11,6,3.7,10.0
14471,11,6,4.12,10.55
14472,12,6,4.7,10.17
14473,11,6,3.95,11.64
14474,11,6,3.11,12.18
14475,11,6,3.52,12.73
14476,11,6,3.81,13.27
14477,11,6,3.24,13.82
14478,11,6,3.61,14.36
14479,12,6,3.86,13.67
14480,12,6,4.19,14.17
14481,11,6,3.85,16.0
14482,12,6,4.35,15.17
14483,11,6,3.76,17.09
14484,12,6,3.87,16.17
14485,11,6,3.45,18.18
14486,11,6,3.69,18.73
14487,12,6,4.26,17.67
14488,11,6,3.22,19.82
14489,12,7,3.02,18.75
14490,11,8,1.9,21.18
14491,12,7,1.79,16.33
14492,12,6,1.89,13.33
14493,11,6,1.23,11.36
14494,11,5,1.69,8.18
14495,11,5,2.46,5.09
14496,10,5,2.24,2.2
14497,10,5,2.84,2.7
14498,10,5,3.39,3.2
14499,10,5,3.35,3.7
14500,10,5,3.54,4.2
14501,9,5,2.82,5.22
14502,10,5,3.41,5.2
14503,10,5,3.73,5.7
14504,10,5,3.26,6.2
14505,10,5,3.32,6.7
14506,9,5,2.66,8.0
14507,10,5,3.29,7.7
14508,10,5,3.65,8.2
14509,10,5,3.14,8.7
14510,10,5,3.61,9.2
14511,9,5,3.05,10.78
14512,10,5,3.63,10.2
14513,9,5,3.01,11.89
14514,10,5,3.47,11.2
14515,10,5,3.56,11.7
14516,9,5,2.68,13.56
14517,10,5,3.4,12.7
14518,10,5,3.71,13.2
14519,10,5,3.23,13.7
14520,10,5,3.48,14.2
14521,11,5,3.79,13.36
14522,10,5,3.02,15.2
14523,10,5,3.04,15.7
14524,10,5,2.65,16.2
14525,10,5,2.92,16.7
14526,11,5,3.4,15.64
14527,10,5,2.56,17.7
14528,10,5,2.61,18.2
14529,10,5,3.02,18.7
14530,10,5,2.82,19.2
14531,10,5,3.13,19.7
14532,11,5,3.47,18.36
14533,10,5,2.9,20.7
14534,10,5,2.77,21.2
14535,10,5,2.44,21.7
14536,10,5,2.53,17.5
14537,10,4,2.64,13.2
14538,10,3,1.6,9.0
14539,10,3,1.96,4.9
14540,10,3,2.52,0.8
14541,11,4,2.59,1.09
14542,11,3,3.29,1.27
14543,12,4,3.63,1.5
14544,12,4,3.88,1.83
14545,12,5,3.81,2.25
14546,12,6,3.79,2.75
14547,11,6,3.21,3.55
14548,12,6,3.77,3.75
14549,12,6,4.21,4.25
14550,11,6,3.76,5.18
14551,12,6,4.22,5.25
14552,11,6,3.59,6.27
14553,11,6,3.75,6.82
14554,11,6,3.53,7.36
14555,11,6,4.05,7.91
14556,12,6,4.53,7.75
14557,11,6,3.7,9.0
14558,12,6,3.62,8.75
14559,12,6,3.68,9.25
14560,11,6,3.22,10.64
14561,12,6,3.46,10.25
14562,11,6,3.09,11.73
14563,11,6,3.38,12.27
14564,12,6,3.68,11.75
14565,12,6,4.06,12.25
14566,12,6,3.49,12.75
14567,12,6,3.69,13.25
14568,11,6,3.2,15.0
14569,12,6,3.54,14.25
14570,12,6,3.99,14.75
14571,11,6,3.74,16.64
14572,12,6,4.12,15.75
14573,12,6,4.09,16.25
14574,12,6,3.83,16.75
14575,11,6,3.4,18.82
14576,11,6,3.65,19.36
14577,12,6,3.82,18.25
14578,11,6,3.23,20.45
14579,12,7,2.94,19.33
14580,11,7,1.8,21.73
14581,11,6,1.69,18.18
14582,12,6,1.63,13.58
14583,12,5,1.82,10.42
14584,11,5,1.61,8.09
14585,11,4,2.2,4.82
14586,11,4,2.86,1.55
14587,10,5,2.59,2.2
14588,10,5,3.22,2.7
14589,10,5,3.11,3.2
14590,10,5,3.37,3.7
14591,9,5,2.49,4.67
14592,10,5,3.11,4.7
14593,10,5,3.39,5.2
14594,9,5,3.03,6.33
14595,10,5,3.57,6.2
14596,10,5,3.85,6.7
14597,10,5,3.23,7.2
14598,10,5,3.38,7.7
14599,9,5,3.0,9.11
14600,10,5,3.53,8.7
14601,9,5,2.94,10.22
14602,9,5,3.2,10.78
14603,10,5,3.84,10.2
14604,9,5,3.37,11.89
14605,10,5,3.9,11.2
14606,10,5,4.2,11.7
14607,10,5,3.73,12.2
14608,10,5,3.93,12.7
14609,10,5,3.36,13.2
14610,10,5,3.32,13.7
14611,10,5,2.8,14.2
14612,10,5,3.04,14.7
14613,10,5,3.27,15.2
14614,10,5,3.01,15.7
14615,10,5,3.47,16.2
14616,9,5,3.16,18.56
14617,10,5,3.6,17.2
14618,9,5,2.9,19.67
14619,10,5,3.35,18.2
14620,10,5,3.42,18.7
14621,10,5,3.76,19.2
14622,10,5,3.61,19.7
14623,9,5,2.74,22.44
14624,10,5,2.47,20.7
14625,10,5,2.37,21.2
14626,10,5,1.44,17.0
14627,10,4,1.46,12.9
14628,10,4,1.31,8.9
14629,12,4,2.43,4.17
14630,12,3,2.76,0.83
14631,13,4,3.86,1.08
14632,13,5,4.2,1.46
14633,13,6,4.37,1.92
14634,13,6,3.64,2.38
14635,13,6,3.76,2.85
14636,14,7,3.75,3.14
14637,13,7,3.01,3.92
14638,14,8,3.31,4.21
14639,14,8,3.57,4.79
14640,13,8,3.09,5.77
14641,14,8,3.29,5.93
14642,13,8,2.84,7.0
14643,14,8,3.47,7.07
14644,13,8,2.57,8.23
14645,13,8,2.78,8.85
14646,14,8,3.02,8.79
14647,14,8,3.47,9.36
14648,13,8,3.08,10.69
14649,14,8,3.6,10.5
14650,13,8,3.22,11.92
14651,14,8,3.48,11.64
14652,13,8,2.9,13.15
14653,13,8,3.1,13.77
14654,14,8,3.57,13.36
14655,13,8,3.15,15.0
14656,14,8,3.56,14.5
14657,14,8,3.78,15.07
14658,13,8,3.28,16.85
14659,14,8,3.68,16.21
14660,13,8,3.21,18.08
14661,14,8,3.68,17.36
14662,13,8,3.17,19.31
14663,14,8,3.46,18.5
14664,14,8,3.56,19.07
14665,13,8,3.02,21.15
14666,14,8,3.38,20.21
14667,13,8,2.79,22.38
14668,13,8,3.1,23.0
14669,14,8,3.13,21.93
14670,13,8,2.66,24.23
14671,14,7,2.65,17.29
14672,14,5,3.1,12.07
14673,13,4,2.87,9.92
14674,14,4,3.12,6.43
14675,13,3,2.97,3.85
14676,13,3,3.64,0.77
14677,12,4,3.63,1.17
14678,12,5,4.11,1.58
14679,12,5,4.4,2.0
14680,11,5,3.53,2.64
14681,11,5,3.75,3.09
14682,9,5,2.17,4.33
14683,10,5,2.65,4.4
14684,10,5,2.92,4.9
14685,10,5,3.0,5.4
14686,10,5,2.81,5.9
14687,10,5,3.03,6.4
14688,10,5,2.28,6.9
14689,10,5,2.35,7.4
14690,10,5,2.65,7.9
14691,11,5,3.24,7.64
14692,10,5,2.73,8.9
14693,10,5,2.8,9.4
14694,10,5,2.6,9.9
14695,10,5,2.99,10.4
14696,10,5,3.26,10.9
14697,9,5,2.76,12.67
14698,10,5,3.39,11.9
14699,9,5,3.03,13.78
14700,10,5,3.81,12.9
14701,10,5,3.95,13.4
14702,10,5,3.37,13.9
14703,10,5,3.58,14.4
14704,9,5,3.1,16.56
14705,10,5,3.43,15.4
14706,9,5,2.76,17.67
14707,10,5,3.13,16.4
14708,10,5,3.31,16.9
14709,9,5,2.56,19.33
14710,10,5,3.23,17.9
14711,10,5,3.64,18.4
14712,9,5,2.96,21.0
14713,10,5,3.4,19.4
14714,9,5,2.68,22.11
14715,10,5,2.53,20.4
14716,10,4,2.64,16.3
14717,10,4,1.56,12.4
14718,10,3,1.77,8.5
14719,10,3,2.18,4.6
14720,10,2,2.73,0.6
14721,11,3,2.94,0.82
14722,11,4,3.39,1.18
14723,12,4,3.93,1.42
14724,11,5,3.52,2.0
14725,12,5,4.18,2.25
14726,12,6,4.21,2.75
14727,11,6,3.63,3.55
14728,12,6,4.17,3.75
14729,11,6,3.75,4.64
14730,12,6,3.87,4.75
14731,11,6,3.05,5.73
14732,11,6,3.62,6.27
14733,12,6,4.01,6.25
14734,11,6,3.39,7.36
14735,12,6,3.57,7.25
14736,12,6,3.78,7.75
14737,11,6,3.51,9.0
14738,12,6,3.99,8.75
14739,11,6,3.61,10.09
14740,11,6,4.04,10.64
14741,12,6,4.52,10.25
14742,11,6,4.35,11.73
14743,12,6,4.6,11.25
14744,11,6,3.96,12.82
14745,11,6,3.97,13.36
14746,11,6,3.65,13.91
14747,11,6,4.18,14.45
14748,12,6,4.56,13.75
14749,11,6,3.96,15.55
14750,12,6,4.23,14.75
14751,11,6,3.44,16.64
14752,11,6,3.84,17.18
14753,11,6,3.2,17.73
14754,11,6,3.57,18.27
14755,12,6,3.69,17.25
14756,12,6,3.67,17.75
14757,11,6,3.29,19.91
14758,12,6,3.48,18.75
14759,11,6,2.81,21.0
14760,12,6,2.71,19.75
14761,12,6,2.72,16.58
14762,12,5,2.69,13.42
14763,12,5,2.12,10.33
14764,12,5,2.68,7.25
14765,11,4,2.4,4.55
14766,11,3,2.96,1.18
14767,10,4,2.73,1.7
14768,10,4,3.43,2.1
14769,9,5,2.94,2.89
14770,10,5,3.69,3.1
14771,9,5,3.19,4.0
14772,10,5,3.49,4.1
14773,9,5,2.75,5.11
14774,9,5,2.74,5.67
14775,10,5,3.28,5.6
14776,10,5,3.68,6.1
14777,10,5,3.57,6.6
14778,10,5,3.69,7.1
14779,9,5,3.18,8.44
14780,10,5,3.63,8.1
14781,9,5,2.71,9.56
14782,10,5,3.09,9.1
14783,10,5,3.33,9.6
14784,9,5,2.82,11.22
14785,10,5,3.22,10.6
14786,10,5,3.74,11.1
14787,9,5,2.91,12.89
14788,10,5,3.45,12.1
14789,9,5,2.9,14.0
14790,10,5,3.54,13.1
14791,10,5,3.45,13.6
14792,10,5,2.91,14.1
14793,10,5,2.9,14.6
14794,10,5,3.08,15.1
14795,10,5,2.71,15.6
14796,10,5,3.15,16.1
14797,10,5,3.11,16.6
14798,10,5,2.91,17.1
14799,10,5,3.44,17.6
14800,9,5,2.92,20.11
14801,10,5,3.39,18.6
14802,9,5,2.99,21.22
14803,10,5,3.24,19.6
14804,10,5,3.42,20.1
14805,10,5,2.85,20.6
14806,10,5,2.61,16.6
14807,10,4,2.74,12.6
14808,10,3,1.9,8.5
14809,10,2,2.42,4.5
14810,10,2,3.03,0.6
14811,11,3,3.1,0.82
14812,11,3,3.45,1.09
14813,11,4,2.84,1.45
14814,11,4,3.44,1.82
14815,11,5,3.91,2.27
14816,12,6,4.37,2.58
14817,11,6,3.94,3.36
14818,11,6,4.14,3.91
14819,11,6,3.94,4.45
14820,11,6,4.3,5.0
14821,11,6,3.52,5.55
14822,11,6,3.78,6.09
14823,12,6,4.12,6.08
14824,11,6,3.36,7.18
14825,12,6,3.78,7.08
14826,12,6,3.86,7.58
14827,11,6,2.93,8.82
14828,12,6,3.39,8.58
14829,11,6,2.85,9.91
14830,11,6,2.99,10.45
14831,12,6,3.47,10.08
14832,12,6,3.46,10.58
14833,11,6,2.93,12.09
14834,12,6,3.38,11.58
14835,11,6,2.96,13.18
14836,11,6,3.11,13.73
14837,12,6,3.74,13.08
14838,12,6,4.19,13.58
14839,11,6,3.64,15.36
14840,12,6,3.95,14.58
14841,11,6,3.53,16.45
14842,12,6,3.97,15.58
14843,11,6,3.39,17.55
14844,12,6,3.7,16.58
14845,12,6,3.8,17.08
14846,11,6,3.07,19.18
14847,12,6,3.48,18.08
14848,12,6,3.52,18.58
14849,12,6,2.42,19.08
14850,12,7,2.36,19.67
14851,12,6,2.34,16.42
14852,12,6,1.71,13.42
14853,12,5,1.97,10.33
14854,12,4,2.19,7.25
14855,11,4,2.09,4.64
14856,11,4,2.46,1.36
14857,10,5,2.21,2.0
14858,10,5,2.85,2.5
14859,10,5,3.46,3.0
14860,9,5,3.02,3.89
14861,10,5,3.55,4.0
14862,9,5,3.12,5.0
14863,10,5,3.54,5.0
14864,10,5,3.76,5.5
14865,10,5,3.26,6.0
14866,10,5,3.39,6.5
14867,9,5,2.8,7.78
14868,10,5,3.57,7.5
14869,10,5,3.79,8.0
14870,10,5,3.29,8.5
14871,10,5,3.43,9.0
14872,10,5,3.77,9.5
14873,10,5,3.41,10.0
14874,9,5,2.97,11.67
14875,10,5,3.39,11.0
14876,10,5,3.4,11.5
14877,9,5,2.79,13.33
14878,10,5,3.0,12.5
14879,10,5,3.41,13.0
14880,9,5,2.82,15.0
14881,10,5,3.5,14.0
14882,10,5,4.07,14.5
14883,10,5,3.52,15.0
14884,9,5,2.8,17.22
14885,9,5,2.83,17.78
14886,10,5,3.37,16.5
14887,9,5,2.71,18.89
14888,9,5,2.71,19.44
14889,10,5,3.09,18.0
14890,9,5,2.53,20.56
14891,10,5,2.85,19.0
14892,10,5,3.0,19.5
14893,10,5,2.88,20.0
14894,10,5,2.09,20.5
14895,10,5,1.95,21.0
14896,10,5,1.46,16.9
14897,10,4,1.52,12.8
14898,10,4,1.39,8.9
14899,11,4,1.63,4.55
14900,11,4,2.05,1.0
14901,11,4,2.62,1.36
14902,11,4,3.12,1.73
14903,12,5,3.42,2.0
14904,12,6,3.74,2.5
14905,11,6,3.14,3.27
14906,12,6,3.61,3.5
14907,11,6,3.26,4.36
14908,11,6,3.31,4.91
14909,12,6,3.77,5.0
14910,11,6,3.62,6.0
14911,11,6,3.95,6.55
14912,11,6,3.68,7.09
14913,11,6,4.06,7.64
14914,12,6,4.48,7.5
14915,11,6,3.85,8.73
14916,12,6,4.24,8.5
14917,11,6,3.42,9.82
14918,12,6,3.77,9.5
14919,12,6,3.82,10.0
14920,11,6,3.27,11.45
14921,12,6,3.55,11.0
14922,12,6,3.91,11.5
14923,11,6,3.52,13.09
14924,12,6,4.25,12.5
14925,11,6,3.82,14.18
14926,12,6,4.14,13.5
14927,11,6,3.14,15.27
14928,11,6,3.12,15.82
14929,12,6,3.58,15.0
14930,11,6,3.08,16.91
14931,11,6,3.4,17.45
14932,12,6,3.66,16.5
14933,11,6,2.92,18.55
14934,11,6,3.05,19.09
14935,11,6,2.66,19.64
14936,11,6,3.27,20.18
14937,11,6,3.47,20.73
14938,12,6,3.66,19.5
14939,12,6,3.39,20.0
14940,12,6,2.46,20.5
14941,12,6,2.86,17.25
14942,11,5,2.13,15.27
14943,12,4,2.31,10.67
14944,11,4,1.74,8.0
14945,11,4,2.44,4.55
14946,11,3,3.01,1.0
14947,10,4,2.73,1.5
14948,10,4,3.37,1.9
14949,9,5,2.9,2.67
14950,10,5,3.42,2.9
14951,9,5,2.87,3.78
14952,10,5,3.33,3.9
14953,10,5,3.79,4.4
14954,9,5,3.21,5.44
14955,10,5,3.65,5.4
14956,9,5,2.53,6.56
14957,10,5,2.87,6.4
14958,10,5,3.31,6.9
14959,11,5,3.83,6.73
14960,10,5,3.33,7.9
14961,10,5,3.29,8.4
14962,10,5,3.45,8.9
14963,10,5,3.55,9.4
14964,9,5,3.0,11.0
14965,10,5,3.52,10.4
14966,9,5,3.48,12.11
14967,10,5,4.06,11.4
14968,9,5,3.06,13.22
14969,10,5,3.42,12.4
14970,10,5,3.61,12.9
14971,10,5,3.08,13.4
14972,10,5,3.22,13.9
14973,9,5,2.47,16.0
14974,10,5,3.05,14.9
14975,10,5,3.33,15.4
14976,9,5,2.86,17.67
14977,10,5,3.2,16.4
14978,10,5,3.6,16.9
14979,9,5,3.02,19.33
14980,10,5,3.71,17.9
14981,9,5,3.26,20.44
14982,10,5,3.62,18.9
14983,9,5,2.86,21.56
14984,10,5,2.5,19.9
14985,10,5,2.39,20.4
14986,10,5,1.22,16.4
14987,10,4,1.12,12.5
14988,10,4,1.36,8.6
14989,10,4,1.7,4.8
14990,11,3,2.12,0.91
14991,11,4,2.53,1.27
14992,11,4,3.16,1.64
14993,12,5,3.62,1.92
14994,12,6,3.98,2.42
14995,11,6,3.44,3.18
14996,12,6,3.68,3.42
14997,11,6,3.08,4.27
14998,11,6,3.32,4.82
14999,11,6,2.6,5.36
15000,11,6,2.93,5.91
15001,11,6,3.06,6.45
15002,12,6,3.67,6.42
15003,12,6,3.99,6.92
15004,12,6,4.28,7.42
15005,12,6,4.38,7.92
15006,12,6,4.41,8.42
15007,12,6,3.86,8.92
15008,11,6,3.58,10.27
15009,12,6,4.14,9.92
15010,11,6,3.47,11.36
15011,11,6,3.61,11.91
15012,12,6,3.92,11.42
15013,12,6,4.29,11.92
15014,12,6,4.15,12.42
15015,11,6,3.47,14.09
15016,12,6,3.86,13.42
15017,12,6,3.84,13.92
15018,11,6,3.13,15.73
15019,12,6,3.74,14.92
15020,11,6,3.29,16.82
15021,11,6,3.63,17.36
15022,12,6,3.94,16.42
15023,11,6,3.54,18.45
15024,12,6,3.99,17.42
15025,11,6,3.28,19.55
15026,11,6,3.67,20.09
15027,12,6,3.73,18.92
15028,11,6,3.04,21.18
15029,12,6,2.95,19.92
15030,11,6,1.64,22.27
15031,11,5,1.83,18.64
15032,12,5,1.79,13.83
15033,12,5,1.95,10.58
15034,11,5,1.6,8.09
15035,11,4,2.21,4.64
15036,11,4,2.7,1.18
15037,10,4,2.39,1.7
15038,10,5,3.13,2.2
15039,9,5,2.67,3.0
15040,10,5,3.56,3.2
15041,10,5,3.98,3.7
15042,10,5,3.54,4.2
15043,10,5,3.52,4.7
15044,10,5,2.79,5.2
15045,10,5,3.06,5.7
15046,10,5,3.42,6.2
15047,10,5,2.78,6.7
15048,10,5,3.25,7.2
15049,10,5,3.63,7.7
15050,10,5,3.49,8.2
15051,10,5,4.0,8.7
15052,9,5,3.26,10.22
15053,10,5,3.65,9.7
15054,9,5,3.44,11.33
15055,10,5,3.95,10.7
15056,9,5,3.61,12.44
15057,10,5,4.14,11.7
15058,9,5,2.97,13.56
15059,9,5,2.97,14.11
15060,10,5,3.56,13.2
15061,10,5,3.97,13.7
15062,10,5,4.0,14.2
15063,9,5,3.46,16.33
15064,10,5,4.11,15.2
15065,9,5,2.79,17.44
15066,9,5,2.83,18.0
15067,10,5,3.56,16.7
15068,10,5,4.21,17.2
15069,10,5,3.78,17.7
15070,9,5,2.95,20.22
15071,10,5,3.23,18.7
15072,10,5,3.25,19.2
15073,10,5,3.4,19.7
15074,10,5,2.33,20.2
15075,10,6,2.2,20.8
15076,10,5,1.18,16.9
15077,10,5,1.27,13.0
15078,10,4,1.52,9.0
15079,11,4,1.79,4.64
15080,11,3,2.42,1.09
15081,11,4,2.99,1.45
15082,11,5,3.65,1.91
15083,12,6,4.32,2.25
15084,11,6,4.04,3.0
15085,12,6,4.52,3.25
15086,11,6,3.5,4.09
15087,12,6,4.04,4.25
15088,12,6,4.17,4.75
15089,11,6,3.49,5.73
15090,12,6,4.03,5.75
15091,11,6,3.46,6.82
15092,11,6,3.88,7.36
15093,12,6,4.16,7.25
15094,11,6,3.47,8.45
15095,12,6,3.89,8.25
15096,11,6,3.32,9.55
15097,11,6,3.61,10.09
15098,12,6,4.32,9.75
15099,11,6,3.88,11.18
15100,12,6,4.25,10.75
15101,11,6,3.67,12.27
15102,11,6,3.9,12.82
15103,12,6,4.42,12.25
15104,11,6,3.77,13.91
15105,12,6,4.06,13.25
15106,11,6,3.65,15.0
15107,11,6,4.09,15.55
15108,12,6,4.56,14.75
15109,11,6,4.17,16.64
15110,12,6,4.46,15.75
15111,11,6,3.73,17.73
15112,12,6,3.79,16.75
15113,11,6,2.87,18.82
15114,11,6,3.23,19.36
15115,12,6,3.71,18.25
15116,11,6,3.1,20.45
15117,12,6,3.5,19.25
15118,12,6,3.47,19.75
15119,12,6,3.4,20.25
15120,12,6,2.64,20.75
15121,12,6,2.85,17.42
15122,11,5,1.95,15.36
15123,12,4,1.79,10.75
15124,12,4,2.4,7.5
15125,12,4,2.9,4.25
15126,11,4,2.92,1.09
15127,10,4,2.42,1.6
15128,10,4,3.07,2.0
15129,9,5,2.91,2.78
15130,9,5,3.37,3.33
15131,9,5,3.28,3.89
15132,9,5,3.75,4.44
15133,10,5,4.37,4.5
15134,9,5,3.59,5.56
15135,10,5,4.16,5.5
15136,9,5,3.44,6.67
15137,10,5,3.98,6.5
15138,10,5,4.08,7.0
15139,10,5,3.73,7.5
15140,10,5,3.7,8.0
15141,9,5,2.86,9.44
15142,10,5,3.4,9.0
15143,10,5,4.15,9.5
15144,10,5,3.96,10.0
15145,9,5,3.28,11.67
15146,10,5,3.69,11.0
15147,10,5,3.9,11.5
15148,10,5,3.61,12.0
15149,10,5,3.82,12.5
15150,9,5,2.71,14.44
15151,10,5,2.95,13.5
15152,10,5,3.18,14.0
15153,10,5,2.35,14.5
15154,10,5,2.4,15.0
15155,10,5,2.68,15.5
15156,11,5,3.02,14.55
15157,10,5,2.47,16.5
15158,10,5,3.04,17.0
15159,11,5,3.83,15.91
15160,10,5,3.05,18.0
15161,10,5,3.43,18.5
15162,10,5,2.94,19.0
15163,10,5,3.16,19.5
15164,9,5,2.24,22.22
15165,10,6,2.22,20.6
15166,10,5,2.39,16.6
15167,10,5,1.71,12.8
15168,10,4,1.98,8.9
15169,10,3,2.22,4.9
15170,11,3,2.48,1.0
15171,11,4,3.05,1.36
15172,11,5,3.7,1.82
15173,12,5,4.24,2.08
15174,11,6,3.7,2.82
15175,12,6,4.2,3.08
15176,11,6,3.52,3.91
15177,11,6,3.8,4.45
15178,12,6,4.38,4.58
15179,11,6,3.99,5.55
15180,12,6,4.54,5.58
15181,11,6,3.95,6.64
15182,11,6,4.06,7.18
15183,11,6,3.53,7.73
15184,11,6,3.93,8.27
15185,12,6,4.01,8.08
15186,11,6,3.7,9.36
15187,11,6,3.69,9.91
15188,11,6,3.23,10.45
15189,11,6,3.44,11.0
15190,12,6,3.69,10.58
15191,12,6,4.03,11.08
15192,11,6,3.51,12.64
15193,12,6,4.01,12.08
15194,11,6,3.62,13.73
15195,11,6,3.88,14.27
15196,11,6,3.77,14.82
15197,11,6,4.19,15.36
15198,12,6,4.59,14.58
15199,11,6,4.05,16.45
15200,12,6,4.12,15.58
15201,11,6,3.53,17.55
15202,11,6,3.85,18.09
15203,12,6,4.34,17.08
15204,11,6,3.75,19.18
15205,12,6,4.07,18.08
15206,11,6,3.45,20.27
15207,12,6,3.72,19.08
15208,11,6,2.76,21.36
15209,11,6,2.85,21.91
15210,12,7,2.62,20.67
15211,12,6,2.57,17.33
15212,12,6,2.67,14.08
15213,12,6,1.61,11.0
15214,11,5,1.32,8.55
15215,11,4,1.68,5.0
15216,11,3,2.34,1.45
15217,11,4,3.15,1.82
15218,10,5,2.88,2.5
15219,10,5,3.24,3.0
15220,10,5,2.79,3.5
15221,10,5,3.29,4.0
15222,10,5,3.66,4.5
15223,10,5,3.36,5.0
15224,9,5,2.66,6.11
15225,10,5,3.13,6.0
15226,10,5,3.39,6.5
15227,9,5,3.05,7.78
15228,10,5,3.4,7.5
15229,9,5,2.85,8.89
15230,10,5,3.15,8.5
15231,10,5,3.28,9.0
15232,9,5,2.34,10.56
15233,10,5,2.92,10.0
15234,10,5,3.14,10.5
15235,10,5,3.42,11.0
15236,10,5,3.03,11.5
15237,10,5,3.5,12.0
15238,10,5,2.94,12.5
15239,10,5,2.97,13.0
15240,10,5,3.24,13.5
15241,10,5,2.92,14.0
15242,10,5,3.24,14.5
15243,10,5,3.44,15.0
15244,10,5,3.17,15.5
15245,10,5,3.54,16.0
15246,10,5,3.24,16.5
15247,10,5,3.3,17.0
15248,9,5,2.82,19.44
15249,10,5,3.19,18.0
15250,10,5,3.52,18.5
15251,10,5,2.48,19.0
15252,10,5,2.85,19.5
15253,10,5,3.19,20.0
15254,10,5,2.24,20.5
15255,10,5,2.25,21.0
15256,11,4,2.21,15.27
15257,10,4,1.31,12.7
15258,10,3,1.42,8.5
15259,10,3,1.73,4.6
15260,11,3,2.04,0.64
15261,11,3,2.63,0.91
15262,11,3,3.16,1.18
15263,12,5,3.86,1.5
15264,12,5,3.99,1.92
15265,11,5,3.63,2.55
15266,12,6,3.79,2.83
15267,11,6,3.5,3.64
15268,12,6,3.76,3.83
15269,12,6,4.06,4.33
15270,11,6,3.68,5.27
15271,12,6,4.05,5.33
15272,11,6,3.56,6.36
15273,11,6,3.42,6.91
15274,11,6,3.17,7.45
15275,11,6,3.66,8.0
15276,12,6,3.54,7.83
15277,11,6,2.94,9.09
15278,11,6,3.07,9.64
15279,12,6,3.44,9.33
15280,11,6,3.21,10.73
15281,11,6,3.43,11.27
15282,12,6,3.72,10.83
15283,12,6,4.06,11.33
15284,12,6,3.6,11.83
15285,12,6,4.03,12.33
15286,11,6,3.71,14.0
15287,12,6,4.0,13.33
15288,11,6,3.47,15.09
15289,12,6,4.02,14.33
15290,11,6,3.24,16.18
15291,11,6,3.41,16.73
15292,12,6,3.98,15.83
15293,12,6,4.27,16.33
15294,12,6,3.99,16.83
15295,11,6,3.4,18.91
15296,11,6,3.62,19.45
15297,12,6,4.08,18.33
15298,11,6,3.26,20.55
15299,12,6,2.95,19.33
15300,11,6,2.03,21.64
15301,12,6,1.91,16.67
15302,12,6,1.86,13.58
15303,11,5,1.04,11.36
15304,11,5,1.52,8.09
15305,11,4,2.0,4.64
15306,10,4,1.49,1.5
15307,10,4,1.86,1.9
15308,10,5,2.17,2.4
15309,10,5,2.7,2.9
15310,11,5,3.06,3.09
15311,10,5,2.85,3.9
15312,10,5,3.29,4.4
15313,9,5,2.67,5.44
15314,11,5,4.08,4.91
15315,10,5,3.7,5.9
15316,11,5,4.0,5.82
15317,10,5,3.26,6.9
15318,10,5,3.22,7.4
15319,11,5,3.73,7.18
15320,11,5,4.15,7.64
15321,10,5,3.51,8.9
15322,11,5,3.69,8.55
15323,11,5,3.74,9.0
15324,11,5,3.22,9.45
15325,11,5,3.32,9.91
15326,11,5,3.68,10.36
15327,10,5,2.71,11.9
15328,10,5,3.22,12.4
15329,10,5,3.49,12.9
15330,10,5,3.01,13.4
15331,10,5,3.21,13.9
15332,10,5,2.48,14.4
15333,10,5,2.76,14.9
15334,10,5,3.12,15.4
15335,10,5,3.08,15.9
15336,10,5,3.42,16.4
15337,9,5,2.85,18.78
15338,10,5,3.31,17.4
15339,9,5,2.67,19.89
15340,10,5,2.75,18.4
15341,10,5,3.28,18.9
15342,10,5,3.27,19.4
15343,10,5,2.57,19.9
15344,10,6,2.35,20.5
15345,11,6,2.19,19.18
15346,10,5,1.08,17.1
15347,10,5,0.93,13.1
15348,11,5,1.15,8.36
15349,11,5,1.67,4.91
15350,11,5,2.24,1.55
15351,11,5,2.85,2.0
15352,11,6,3.37,2.55
15353,12,6,3.97,2.83
15354,11,6,3.26,3.64
15355,11,6,3.7,4.18
15356,12,6,4.14,4.33
15357,11,6,3.76,5.27
15358,11,6,4.2,5.82
15359,12,6,4.91,5.83
15360,11,6,4.37,6.91
15361,11,6,3.93,7.45
15362,11,6,4.16,8.0
15363,12,6,4.47,7.83
15364,11,6,3.77,9.09
15365,12,6,4.21,8.83
15366,12,6,4.46,9.33
15367,11,6,4.06,10.73
15368,12,6,4.41,10.33
15369,11,6,3.76,11.82
15370,12,6,3.81,11.33
15371,11,6,3.42,12.91
15372,11,6,3.71,13.45
15373,12,6,4.62,12.83
15374,11,6,4.31,14.55
15375,12,6,4.44,13.83
15376,11,6,3.86,15.64
15377,11,6,4.04,16.18
15378,11,6,3.55,16.73
15379,11,6,4.02,17.27
15380,12,6,4.31,16.33
15381,11,6,3.65,18.36
15382,12,6,4.05,17.33
15383,11,6,3.08,19.45
15384,11,6,3.2,20.0
15385,12,6,3.85,18.83
15386,12,6,4.12,19.33
15387,12,6,4.09,19.83
15388,12,6,4.26,20.33
15389,12,6,2.98,20.83
15390,12,7,2.89,21.42
15391,11,7,1.94,19.73
15392,12,7,1.96,14.92
15393,11,6,1.24,12.73
15394,11,6,1.61,9.18
15395,11,5,1.98,5.55
15396,10,5,1.47,2.2
15397,10,5,2.14,2.7
15398,10,5,2.7,3.2
15399,10,5,3.02,3.7
15400,10,5,2.64,4.2
15401,10,5,3.11,4.7
15402,11,5,3.63,4.73
15403,10,5,3.07,5.7
15404,10,5,3.14,6.2
15405,10,5,2.77,6.7
15406,10,5,2.99,7.2
15407,10,5,2.93,7.7
15408,10,5,2.6,8.2
15409,10,5,3.01,8.7
15410,10,5,3.25,9.2
15411,10,5,3.25,9.7
15412,10,5,3.48,10.2
15413,10,5,3.22,10.7
15414,10,5,3.41,11.2
15415,9,5,2.74,13.0
15416,10,5,3.4,12.2
15417,9,5,2.46,14.11
15418,9,5,2.59,14.67
15419,10,5,2.91,13.7
15420,10,5,3.48,14.2
15421,9,5,2.89,16.33
15422,10,5,3.47,15.2
15423,10,5,3.71,15.7
15424,10,5,3.21,16.2
15425,10,5,3.21,16.7
15426,10,5,2.8,17.2
15427,10,5,2.62,17.7
15428,10,5,2.72,18.2
15429,11,5,3.24,17.0
15430,10,5,3.07,19.2
15431,10,5,3.12,19.7
15432,10,5,2.84,20.2
15433,10,5,3.24,20.7
15434,9,5,2.27,23.56
15435,10,5,2.15,21.7
15436,10,4,2.29,17.5
15437,10,4,1.45,13.3
15438,10,3,1.88,9.0
15439,11,3,1.63,4.36
15440,11,3,1.79,0.64
15441,11,4,2.44,1.0
15442,11,5,2.97,1.45
15443,11,5,3.55,1.91
15444,12,6,3.92,2.25
15445,11,6,3.44,3.0
15446,12,6,3.7,3.25
15447,11,6,3.19,4.09
15448,11,6,3.39,4.64
15449,12,6,3.4,4.75
15450,11,6,2.89,5.73
15451,11,6,3.35,6.27
15452,12,6,3.54,6.25
15453,11,6,3.38,7.36
15454,11,6,3.57,7.91
15455,12,6,3.88,7.75
15456,12,6,4.1,8.25
15457,12,6,3.71,8.75
15458,12,6,4.2,9.25
15459,12,6,3.78,9.75
15460,12,6,3.83,10.25
15461,11,6,3.22,11.73
15462,12,6,3.76,11.25
15463,12,6,3.94,11.75
15464,11,6,3.41,13.36
15465,12,6,3.76,12.75
15466,11,6,3.36,14.45
15467,11,6,3.69,15.0
15468,12,6,4.07,14.25
15469,11,6,3.57,16.09
15470,12,6,3.88,15.25
15471,11,6,3.34,17.18
15472,11,6,3.7,17.73
15473,12,6,4.39,16.75
15474,11,6,3.94,18.82
15475,12,6,4.27,17.75
15476,12,6,4.27,18.25
15477,11,6,3.44,20.45
15478,11,6,3.14,21.0
15479,11,6,3.13,21.55
15480,12,7,2.77,20.33
15481,11,6,2.01,18.73
15482,11,5,2.3,15.27
15483,12,5,2.35,10.83
15484,11,5,1.84,8.36
15485,11,4,2.31,4.82
15486,11,4,2.63,1.36
15487,10,5,2.28,2.0
15488,10,5,2.9,2.5
15489,9,5,2.31,3.33
15490,10,5,2.6,3.5
15491,10,5,3.14,4.0
15492,10,5,3.36,4.5
15493,10,5,3.27,5.0
15494,10,5,3.54,5.5
15495,10,5,3.08,6.0
15496,10,5,3.18,6.5
15497,10,5,3.46,7.0
15498,10,5,3.01,7.5
15499,10,5,3.44,8.0
15500,9,5,2.85,9.44
15501,10,5,3.52,9.0
15502,9,5,2.6,10.56
15503,10,5,3.19,10.0
15504,10,5,3.4,10.5
15505,10,5,3.62,11.0
15506,10,5,3.35,11.5
15507,9,5,2.65,13.33
15508,10,5,2.88,12.5
15509,10,5,3.28,13.0
15510,10,5,3.4,13.5
15511,10,5,2.96,14.0
15512,10,5,3.3,14.5
15513,9,5,2.72,16.67
15514,10,5,3.31,15.5
15515,10,5,3.86,16.0
15516,10,5,3.51,16.5
15517,10,5,3.63,17.0
15518,9,5,2.97,19.44
15519,10,5,3.55,18.0
15520,9,5,3.17,20.56
15521,10,5,3.43,19.0
15522,10,5,3.63,19.5
15523,10,5,2.79,20.0
15524,10,5,2.39,20.5
15525,10,6,2.06,21.1
15526,10,5,0.8,17.0
15527,10,4,1.2,13.0
15528,10,5,1.38,9.1
15529,10,4,1.7,5.2
15530,11,3,2.15,1.09
15531,11,4,2.69,1.45
15532,11,4,3.09,1.82
15533,11,5,3.31,2.27
15534,12,6,3.66,2.58
15535,11,6,3.39,3.36
15536,12,6,3.76,3.58
15537,11,6,3.31,4.45
15538,11,6,3.46,5.0
15539,12,6,3.75,5.08
15540,12,6,3.95,5.58
15541,11,6,3.34,6.64
15542,11,6,3.0,7.18
15543,11,6,3.3,7.73
15544,12,6,3.69,7.58
15545,11,6,2.98,8.82
15546,11,6,3.21,9.36
15547,12,6,3.76,9.08
15548,12,6,4.09,9.58
15549,11,6,3.59,11.0
15550,12,6,4.11,10.58
15551,11,6,3.75,12.09
15552,12,6,4.12,11.58
15553,12,6,4.41,12.08
15554,11,6,3.98,13.73
15555,11,6,3.44,14.27
15556,11,6,3.75,14.82
15557,12,6,4.06,14.08
15558,11,6,3.56,15.91
15559,12,6,4.14,15.08
15560,12,6,4.34,15.58
15561,11,6,3.65,17.55
15562,12,6,3.96,16.58
15563,11,6,3.47,18.64
15564,12,6,3.69,17.58
15565,11,6,3.06,19.73
15566,11,6,3.5,20.27
15567,12,6,4.14,19.08
15568,12,6,4.1,19.58
15569,12,7,3.13,20.17
15570,12,7,3.26,20.75
15571,12,7,1.98,17.5
15572,11,6,0.79,15.64
15573,11,6,1.13,12.09
15574,11,5,1.75,8.64
15575,11,5,2.32,5.27
15576,10,4,1.9,2.0
15577,10,5,2.57,2.5
15578,10,5,3.24,3.0
15579,9,5,3.06,3.89
15580,10,5,3.67,4.0
15581,9,5,2.84,5.0
15582,10,5,2.93,5.0
15583,10,5,3.04,5.5
15584,10,5,3.28,6.0
15585,10,5,2.99,6.5
15586,10,5,3.21,7.0
15587,10,5,3.48,7.5
15588,10,5,3.05,8.0
15589,10,5,3.48,8.5
15590,10,5,3.18,9.0
15591,10,5,3.47,9.5
15592,10,5,3.85,10.0
15593,10,5,3.55,10.5
15594,9,5,2.88,12.22
15595,10,5,3.41,11.5
15596,10,5,3.45,12.0
15597,9,5,2.73,13.89
15598,10,5,3.09,13.0
15599,10,5,3.52,13.5
15600,9,5,3.13,15.56
15601,10,5,3.84,14.5
15602,9,5,3.28,16.67
15603,10,5,3.51,15.5
15604,10,5,3.82,16.0
15605,10,5,3.15,16.5
15606,10,5,3.43,17.0
15607,10,5,3.5,17.5
15608,10,5,2.98,18.0
15609,9,5,2.24,20.56
15610,9,5,2.2,21.11
15611,10,5,2.71,19.5
15612,10,5,3.49,20.0
15613,11,5,3.46,18.64
15614,10,5,2.39,21.0
15615,10,5,1.3,21.5
15616,10,5,1.11,17.3
15617,10,4,0.82,13.1
15618,11,5,0.96,8.27
15619,11,5,1.4,4.73
15620,11,4,2.04,1.18
15621,11,5,2.41,1.64
15622,11,6,3.07,2.18
15623,12,6,3.56,2.5
15624,12,6,3.74,3.0
15625,11,6,3.24,3.82
15626,12,6,3.6,4.0
15627,11,6,3.36,4.91
15628,11,6,3.75,5.45
15629,12,6,4.17,5.5
15630,11,6,3.57,6.55
15631,12,6,4.08,6.5
15632,11,6,3.31,7.64
15633,11,6,3.53,8.18
15634,12,6,3.87,8.0
15635,11,6,3.53,9.27
15636,11,6,3.71,9.82
15637,12,6,4.03,9.5
15638,11,6,3.99,10.91
15639,12,6,4.22,10.5
15640,11,6,3.69,12.0
15641,12,6,4.36,11.5
15642,11,6,3.36,13.09
15643,11,6,3.68,13.64
15644,12,6,3.89,13.0
15645,11,6,3.3,14.73
15646,11,6,3.75,15.27
15647,11,6,2.9,15.82
15648,11,6,3.21,16.36
15649,11,6,3.38,16.91
15650,12,6,3.8,16.0
15651,12,6,4.15,16.5
15652,12,6,3.88,17.0
15653,11,6,3.53,19.09
15654,11,6,3.72,19.64
15655,12,6,4.31,18.5
15656,11,6,3.95,20.73
15657,12,6,4.18,19.5
15658,11,6,3.18,21.82
15659,12,6,2.8,20.5
15660,11,6,1.71,22.91
15661,11,5,1.77,19.27
15662,12,5,1.6,14.42
15663,12,4,1.9,11.0
15664,11,4,1.67,8.27
15665,11,4,1.98,4.64
15666,11,3,2.46,0.91
15667,10,4,2.06,1.4
15668,10,5,2.45,1.9
15669,10,5,3.0,2.4
15670,10,5,2.67,2.9
15671,10,5,3.01,3.4
15672,10,5,3.17,3.9
15673,10,5,2.67,4.4
15674,10,5,3.15,4.9
15675,10,5,3.72,5.4
15676,10,5,3.43,5.9
15677,10,5,3.63,6.4
15678,10,5,2.77,6.9
15679,10,5,2.87,7.4
15680,10,5,3.08,7.9
15681,10,5,2.75,8.4
15682,10,5,3.03,8.9
15683,11,5,3.61,8.55
15684,10,5,3.12,9.9
15685,10,5,3.01,10.4
15686,10,5,2.63,10.9
15687,10,5,2.91,11.4
15688,10,5,3.22,11.9
15689,10,5,2.97,12.4
15690,10,5,3.35,12.9
15691,10,5,3.56,13.4
15692,10,5,3.06,13.9
15693,10,5,3.69,14.4
15694,9,5,2.86,16.56
15695,10,5,3.47,15.4
15696,10,5,3.89,15.9
15697,10,5,3.46,16.4
15698,9,5,2.77,18.78
15699,9,5,2.99,19.33
15700,10,5,3.41,17.9
15701,10,5,3.7,18.4
15702,10,5,3.31,18.9
15703,10,5,3.54,19.4
15704,10,5,2.74,19.9
15705,10,5,2.36,20.4
15706,10,5,2.32,16.5
15707,10,4,1.23,12.6
15708,10,3,1.7,8.6
15709,10,2,2.21,4.6
15710,11,2,2.34,0.55
15711,11,3,2.68,0.82
15712,11,4,3.19,1.18
15713,12,5,3.74,1.5
15714,11,5,3.16,2.09
15715,11,6,3.44,2.64
15716,12,6,3.69,2.92
15717,12,6,3.86,3.42
15718,12,6,3.4,3.92
15719,12,6,3.73,4.42
15720,11,6,3.04,5.36
15721,12,6,3.36,5.42
15722,12,6,3.45,5.92
15723,12,6,3.26,6.42
15724,12,6,3.36,6.92
15725,12,6,3.59,7.42
15726,11,6,3.37,8.64
15727,12,6,3.64,8.42
15728,12,6,3.94,8.92
15729,12,6,3.51,9.42
15730,11,6,2.84,10.82
15731,11,6,3.13,11.36
15732,12,6,3.35,10.92
15733,12,6,3.53,11.42
15734,11,6,3.24,13.0
15735,12,6,3.57,12.42
15736,12,6,4.15,12.92
15737,11,6,3.76,14.64
15738,12,6,4.07,13.92
15739,11,6,3.93,15.73
15740,12,6,4.37,14.92
15741,11,6,3.74,16.82
15742,12,6,4.08,15.92
15743,12,6,4.35,16.42
15744,11,6,3.7,18.45
15745,12,6,4.05,17.42
15746,11,6,3.54,19.55
15747,11,6,3.72,20.09
15748,11,6,2.97,20.64
15749,11,6,2.98,21.18
15750,12,7,2.7,20.0
15751,12,6,3.0,16.75
15752,12,6,2.12,13.75
15753,12,6,2.14,10.75
15754,11,4,1.77,8.18
15755,11,5,2.26,4.82
15756,10,4,1.67,1.6
15757,10,5,2.15,2.1
15758,10,5,2.77,2.6
15759,9,5,2.14,3.44
15760,10,5,2.53,3.6
15761,10,5,3.05,4.1
15762,11,5,3.3,4.18
15763,10,5,2.85,5.1
15764,10,5,3.08,5.6
15765,9,5,2.55,6.78
15766,10,5,3.13,6.6
15767,10,5,3.17,7.1
15768,10,5,2.78,7.6
15769,10,5,3.17,8.1
15770,10,5,3.47,8.6
15771,10,5,3.19,9.1
15772,10,5,3.35,9.6
15773,10,5,2.45,10.1
15774,10,5,2.53,10.6
15775,10,5,2.87,11.1
15776,11,5,3.52,10.55
15777,10,5,3.17,12.1
15778,10,5,3.33,12.6
15779,10,5,2.75,13.1
15780,10,5,3.05,13.6
15781,10,5,3.58,14.1
15782,10,5,3.28,14.6
15783,10,5,3.67,15.1
15784,9,5,3.16,17.33
15785,10,5,3.63,16.1
15786,9,5,3.29,18.44
15787,10,5,3.85,17.1
15788,10,5,4.02,17.6
15789,10,5,3.46,18.1
15790,10,5,3.57,18.6
15791,9,5,2.71,21.22
15792,10,5,2.99,19.6
15793,10,5,3.3,20.1
15794,10,5,2.58,20.6
15795,10,6,2.17,21.2
15796,11,5,2.34,15.55
15797,10,5,1.44,13.1
15798,10,4,1.35,9.2
15799,10,3,1.98,5.1
15800,11,2,2.33,0.91
15801,11,3,2.73,1.18
15802,11,4,3.14,1.55
15803,12,4,3.65,1.75
15804,11,5,3.03,2.36
15805,11,6,3.4,2.91
15806,12,6,3.94,3.17
15807,12,6,4.41,3.67
15808,12,6,4.02,4.17
15809,12,6,4.4,4.67
15810,12,6,3.99,5.17
15811,12,6,4.05,5.67
15812,11,6,3.6,6.73
15813,12,6,4.11,6.67
15814,11,6,3.28,7.82
15815,11,6,3.32,8.36
15816,12,6,3.82,8.17
15817,11,6,3.46,9.45
15818,11,6,3.66,10.0
15819,12,6,4.39,9.67
15820,11,6,4.31,11.09
15821,12,6,4.95,10.67
15822,11,6,4.07,12.18
15823,12,6,4.05,11.67
15824,11,6,3.6,13.27
15825,12,6,3.85,12.67
15826,12,6,4.05,13.17
15827,11,6,3.39,14.91
15828,12,6,3.93,14.17
15829,12,6,4.08,14.67
15830,12,6,3.8,15.17
15831,12,6,4.22,15.67
15832,11,6,3.79,17.64
15833,12,6,4.14,16.67
15834,11,6,3.21,18.73
15835,11,6,3.76,19.27
15836,11,6,3.02,19.82
15837,11,6,3.55,20.36
15838,12,6,3.96,19.17
15839,12,6,3.68,19.67
15840,12,6,2.8,20.17
15841,12,6,2.95,16.83
15842,11,6,2.19,14.82
15843,12,5,2.15,10.5
15844,12,4,2.67,7.33
15845,11,4,2.17,4.64
15846,11,3,2.49,1.18
15847,10,4,2.06,1.7
15848,10,4,2.55,2.1
15849,10,5,2.85,2.6
15850,10,5,2.39,3.1
15851,10,5,3.04,3.6
15852,10,5,3.16,4.1
15853,10,5,2.84,4.6
15854,10,5,3.23,5.1
15855,11,5,3.51,5.09
15856,10,5,2.72,6.1
15857,10,5,3.06,6.6
15858,10,5,2.83,7.1
15859,10,5,3.37,7.6
15860,9,5,3.02,9.0
15861,10,5,3.4,8.6
15862,10,5,3.7,9.1
15863,9,5,2.88,10.67
15864,10,5,3.37,10.1
15865,9,5,2.77,11.78
15866,10,5,3.27,11.1
15867,10,5,3.28,11.6
15868,9,5,2.98,13.44
15869,10,5,3.53,12.6
15870,9,5,2.94,14.56
15871,10,5,3.51,13.6
15872,10,5,3.62,14.1
15873,9,5,2.96,16.22
15874,10,5,3.48,15.1
15875,10,5,3.75,15.6
15876,9,5,2.81,17.89
15877,10,5,3.34,16.6
15878,9,5,3.11,19.0
15879,10,5,3.69,17.6
15880,10,5,3.9,18.1
15881,9,5,3.28,20.67
15882,10,5,3.72,19.1
15883,9,5,2.73,21.78
15884,10,5,2.47,20.1
15885,10,5,2.48,20.6
15886,10,5,1.21,16.6
15887,10,5,1.37,12.6
15888,10,4,1.15,8.7
15889,10,3,1.59,4.8
15890,11,3,2.0,0.91
15891,11,4,2.43,1.27
15892,11,4,3.02,1.64
15893,12,4,3.61,1.83
15894,12,5,3.88,2.25
15895,12,5,4.27,2.67
15896,12,6,3.85,3.17
15897,12,6,4.04,3.67
15898,11,6,3.48,4.55
15899,11,6,3.16,5.09
15900,11,6,3.64,5.64
15901,12,6,3.74,5.67
15902,12,6,3.84,6.17
15903,11,6,3.62,7.27
15904,12,6,4.07,7.17
15905,11,6,3.57,8.36
15906,12,6,4.11,8.17
15907,12,6,4.28,8.67
15908,11,6,3.71,10.0
15909,12,6,4.04,9.67
15910,11,6,3.45,11.09
15911,11,6,3.71,11.64
15912,11,6,2.99,12.18
15913,11,6,3.34,12.73
15914,12,6,3.56,12.17
15915,12,6,3.48,12.67
15916,11,6,2.99,14.36
15917,12,6,3.51,13.67
15918,11,6,2.87,15.45
15919,11,6,2.88,16.0
15920,12,6,3.28,15.17
15921,12,6,3.56,15.67
15922,12,6,3.56,16.17
15923,12,6,3.54,16.67
15924,12,6,3.78,17.17
15925,11,6,3.55,19.27
15926,12,6,3.9,18.17
15927,11,6,3.58,20.36
15928,12,6,3.76,19.17
15929,11,6,3.14,21.45
15930,12,6,2.7,20.17
15931,12,6,2.86,16.92
15932,12,5,2.86,13.58
15933,12,4,2.26,10.33
15934,11,4,1.7,7.73
15935,11,3,2.18,4.27
15936,11,3,2.94,0.91
15937,10,3,2.52,1.3
15938,10,4,3.07,1.7
15939,10,5,3.01,2.2
15940,10,5,3.18,2.7
15941,10,5,3.73,3.2
15942,10,5,3.22,3.7
15943,10,5,3.44,4.2
15944,9,5,2.74,5.22
15945,10,5,3.22,5.2
15946,10,5,3.63,5.7
15947,10,5,2.79,6.2
15948,10,5,3.16,6.7
15949,10,5,3.42,7.2
15950,10,5,3.16,7.7
15951,10,5,3.2,8.2
15952,11,5,3.66,7.91
15953,10,5,3.04,9.2
15954,10,5,3.52,9.7
15955,10,5,3.04,10.2
15956,10,5,3.16,10.7
15957,9,5,2.22,12.44
15958,10,5,2.49,11.7
15959,10,5,2.93,12.2
15960,10,5,3.37,12.7
15961,10,5,3.31,13.2
15962,10,5,3.49,13.7
15963,10,5,3.21,14.2
15964,10,5,3.41,14.7
15965,10,5,3.51,15.2
15966,10,5,2.96,15.7
15967,10,5,3.35,16.2
15968,9,5,2.41,18.56
15969,10,5,2.97,17.2
15970,10,5,3.33,17.7
15971,10,5,3.01,18.2
15972,10,5,3.18,18.7
15973,10,5,3.48,19.2
15974,10,5,2.56,19.7
15975,10,6,2.54,20.3
15976,10,5,1.28,16.3
15977,10,5,1.31,12.5
15978,10,4,1.41,8.7
15979,11,4,1.59,4.55
15980,11,3,2.03,1.09
15981,11,3,2.58,1.36
15982,11,4,3.22,1.73
15983,12,4,3.94,1.92
15984,11,5,3.36,2.55
15985,11,5,3.57,3.0
15986,12,6,4.08,3.25
15987,11,6,3.36,4.09
15988,11,6,3.93,4.64
15989,11,6,3.02,5.18
15990,11,6,3.21,5.73
15991,12,6,3.47,5.75
15992,12,6,3.49,6.25
15993,11,6,3.06,7.36
15994,12,6,3.33,7.25
15995,11,6,2.69,8.45
15996,11,6,2.88,9.0
15997,12,6,3.19,8.75
15998,12,6,3.75,9.25
15999,12,6,4.01,9.75
16000,12,6,3.79,10.25
16001,12,6,4.0,10.75
16002,12,6,3.73,11.25
16003,12,6,4.06,11.75
16004,11,6,3.55,13.36
16005,12,6,4.01,12.75
16006,11,6,3.44,14.45
16007,12,6,3.91,13.75
16008,12,6,4.04,14.25
16009,12,6,3.34,14.75
16010,12,6,3.64,15.25
16011,11,6,3.11,17.18
16012,12,6,3.72,16.25
16013,12,6,3.98,16.75
16014,11,6,3.56,18.82
16015,12,6,3.96,17.75
16016,11,6,3.36,19.91
16017,12,6,3.93,18.75
16018,12,6,3.86,19.25
16019,11,6,2.69,21.55
16020,12,7,2.39,20.33
16021,12,6,2.75,17.0
16022,11,6,2.24,15.0
16023,12,5,2.26,10.5
16024,11,5,1.79,8.09
16025,11,4,2.36,4.73
16026,11,4,3.17,1.45
16027,10,4,2.81,2.0
16028,10,5,3.18,2.5
16029,10,5,2.69,3.0
16030,10,5,2.87,3.5
16031,10,5,3.18,4.0
16032,10,5,3.06,4.5
16033,10,5,3.31,5.0
16034,9,5,2.71,6.11
16035,10,5,3.41,6.0
16036,10,5,3.86,6.5
16037,9,5,2.98,7.78
16038,10,5,3.66,7.5
16039,9,5,3.29,8.89
16040,10,5,3.69,8.5
16041,10,5,3.72,9.0
16042,10,5,3.05,9.5
16043,10,5,3.37,10.0
16044,10,5,3.64,10.5
16045,10,5,3.29,11.0
16046,9,5,2.74,12.78
16047,9,5,2.92,13.33
16048,10,5,3.29,12.5
16049,9,5,2.75,14.44
16050,10,5,3.13,13.5
16051,10,5,3.38,14.0
16052,10,5,3.6,14.5
16053,10,5,3.14,15.0
16054,10,5,3.47,15.5
16055,10,5,3.07,16.0
16056,10,5,3.39,16.5
16057,9,5,2.82,18.89
16058,10,5,3.04,17.5
16059,10,5,3.47,18.0
16060,9,5,2.51,20.56
16061,10,5,3.35,19.0
16062,10,5,3.58,19.5
16063,10,5,2.68,20.0
16064,10,6,2.41,20.6
16065,10,6,1.34,21.2
16066,10,6,1.17,17.2
16067,10,6,1.19,13.3
16068,11,5,1.09,8.55
16069,11,5,1.75,5.09
16070,11,5,2.28,1.73
16071,11,5,3.08,2.18
16072,11,6,3.73,2.73
16073,12,6,4.36,3.0
16074,11,6,3.76,3.82
16075,12,6,4.33,4.0
16076,11,6,3.36,4.91
16077,11,6,3.52,5.45
16078,11,6,2.66,6.0
16079,11,6,3.25,6.55
16080,12,6,3.74,6.5
16081,12,6,3.92,7.0
16082,12,6,4.02,7.5
16083,12,6,3.99,8.0
16084,12,6,4.22,8.5
16085,11,6,3.58,9.82
16086,11,6,3.23,10.36
16087,11,6,3.67,10.91
16088,12,6,3.87,10.5
16089,11,6,3.3,12.0
16090,11,6,3.38,12.55
16091,12,6,3.56,12.0
16092,11,6,2.98,13.64
16093,11,6,3.26,14.18
16094,11,6,2.98,14.73
16095,11,6,3.37,15.27
16096,11,6,3.74,15.82
16097,12,6,4.22,15.0
16098,12,6,4.53,15.5
16099,12,6,4.07,16.0
16100,11,6,3.33,18.0
16101,12,6,3.93,17.0
16102,11,6,2.91,19.09
16103,11,6,3.3,19.64
16104,12,6,3.55,18.5
16105,12,6,4.07,19.0
16106,11,6,3.65,21.27
16107,12,6,4.16,20.0
16108,11,6,4.07,22.36
16109,12,6,4.65,21.0
16110,11,6,3.45,23.45
16111,12,5,3.27,18.0
16112,11,4,2.27,15.82
16113,11,4,2.35,12.0
16114,12,3,2.55,7.5
16115,11,3,2.13,4.36
16116,11,3,2.51,0.64
16117,10,4,2.31,1.1
16118,10,4,2.88,1.5
16119,9,5,2.41,2.22
16120,10,5,3.07,2.5
16121,10,5,3.14,3.0
16122,10,5,3.6,3.5
16123,10,5,3.26,4.0
16124,10,5,3.72,4.5
16125,9,5,3.07,5.56
16126,10,5,3.53,5.5
16127,9,5,3.05,6.67
16128,10,5,3.62,6.5
16129,10,5,3.63,7.0
16130,9,5,2.69,8.33
16131,10,5,3.05,8.0
16132,10,5,3.51,8.5
16133,10,5,3.05,9.0
16134,10,5,3.13,9.5
16135,10,5,3.61,10.0
16136,10,5,3.44,10.5
16137,10,5,3.79,11.0
16138,9,5,3.11,12.78
16139,10,5,3.67,12.0
16140,9,5,3.42,13.89
16141,10,5,3.85,13.0
16142,9,5,2.88,15.0
16143,9,5,2.95,15.56
16144,10,5,3.39,14.5
16145,10,5,3.8,15.0
16146,10,5,3.64,15.5
16147,10,5,3.68,16.0
16148,10,5,3.51,16.5
16149,10,5,3.57,17.0
16150,9,5,2.84,19.44
16151,10,5,3.34,18.0
16152,10,5,3.89,18.5
16153,10,5,2.92,19.0
16154,10,6,2.69,19.6
16155,10,6,1.23,20.2
16156,10,6,0.87,16.5
16157,10,5,0.98,12.8
16158,11,5,1.06,8.27
16159,11,4,1.4,4.82
16160,11,4,1.9,1.45
16161,11,4,2.43,1.82
16162,11,5,3.12,2.27
16163,11,6,3.67,2.82
16164,12,6,4.08,3.08
16165,11,6,3.39,3.91
16166,12,6,3.52,4.08
16167,11,6,3.15,5.0
16168,11,6,3.61,5.55
16169,12,6,4.18,5.58
16170,12,6,4.49,6.08
16171,11,6,3.95,7.18
16172,11,6,3.78,7.73
16173,11,6,4.51,8.27
16174,11,6,3.89,8.82
16175,11,6,4.07,9.36
16176,12,6,4.21,9.08
16177,11,6,3.6,10.45
16178,12,6,3.99,10.08
16179,11,6,3.04,11.55
16180,11,6,3.04,12.09
16181,12,6,3.36,11.58
16182,11,6,2.74,13.18
16183,11,6,2.92,13.73
16184,12,6,3.36,13.08
16185,12,6,3.83,13.58
16186,11,6,3.32,15.36
16187,12,6,3.57,14.58
16188,12,6,3.85,15.08
16189,12,6,3.36,15.58
16190,12,6,3.72,16.08
16191,11,6,3.19,18.09
16192,12,6,3.63,17.08
16193,12,6,3.75,17.58
16194,11,6,3.16,19.73
16195,12,6,3.63,18.58
16196,12,6,3.94,19.08
16197,12,6,3.78,19.58
16198,12,6,3.71,20.08
16199,11,6,2.61,22.45
16200,12,7,2.55,21.17
16201,12,6,2.65,17.75
16202,12,6,2.17,14.42
16203,12,5,2.19,11.08
16204,11,4,1.62,8.45
16205,11,4,1.97,4.91
16206,11,4,2.49,1.36
16207,10,5,2.01,2.0
16208,10,5,2.46,2.5
16209,11,5,3.1,2.73
16210,10,5,2.62,3.5
16211,10,5,2.89,4.0
16212,9,5,2.75,5.0
16213,10,5,3.39,5.0
16214,10,5,3.5,5.5
16215,10,5,2.99,6.0
16216,10,5,3.29,6.5
16217,10,5,3.3,7.0
16218,10,5,3.04,7.5
16219,10,5,3.33,8.0
16220,11,5,3.94,7.73
16221,10,5,3.48,9.0
16222,9,5,2.85,10.56
16223,10,5,3.61,10.0
16224,9,5,2.64,11.67
16225,10,5,3.01,11.0
16226,10,5,3.11,11.5
16227,10,5,3.3,12.0
16228,10,5,3.02,12.5
16229,10,5,3.16,13.0
16230,10,5,2.95,13.5
16231,10,5,3.11,14.0
16232,10,5,3.36,14.5
16233,9,5,2.91,16.67
16234,10,5,3.39,15.5
16235,10,5,4.13,16.0
16236,10,5,3.98,16.5
16237,9,5,3.32,18.89
16238,10,5,3.4,17.5
16239,10,5,3.6,18.0
16240,9,5,2.77,20.56
16241,10,5,3.36,19.0
16242,9,5,2.83,21.67
16243,9,5,2.92,22.22
16244,10,5,3.36,20.5
16245,9,5,2.38,23.33
16246,10,4,2.4,16.8
16247,10,4,2.6,12.7
16248,11,3,2.91,7.91
16249,10,2,2.5,4.6
16250,10,1,2.77,0.4
16251,10,2,3.15,0.6
16252,11,3,3.28,0.82
16253,11,4,3.81,1.18
16254,11,4,3.59,1.55
16255,11,4,4.28,1.91
16256,12,5,4.7,2.17
16257,11,6,3.83,2.91
16258,12,6,4.05,3.17
16259,12,6,4.09,3.67
16260,12,6,3.34,4.17
16261,11,6,2.61,5.09
16262,11,6,3.2,5.64
16263,11,6,3.54,6.18
16264,12,6,3.72,6.17
16265,12,6,3.99,6.67
16266,12,6,3.97,7.17
16267,12,6,4.25,7.67
16268,11,6,3.69,8.91
16269,11,6,2.97,9.45
16270,11,6,3.36,10.0
16271,12,6,3.74,9.67
16272,12,6,3.82,10.17
16273,11,6,3.44,11.64
16274,12,6,3.88,11.17
16275,11,6,3.43,12.73
16276,12,6,3.54,12.17
16277,12,6,3.73,12.67
16278,11,6,3.57,14.36
16279,12,6,3.86,13.67
16280,11,6,3.46,15.45
16281,11,6,3.62,16.0
16282,12,6,4.0,15.17
16283,11,6,3.74,17.09
16284,11,6,3.96,17.64
16285,11,6,3.72,18.18
16286,11,6,4.1,18.73
16287,12,6,4.12,17.67
16288,12,6,4.31,18.17
16289,11,6,3.99,20.36
16290,11,6,3.27,20.91
16291,11,5,3.45,17.36
16292,12,4,3.61,12.83
16293,11,4,2.94,10.64
16294,12,4,2.98,6.67
16295,11,3,2.33,4.0
16296,11,3,2.76,0.73
16297,10,3,2.58,1.1
16298,10,4,3.15,1.5
16299,10,4,2.89,1.9
16300,10,5,3.12,2.4
16301,10,5,3.42,2.9
16302,10,5,2.93,3.4
16303,10,5,3.27,3.9
16304,9,5,2.83,4.89
16305,10,5,3.46,4.9
16306,10,5,3.9,5.4
16307,10,5,3.24,5.9
16308,10,5,3.0,6.4
16309,11,5,3.28,6.27
16310,10,5,2.72,7.4
16311,10,5,2.96,7.9
16312,10,5,2.7,8.4
16313,10,5,3.11,8.9
16314,10,5,3.37,9.4
16315,10,5,3.06,9.9
16316,10,5,3.29,10.4
16317,9,5,2.4,12.11
16318,10,5,2.88,11.4
16319,10,5,3.26,11.9
16320,11,5,3.91,11.27
16321,10,5,3.38,12.9
16322,10,5,3.79,13.4
16323,10,5,3.8,13.9
16324,9,5,3.37,16.0
16325,9,5,3.39,16.56
16326,10,5,3.71,15.4
16327,9,5,3.09,17.67
16328,10,5,3.85,16.4
16329,9,5,3.18,18.78
16330,10,5,3.59,17.4
16331,10,5,3.75,17.9
16332,9,5,3.12,20.44
16333,10,5,3.69,18.9
16334,9,5,2.96,21.56
16335,10,5,2.69,19.9
16336,9,5,1.51,17.89
16337,10,4,1.48,12.2
16338,10,4,1.85,8.4
16339,10,4,2.12,4.7
16340,10,4,2.62,1.1
16341,11,4,2.71,1.36
16342,11,4,3.48,1.73
16343,11,4,3.84,2.09
16344,11,5,3.33,2.55
16345,11,5,3.91,3.0
16346,12,6,4.31,3.25
16347,11,6,3.52,4.09
16348,11,6,3.64,4.64
16349,12,6,4.01,4.75
16350,11,6,3.38,5.73
16351,12,6,3.77,5.75
16352,11,6,3.35,6.82
16353,11,6,3.7,7.36
16354,12,6,4.01,7.25
16355,12,6,4.48,7.75
16356,11,6,4.12,9.0
16357,11,6,4.25,9.55
16358,11,6,4.42,10.09
16359,11,6,3.87,10.64
16360,11,6,4.16,11.18
16361,11,6,3.22,11.73
16362,11,6,3.47,12.27
16363,12,6,4.1,11.75
16364,12,6,3.96,12.25
16365,11,6,3.3,13.91
16366,12,6,3.67,13.25
16367,11,6,3.09,15.0
16368,11,6,3.36,15.55
16369,12,6,3.43,14.75
16370,11,6,3.2,16.64
16371,11,6,3.5,17.18
16372,12,6,3.89,16.25
16373,12,6,3.93,16.75
16374,12,6,3.41,17.25
16375,12,6,3.72,17.75
16376,11,6,3.3,19.91
16377,12,6,3.63,18.75
16378,11,6,2.93,21.0
16379,12,6,2.79,19.75
16380,12,6,2.65,20.25
16381,11,5,1.73,18.45
16382,12,5,1.96,13.67
16383,11,4,0.97,11.27
16384,11,4,1.36,7.64
16385,11,4,1.85,4.27
16386,11,4,2.2,1.0
16387,10,5,1.83,1.6
16388,10,5,2.13,2.1
16389,10,5,2.52,2.6
16390,11,5,3.29,2.82
16391,10,5,2.94,3.6
16392,10,5,3.28,4.1
16393,10,5,2.89,4.6
16394,10,5,3.16,5.1
16395,9,5,2.7,6.22
16396,10,5,3.39,6.1
16397,10,5,3.61,6.6
16398,10,5,3.33,7.1
16399,10,5,3.28,7.6
16400,9,5,2.66,9.0
16401,10,5,3.32,8.6
16402,10,5,3.47,9.1
16403,10,5,3.04,9.6
16404,10,5,3.12,10.1
16405,10,5,3.13,10.6
16406,10,5,3.03,11.1
16407,10,5,3.52,11.6
16408,9,5,3.01,13.44
16409,10,5,3.69,12.6
16410,9,5,2.83,14.56
16411,10,5,3.12,13.6
16412,10,5,3.17,14.1
16413,10,5,2.69,14.6
16414,10,5,2.77,15.1
16415,10,5,3.06,15.6
16416,9,5,2.7,17.89
16417,10,5,3.3,16.6
16418,9,5,2.59,19.0
16419,10,5,3.08,17.6
16420,10,5,3.26,18.1
16421,10,5,3.44,18.6
16422,10,5,3.03,19.1
16423,10,5,3.48,19.6
16424,10,5,2.52,20.1
16425,10,5,2.1,20.6
16426,11,4,2.21,15.09
16427,10,4,1.4,12.7
16428,10,3,1.59,8.7
16429,10,3,2.11,4.7
16430,11,3,2.39,0.64
16431,11,4,2.79,1.0
16432,11,4,3.36,1.36
16433,12,4,3.65,1.58
16434,11,5,3.25,2.18
16435,11,6,3.67,2.73
16436,12,6,4.01,3.0
16437,12,6,4.36,3.5
16438,11,6,3.84,4.36
16439,11,6,3.59,4.91
16440,11,6,4.1,5.45
16441,12,6,4.38,5.5
16442,11,6,3.99,6.55
16443,12,6,4.59,6.5
16444,12,6,4.43,7.0
16445,11,6,3.8,8.18
16446,11,6,3.3,8.73
16447,11,6,3.85,9.27
16448,12,6,3.9,9.0
16449,11,6,3.38,10.36
16450,11,6,3.52,10.91
16451,12,6,3.84,10.5
16452,11,6,3.25,12.0
16453,11,6,3.48,12.55
16454,12,6,3.77,12.0
16455,11,6,3.41,13.64
16456,12,6,3.68,13.0
16457,12,6,4.14,13.5
16458,11,6,3.68,15.27
16459,12,6,4.3,14.5
16460,12,6,4.54,15.0
16461,12,6,3.86,15.5
16462,11,6,3.03,17.45
16463,12,6,3.4,16.5
16464,11,6,2.58,18.55
16465,11,6,2.94,19.09
16466,12,6,3.39,18.0
16467,12,6,3.59,18.5
16468,12,6,3.3,19.0
16469,12,6,2.57,19.5
16470,12,7,2.77,20.08
16471,11,6,1.82,18.45
16472,12,5,1.69,13.75
16473,12,5,2.14,10.58
16474,11,5,1.53,8.09
16475,11,4,2.12,4.73
16476,11,4,2.59,1.36
16477,10,4,2.23,1.9
16478,10,5,2.9,2.4
16479,11,5,3.45,2.64
16480,10,5,2.9,3.4
16481,10,5,3.16,3.9
16482,10,5,2.93,4.4
16483,10,5,3.21,4.9
16484,10,5,3.31,5.4
16485,10,5,3.0,5.9
16486,10,5,3.37,6.4
16487,10,5,3.09,6.9
16488,10,5,3.2,7.4
16489,9,5,2.28,8.78
16490,9,5,2.81,9.33
16491,10,5,3.44,8.9
16492,9,5,2.86,10.44
16493,10,5,3.06,9.9
16494,10,5,3.27,10.4
16495,11,5,3.75,9.91
16496,10,5,3.07,11.4
16497,10,5,3.53,11.9
16498,10,5,3.13,12.4
16499,10,5,3.47,12.9
16500,9,5,2.81,14.89
16501,10,5,3.12,13.9
16502,10,5,3.55,14.4
16503,10,5,3.04,14.9
16504,10,5,3.02,15.4
16505,10,5,3.46,15.9
16506,10,5,3.53,16.4
16507,10,5,3.8,16.9
16508,9,5,2.93,19.33
16509,10,5,3.22,17.9
16510,9,5,2.93,20.44
16511,10,5,3.81,18.9
16512,10,5,4.13,19.4
16513,9,5,3.27,22.11
16514,10,5,3.4,20.4
16515,9,5,2.33,23.22
16516,10,4,2.57,16.7
16517,10,4,2.63,12.7
16518,11,3,2.99,7.82
16519,10,2,2.46,4.5
16520,10,2,2.8,0.5
16521,10,2,3.36,0.7
16522,11,3,3.64,0.91
16523,12,4,4.2,1.17
16524,12,4,4.5,1.5
16525,11,4,4.06,2.0
16526,11,5,3.47,2.45
16527,11,6,3.8,3.0
16528,12,6,4.02,3.25
16529,11,6,3.52,4.09
16530,11,6,3.69,4.64
16531,12,6,3.98,4.75
16532,11,6,3.4,5.73
16533,12,6,3.86,5.75
16534,11,6,3.7,6.82
16535,11,6,4.06,7.36
16536,12,6,4.43,7.25
16537,11,6,4.11,8.45
16538,12,6,4.5,8.25
16539,11,6,3.76,9.55
16540,11,6,4.2,10.09
16541,11,6,3.66,10.64
16542,11,6,4.05,11.18
16543,12,6,4.3,10.75
16544,11,6,3.42,12.27
16545,12,6,3.84,11.75
16546,11,6,2.98,13.36
16547,11,6,3.28,13.91
16548,12,6,3.6,13.25
16549,12,6,3.88,13.75
16550,11,6,3.3,15.55
16551,12,6,3.62,14.75
16552,11,6,3.38,16.64
16553,11,6,3.83,17.18
16554,12,6,4.39,16.25
16555,11,6,4.08,18.27
16556,12,6,4.45,17.25
16557,11,6,3.94,19.36
16558,11,6,4.12,19.91
16559,11,6,3.37,20.45
16560,11,6,3.52,21.0
16561,12,5,3.25,16.0
16562,11,4,2.64,14.0
16563,12,4,2.61,9.75
16564,11,4,1.93,7.27
16565,11,3,2.2,4.0
16566,10,3,1.79,0.8
16567,10,4,2.35,1.2
16568,10,4,2.73,1.6
16569,10,5,3.05,2.1
16570,10,5,2.69,2.6
16571,10,5,2.95,3.1
16572,10,5,3.18,3.6
16573,10,5,2.77,4.1
16574,10,5,3.16,4.6
16575,11,5,3.33,4.64
16576,10,5,2.94,5.6
16577,10,5,3.04,6.1
16578,10,5,2.48,6.6
16579,10,5,2.8,7.1
16580,10,5,3.35,7.6
16581,9,5,2.98,9.0
16582,10,5,3.78,8.6
16583,9,5,3.43,10.11
16584,10,5,3.88,9.6
16585,9,5,3.05,11.22
16586,10,5,3.22,10.6
16587,10,5,3.45,11.1
16588,10,5,3.62,11.6
16589,10,5,3.21,12.1
16590,9,5,2.62,14.0
16591,10,5,3.11,13.1
16592,10,5,3.37,13.6
16593,10,5,3.51,14.1
16594,10,5,3.28,14.6
16595,10,5,3.45,15.1
16596,9,5,2.54,17.33
16597,10,5,3.11,16.1
16598,10,5,3.72,16.6
16599,9,5,2.96,19.0
16600,10,5,3.23,17.6
16601,10,5,3.83,18.1
16602,10,5,3.37,18.6
16603,10,5,3.44,19.1
16604,10,5,2.26,19.6
16605,10,5,2.09,20.1
16606,10,4,2.27,16.2
16607,10,4,1.25,12.3
16608,10,3,1.6,8.4
16609,10,3,2.22,4.5
16610,11,2,2.27,0.55
16611,11,4,2.89,0.91
16612,11,4,3.48,1.18
16613,12,4,4.07,1.33
16614,12,5,4.35,1.75
16615,11,6,3.89,2.45
16616,11,6,4.18,3.0
16617,10,6,3.29,3.9
16618,10,6,3.64,4.5
16619,9,6,2.56,5.67
16620,9,6,2.93,6.33
16621,8,6,1.96,7.88
16622,8,6,2.35,8.62
16623,8,6,2.59,9.38
16624,8,6,2.83,10.12
16625,8,6,2.78,10.88
16626,7,6,1.56,13.29
16627,6,6,0.0,16.5
16628,6,6,0.0,17.5
16629,6,6,0.0,18.5
16630,6,6,0.0,19.5
16631,6,6,0.0,20.5
16632,6,6,0.0,21.5
16633,6,6,0.0,22.5
16634,6,6,0.0,23.5
16635,6,6,0.0,24.5
16636,6,6,0.0,25.5
16637,6,6,0.0,26.5
16638,6,6,0.0,27.5
16639,6,6,0.0,28.5
16640,6,6,0.0,29.5
16641,6,6,0.0,30.5
16642,6,6,0.0,31.5
16643,6,6,0.0,32.5
16644,6,6,0.0,33.5
16645,6,6,0.0,34.5
16646,6,6,0.0,35.5
16647,6,6,0.0,36.5
16648,6,6,0.0,37.5
16649,6,6,0.0,38.5
16650,6,6,0.0,39.5
16651,6,5,0.25,33.0
16652,6,4,0.77,26.5
16653,6,3,1.52,20.0
16654,6,2,2.4,13.5
16655,6,1,3.27,6.83
16656,6,0,4.4,0.0
16657,5,0,4.43,0.0
16658,5,0,5.67,0.0
16659,5,0,6.68,0.0
16660,5,0,6.19,0.0
16661,5,0,6.91,0.0
16662,4,0,6.96,0.0
16663,5,0,7.52,0.0
16664,4,0,6.82,0.0
16665,5,0,6.67,0.0
16666,5,0,6.99,0.0
16667,4,0,5.78,0.0
16668,5,0,6.15,0.0
16669,5,0,6.68,0.0
16670,5,0,6.2,0.0
16671,5,0,6.55,0.0
16672,5,0,7.0,0.0
16673,5,0,6.28,0.0
16674,5,0,6.97,0.0
16675,5,0,6.14,0.0
16676,5,0,6.69,0.0
16677,4,0,5.81,0.0
16678,5,0,5.88,0.0
16679,5,0,6.79,0.0
16680,4,0,5.91,0.0
16681,5,0,6.24,0.0
16682,5,0,6.79,0.0
16683,5,0,5.5,0.0
16684,5,0,6.31,0.0
16685,5,0,6.77,0.0
16686,5,0,5.94,0.0
16687,5,0,6.56,0.0
16688,4,0,6.36,0.0
16689,5,0,6.9,0.0
16690,5,0,7.55,0.0
16691,5,0,6.31,0.0
16692,5,0,7.05,0.0
16693,5,0,5.91,0.0
16694,5,0,4.93,0.0
16695,6,1,3.82,0.17
16696,5,1,1.79,0.4
16697,5,2,0.9,0.8
16698,5,3,0.43,1.4
16699,6,4,0.28,1.83
16700,6,4,0.22,2.5
16701,6,5,0.06,3.33
16702,6,5,0.04,4.17
16703,6,5,0.03,5.0
16704,6,6,0.01,6.0
16705,6,6,0.0,7.0
16706,6,6,0.0,8.0
16707,6,6,0.0,9.0
16708,6,6,0.0,10.0
16709,6,6,0.0,11.0
16710,6,6,0.0,12.0
16711,6,6,0.0,13.0
16712,6,6,0.0,14.0
16713,6,6,0.0,15.0
16714,6,6,0.0,16.0
16715,6,6,0.0,17.0
16716,6,6,0.0,18.0
16717,6,6,0.0,19.0
16718,6,6,0.0,20.0
16719,6,6,0.0,21.0
16720,6,6,0.0,22.0
16721,6,6,0.0,23.0
16722,6,6,0.0,24.0
16723,6,6,0.0,25.0
16724,6,6,0.0,26.0
16725,6,6,0.0,27.0
16726,6,6,0.0,28.0
16727,6,6,0.0,29.0
16728,6,6,0.0,30.0
16729,6,6,0.0,31.0
16730,6,6,0.0,32.0
16731,6,6,0.0,33.0
16732,6,6,0.0,34.0
16733,6,6,0.0,35.0
16734,6,6,0.0,36.0
16735,6,6,0.0,37.0
16736,6,6,0.0,38.0
16737,6,6,0.0,39.0
16738,6,6,0.0,40.0
16739,6,6,0.0,41.0
16740,6,6,0.0,42.0
16741,6,5,0.33,35.17
16742,6,4,0.94,28.33
16743,6,3,1.69,21.33
16744,6,2,2.76,14.17
16745,6,1,3.85,7.0
16746,6,0,4.78,0.0
16747,5,0,4.81,0.0
16748,5,0,5.68,0.0
16749,5,0,6.84,0.0
16750,5,0,6.46,0.0
16751,5,0,7.1,0.0
16752,5,0,6.26,0.0
16753,5,0,6.82,0.0
16754,4,0,6.63,0.0
16755,5,0,6.35,0.0
16756,4,0,5.44,0.0
16757,5,0,5.19,0.0
16758,5,0,5.03,0.0
16759,5,0,5.45,0.0
16760,6,0,6.37,0.0
16761,5,0,6.28,0.0
16762,5,0,6.94,0.0
16763,5,0,6.47,0.0
16764,5,0,7.02,0.0
16765,4,0,6.28,0.0
16766,5,0,6.52,0.0
16767,5,0,7.39,0.0
16768,5,0,6.24,0.0
16769,5,0,6.73,0.0
16770,5,0,5.67,0.0
16771,5,0,6.14,0.0
16772,5,0,7.15,0.0
16773,5,0,5.97,0.0
16774,5,0,6.33,0.0
16775,4,0,4.97,0.0
16776,5,0,5.18,0.0
16777,5,0,5.81,0.0
16778,5,0,6.38,0.0
16779,5,0,5.83,0.0
16780,5,0,6.49,0.0
16781,5,0,5.85,0.0
16782,5,0,6.64,0.0
16783,4,0,4.88,0.0
16784,5,0,5.02,0.0
16785,5,0,4.72,0.0
16786,5,1,2.5,0.2
16787,5,2,1.69,0.6
16788,5,3,1.08,1.2
16789,6,3,0.26,1.5
16790,6,4,0.24,2.17
16791,6,4,0.21,2.83
16792,6,5,0.04,3.67
16793,6,6,0.02,4.67
16794,6,6,0.01,5.67
16795,6,6,0.0,6.67
16796,6,6,0.0,7.67
16797,6,6,0.0,8.67
16798,6,6,0.0,9.67
16799,6,6,0.0,10.67
16800,6,6,0.0,11.67
16801,6,6,0.0,12.67
16802,6,6,0.0,13.67
16803,6,6,0.0,14.67
16804,6,6,0.0,15.67
16805,6,6,0.0,16.67
16806,6,6,0.0,17.67
16807,6,6,0.0,18.67
16808,6,6,0.0,19.67
16809,6,6,0.0,20.67
16810,6,6,0.0,21.67
16811,6,6,0.0,22.67
16812,6,6,0.0,23.67
16813,6,6,0.0,24.67
16814,6,6,0.0,25.67
16815,6,6,0.0,26.67
16816,6,6,0.0,27.67
16817,6,6,0.0,28.67
16818,6,6,0.0,29.67
16819,6,6,0.0,30.67
16820,6,6,0.0,31.67
16821,6,6,0.0,32.67
16822,6,6,0.0,33.67
16823,6,6,0.0,34.67
16824,6,6,0.0,35.67
16825,6,6,0.0,36.67
16826,6,6,0.0,37.67
16827,6,6,0.0,38.67
16828,6,6,0.0,39.67
16829,6,6,0.0,40.67
16830,6,6,0.0,41.67
16831,6,5,0.31,35.0
16832,6,4,0.94,28.17
16833,6,3,1.85,21.17
16834,6,2,2.84,14.17
16835,6,1,3.92,7.17
16836,6,0,5.21,0.0
16837,5,0,4.96,0.0
16838,5,0,6.28,0.0
16839,4,0,6.12,0.0
16840,5,0,6.21,0.0
16841,5,0,7.26,0.0
16842,5,0,6.56,0.0
16843,5,0,7.02,0.0
16844,4,0,6.97,0.0
16845,5,0,7.16,0.0
16846,4,0,6.3,0.0
16847,5,0,6.2,0.0
16848,5,0,6.41,0.0
16849,6,0,5.69,0.0
16850,5,0,5.03,0.0
16851,5,0,5.59,0.0
16852,6,0,5.89,0.0
16853,5,0,5.78,0.0
16854,5,0,6.1,0.0
16855,5,0,5.52,0.0
16856,5,0,6.47,0.0
16857,5,0,7.68,0.0
16858,5,0,7.41,0.0
16859,4,0,6.78,0.0
16860,4,0,6.57,0.0
16861,5,0,6.62,0.0
16862,4,0,6.87,0.0
16863,5,0,7.12,0.0
16864,5,0,7.62,0.0
16865,4,0,6.87,0.0
16866,5,0,6.75,0.0
16867,4,0,5.75,0.0
16868,5,0,5.78,0.0
16869,5,0,6.38,0.0
16870,6,0,6.31,0.0
16871,5,0,5.7,0.0
16872,5,0,5.88,0.0
16873,5,0,4.72,0.0
16874,5,0,4.59,0.0
16875,5,1,3.92,0.2
16876,5,1,1.72,0.4
16877,5,1,1.41,0.6
16878,5,2,0.92,1.0
16879,6,3,0.11,1.33
16880,6,3,0.23,1.83
16881,6,5,0.12,2.67
16882,6,6,0.02,3.67
16883,6,6,0.01,4.67
16884,6,6,0.01,5.67
16885,6,6,0.0,6.67
16886,6,6,0.0,7.67
16887,6,6,0.0,8.67
16888,6,6,0.0,9.67
16889,6,6,0.0,10.67
16890,6,6,0.0,11.67
16891,6,6,0.0,12.67
16892,6,6,0.0,13.67
16893,6,6,0.0,14.67
16894,6,6,0.0,15.67
16895,6,6,0.0,16.67
16896,6,6,0.0,17.67
16897,6,6,0.0,18.67
16898,6,6,0.0,19.67
16899,6,6,0.0,20.67
16900,6,6,0.0,21.67
16901,6,6,0.0,22.67
16902,6,6,0.0,23.67
16903,6,6,0.0,24.67
16904,6,6,0.0,25.67
16905,6,6,0.0,26.67
16906,6,6,0.0,27.67
16907,6,6,0.0,28.67
16908,6,6,0.0,29.67
16909,6,6,0.0,30.67
16910,6,6,0.0,31.67
16911,6,6,0.0,32.67
16912,6,6,0.0,33.67
16913,6,6,0.0,34.67
16914,6,6,0.0,35.67
16915,6,6,0.0,36.67
16916,6,6,0.0,37.67
16917,6,6,0.0,38.67
16918,6,6,0.0,39.67
16919,6,6,0.0,40.67
16920,6,6,0.0,41.67
16921,6,5,0.39,34.83
16922,6,4,0.93,28.17
16923,6,3,1.83,21.33
16924,6,2,3.12,14.5
16925,6,1,4.38,7.33
16926,5,0,3.86,0.0
16927,5,0,4.93,0.0
16928,5,0,5.68,0.0
16929,4,0,5.06,0.0
16930,5,0,5.32,0.0
16931,5,0,6.14,0.0
16932,6,0,6.46,0.0
16933,5,0,6.01,0.0
16934,5,0,6.33,0.0
16935,5,0,5.7,0.0
16936,5,0,6.15,0.0
16937,5,0,6.36,0.0
16938,5,0,6.35,0.0
16939,5,0,6.77,0.0
16940,5,0,7.6,0.0
16941,5,0,7.07,0.0
16942,4,0,6.45,0.0
16943,5,0,6.33,0.0
16944,5,0,6.69,0.0
16945,4,0,6.38,0.0
16946,5,0,6.79,0.0
16947,5,0,7.07,0.0
16948,5,0,6.62,0.0
16949,5,0,6.68,0.0
16950,5,0,7.05,0.0
16951,5,0,6.14,0.0
16952,5,0,6.69,0.0
16953,5,0,5.77,0.0
16954,5,0,6.27,0.0
16955,5,0,6.55,0.0
16956,5,0,6.29,0.0
16957,5,0,6.81,0.0
16958,4,0,6.32,0.0
16959,5,0,6.72,0.0
16960,5,0,7.16,0.0
16961,5,0,6.21,0.0
16962,5,0,6.75,0.0
16963,5,0,5.66,0.0
16964,5,0,5.0,0.0
16965,6,0,3.96,0.0
16966,5,1,1.78,0.2
16967,5,2,0.72,0.6
16968,5,2,0.58,1.0
16969,6,3,0.26,1.33
16970,6,3,0.2,1.83
16971,6,4,0.14,2.5
16972,6,4,0.08,3.17
16973,6,5,0.04,4.0
16974,6,6,0.01,5.0
16975,6,6,0.0,6.0
16976,6,6,0.0,7.0
16977,6,6,0.0,8.0
16978,6,6,0.0,9.0
16979,6,6,0.0,10.0
16980,6,6,0.0,11.0
16981,6,6,0.0,12.0
16982,6,6,0.0,13.0
16983,6,6,0.0,14.0
16984,6,6,0.0,15.0
16985,6,6,0.0,16.0
16986,6,6,0.0,17.0
16987,6,6,0.0,18.0
16988,6,6,0.0,19.0
16989,6,6,0.0,20.0
16990,6,6,0.0,21.0
16991,6,6,0.0,22.0
16992,6,6,0.0,23.0
16993,6,6,0.0,24.0
16994,6,6,0.0,25.0
16995,6,6,0.0,26.0
16996,6,6,0.0,27.0
16997,6,6,0.0,28.0
16998,6,6,0.0,29.0
16999,6,6,0.0,30.0
17000,6,6,0.0,31.0
17001,6,6,0.0,32.0
17002,6,6,0.0,33.0
17003,6,6,0.0,34.0
17004,6,6,0.0,35.0
17005,6,6,0.0,36.0
17006,6,6,0.0,37.0
17007,6,6,0.0,38.0
17008,6,6,0.0,39.0
17009,6,6,0.0,40.0
17010,6,6,0.0,41.0
17011,6,5,0.4,34.33
17012,6,4,0.97,27.5
17013,6,3,1.76,20.67
17014,6,2,2.9,13.83
17015,6,1,4.17,7.0
17016,6,0,5.41,0.0
17017,5,0,5.67,0.0
17018,5,0,6.53,0.0
17019,5,0,5.92,0.0
17020,5,0,6.81,0.0
17021,5,0,7.78,0.0
17022,5,0,6.63,0.0
17023,4,0,6.22,0.0
17024,4,0,6.97,0.0
17025,5,0,6.92,0.0
17026,4,0,6.22,0.0
17027,5,0,6.62,0.0
17028,5,0,7.3,0.0
17029,4,0,6.58,0.0
17030,5,0,6.82,0.0
17031,5,0,7.56,0.0
17032,4,0,6.62,0.0
17033,5,0,7.2,0.0
17034,4,0,6.61,0.0
17035,5,0,6.7,0.0
17036,5,0,7.39,0.0
17037,5,0,6.36,0.0
17038,5,0,7.14,0.0
17039,4,0,6.7,0.0
17040,5,0,6.45,0.0
17041,5,0,7.24,0.0
17042,4,0,6.51,0.0
17043,5,0,6.6,0.0
17044,5,0,6.9,0.0
17045,5,0,6.02,0.0
17046,5,0,6.58,0.0
17047,5,0,7.35,0.0
17048,5,0,6.61,0.0
17049,5,0,7.55,0.0
17050,4,0,6.87,0.0
17051,5,0,7.44,0.0
17052,4,0,7.04,0.0
17053,5,0,6.87,0.0
17054,5,0,6.9,0.0
17055,5,0,4.99,0.0
17056,5,0,4.62,0.0
17057,6,1,3.64,0.17
17058,5,1,1.64,0.4
17059,5,2,0.87,0.8
17060,6,3,0.23,1.17
17061,6,4,0.17,1.83
17062,6,4,0.17,2.5
17063,6,4,0.06,3.17
17064,6,5,0.05,4.0
17065,6,6,0.01,5.0
17066,6,6,0.01,6.0
17067,6,6,0.0,7.0
17068,6,6,0.0,8.0
17069,6,6,0.0,9.0
17070,6,6,0.0,10.0
17071,6,6,0.0,11.0
17072,6,6,0.0,12.0
17073,6,6,0.0,13.0
17074,6,6,0.0,14.0
17075,6,6,0.0,15.0
17076,6,6,0.0,16.0
17077,6,6,0.0,17.0
17078,6,6,0.0,18.0
17079,6,6,0.0,19.0
17080,6,6,0.0,20.0
17081,6,6,0.0,21.0
17082,6,6,0.0,22.0
17083,6,6,0.0,23.0
17084,6,6,0.0,24.0
17085,6,6,0.0,25.0
17086,6,6,0.0,26.0
17087,6,6,0.0,27.0
17088,6,6,0.0,28.0
17089,6,6,0.0,29.0
17090,6,6,0.0,30.0
17091,6,6,0.0,31.0
17092,6,6,0.0,32.0
17093,6,6,0.0,33.0
17094,6,6,0.0,34.0
17095,6,6,0.0,35.0
17096,6,6,0.0,36.0
17097,6,6,0.0,37.0
17098,6,6,0.0,38.0
17099,6,6,0.0,39.0
17100,6,6,0.0,40.0
17101,6,5,0.29,33.5
17102,6,4,0.76,27.0
17103,6,3,1.62,20.33
17104,6,2,2.12,13.5
17105,6,1,3.2,6.83
17106,6,0,4.45,0.0
17107,6,0,5.58,0.0
17108,5,0,5.66,0.0
17109,5,0,6.31,0.0
17110,5,0,5.48,0.0
17111,5,0,6.55,0.0
17112,5,0,7.57,0.0
17113,5,0,7.32,0.0
17114,4,0,6.71,0.0
17115,5,0,6.81,0.0
17116,5,0,7.43,0.0
17117,4,0,6.73,0.0
17118,5,0,7.02,0.0
17119,4,0,6.33,0.0
17120,5,0,6.34,0.0
17121,5,0,7.35,0.0
17122,4,0,8.72,0.0
17123,5,0,9.46,0.0
17124,5,0,9.41,0.0
17125,5,0,8.34,0.0
17126,5,0,8.74,0.0
17127,6,0,8.41,0.0
17128,5,0,8.0,0.0
17129,6,0,7.5,0.0
17130,5,0,7.21,0.0
17131,5,0,6.31,0.0
17132,5,0,6.42,0.0
17133,5,0,7.26,0.0
17134,5,0,6.9,0.0
17135,5,0,7.71,0.0
17136,4,0,6.64,0.0
17137,5,0,6.96,0.0
17138,4,0,7.53,0.0
17139,4,0,7.74,0.0
17140,4,0,8.31,0.0
17141,3,0,7.49,0.0
17142,3,0,7.31,0.0
17143,2,0,4.53,0.0
17144,2,0,4.29,0.0
17145,2,0,4.87,0.0
17146,1,0,0.17,0.0
17147,1,1,0.0,1.0
17148,1,1,0.0,2.0
17149,1,1,0.0,3.0
17150,1,1,0.0,4.0
17151,1,1,0.0,5.0
17152,1,1,0.0,6.0
17153,1,1,0.0,7.0
17154,1,1,0.0,8.0
17155,1,1,0.0,9.0
17156,1,1,0.0,10.0
17157,1,1,0.0,11.0
17158,1,1,0.0,12.0
17159,1,1,0.0,13.0
17160,1,1,0.0,14.0
17161,1,1,0.0,15.0
17162,1,1,0.0,16.0
17163,1,1,0.0,17.0
17164,1,1,0.0,18.0
17165,1,1,0.0,19.0
17166,1,1,0.0,20.0
17167,1,1,0.0,21.0
17168,1,1,0.0,22.0
17169,1,1,0.0,23.0
17170,1,1,0.0,24.0
17171,1,1,0.0,25.0
17172,1,1,0.0,26.0
17173,1,1,0.0,27.0
17174,1,1,0.0,28.0
17175,1,1,0.0,29.0
17176,1,1,0.0,30.0
17177,1,1,0.0,31.0
17178,1,1,0.0,32.0
17179,1,1,0.0,33.0
17180,1,1,0.0,34.0
17181,1,1,0.0,35.0
17182,1,1,0.0,36.0
17183,1,1,0.0,37.0
17184,1,1,0.0,38.0
17185,1,1,0.0,39.0
17186,1,1,0.0,40.0
17187,1,1,0.0,41.0
17188,1,1,0.0,42.0
17189,1,1,0.0,43.0
17190,1,1,0.0,44.0
17191,1,0,1.31,0.0
17192,1,0,3.3,0.0
17193,1,0,5.82,0.0
17194,1,0,7.72,0.0
17195,1,0,9.59,0.0
17196,1,0,12.11,0.0
17197,0,0,0.0,0.0
